sample_id,path,sha256,original_sha256,actions,replay_prefix_steps,task_name,s_stage,d_stage
ea39e90d3d21_rollout_task2_put_the_wine_bottle_on_top_of_the_cabinet_failure_ep24_step39_20260408_125426,libero/train/ea39e90d3d21_rollout_task2_put_the_wine_bottle_on_top_of_the_cabinet_failure_ep24_step39_20260408_125426.json,b1c94c429093e9faad7e366431bdaaab4755c24896620f230e58e682c2e62b02,486ccac5d621e2e2824c2044e30068cc0617abccd9777c4f30ea16c7591c5d6e,40,40,libero_goal/2,Approach,Wrong Pose
1dd3b3c0a00d_rollout_put_the_white_mug_on_the_plate_and_put_the_chocolate_pudding_to_the_right_of_the_plate_failure_ep13_step178_20260408_100637,libero/train/1dd3b3c0a00d_rollout_put_the_white_mug_on_the_plate_and_put_the_chocolate_pudding_to_the_right_of_the_plate_failure_ep13_step178_20260408_100637.json,889aeaf19f168ec3f52b9b79812a7132a9f67d3740490a16d2dd03d3513bc2b6,5f8e837ec470c368f40b2ce92648dec9943ff862ccb2c37f53d7f1cc0822f899,179,179,libero_10/6,Approach,Wrong Pose
3d069d303113_rollout_put_the_white_mug_on_the_plate_and_put_the_chocolate_pudding_to_the_right_of_the_plate_failure_ep35_step151_20260428_092600,libero/train/3d069d303113_rollout_put_the_white_mug_on_the_plate_and_put_the_chocolate_pudding_to_the_right_of_the_plate_failure_ep35_step151_20260428_092600.json,70e825a479fd9beb7ab36d6f0a84b6bb69a7f116aef0fac46ff7672b7fbcd4a3,6f21c2240e262e9d356d900cce9d261710b390d908bb6406c5cae99dca0240cb,152,152,libero_10/6,Approach,Wrong Pose
3d595b53650a_rollout_put_both_the_cream_cheese_box_and_the_butter_in_the_basket_failure_ep8_step280_20260428_080046,libero/train/3d595b53650a_rollout_put_both_the_cream_cheese_box_and_the_butter_in_the_basket_failure_ep8_step280_20260428_080046.json,2f4ce2f90a28bf818b18a1542325a8b4f09ed62f07d771e7794a86fe2bc10a17,91c21ac03a5be1f2601a966da8051866f350f2d7c95040518b088da8f33baa76,281,281,libero_10/1,Approach,Wrong Pose
b39dcda26177_rollout_pick_up_the_tomato_sauce_and_place_it_in_the_basket_failure_ep4_step91_20260427_164920,libero/train/b39dcda26177_rollout_pick_up_the_tomato_sauce_and_place_it_in_the_basket_failure_ep4_step91_20260427_164920.json,d90d143113cc9081e5116379a2598908ed6150bcadab894c2dac12f1f1aea83b,e844c5904da817f157de68efc8b3992220a5e4cd816d3b41d587cc3d7e06c98d,92,92,libero_object/5,Approach,Wrong Pose
0239b9af2926_libero_spatial_pick_the_akita_black_bowl_between_the_plate_and_the_ramekin_and_place_it_on_the_plate_20260421_204341,libero/train/0239b9af2926_libero_spatial_pick_the_akita_black_bowl_between_the_plate_and_the_ramekin_and_place_it_on_the_plate_20260421_204341.json,a30666bf7e12599b0aec975defedb0289588790b35337b55e86214bdc26cd965,b995da9b58716d7844e6a3fdf62279c31bbceed2a9c1df33dd22d595089dc9a2,150,150,libero_spatial/0,Approach,Wrong Pose
7ae945264db0_rollout_put_the_bowl_on_top_of_the_cabinet_failure_ep10_step101_20260426_101528,libero/train/7ae945264db0_rollout_put_the_bowl_on_top_of_the_cabinet_failure_ep10_step101_20260426_101528.json,39b0b8e21f8742903756e30423b9e426bdc16e5556475a2296d0a16f82004960,e763c9c4a8bb0751e040970ba73492b299f21dfcd7b6766311fad98588de8643,102,102,libero_goal/4,Approach,Wrong Target
00ae3e5fced2_rollout_put_both_the_alphabet_soup_and_the_cream_cheese_box_in_the_basket_failure_ep6_step128_20260423_075821,libero/train/00ae3e5fced2_rollout_put_both_the_alphabet_soup_and_the_cream_cheese_box_in_the_basket_failure_ep6_step128_20260423_075821.json,ab4fbc29c3818ac861d7f194797484fb79064c7c9a972c8918c434a198742e47,3a0da43fa74f18f3ae841b7f658f209b4ef3c7361518a833f30a7f94769c7e84,129,129,libero_10/7,Approach,Wrong Target
98391ca0ec9b_rollout_pick_up_the_black_bowl_on_the_ramekin_and_place_it_on_the_plate_failure_ep45_step24_20260408_104601,libero/train/98391ca0ec9b_rollout_pick_up_the_black_bowl_on_the_ramekin_and_place_it_on_the_plate_failure_ep45_step24_20260408_104601.json,a13461ae82c73c9226f02d053cffddf878797e4b60431182235c47858b4a3b39,a0829086a25e655b1c7a216ef1e28c2533b0485426a152137bec46adcee8f937,25,25,libero_spatial/5,Approach,Wrong Target
959462f11f61_rollout_pick_up_the_black_bowl_next_to_the_cookie_box_and_place_it_on_the_plate_failure_ep12_step61_20260427_094350,libero/train/959462f11f61_rollout_pick_up_the_black_bowl_next_to_the_cookie_box_and_place_it_on_the_plate_failure_ep12_step61_20260427_094350.json,0ca7f22b77a55ff6290221b1f244a33dc03408871de942735798fad8257c07e3,74ded39ac6d0330057779e0841e6ae6e8955ddff38c0efcfda073453b1f6afa4,62,62,libero_spatial/6,Approach,Wrong Target
991ec031ea34_rollout_pick_up_the_black_bowl_next_to_the_plate_and_place_it_on_the_plate_failure_ep12_step48_20260427_101313,libero/train/991ec031ea34_rollout_pick_up_the_black_bowl_next_to_the_plate_and_place_it_on_the_plate_failure_ep12_step48_20260427_101313.json,feda969e80331dcfe1c5bd47fb6492710f52102c3f062f096e78e3f68e0073d1,c4e72382708f5407ff2565cfec414d83ae04423c9116eb178f74c994df6509f0,49,49,libero_spatial/8,Approach,Wrong Target
edd43aa86583_rollout_pick_up_the_tomato_sauce_and_place_it_in_the_basket_failure_ep0_step258_20260427_163639,libero/train/edd43aa86583_rollout_pick_up_the_tomato_sauce_and_place_it_in_the_basket_failure_ep0_step258_20260427_163639.json,cd89e0ec17a42b5df078d41b6206eec2aab0d1f02533e39c265d9264416238e2,7f3b4247f76b46f121db59f7254742b087bb148a7add2ce8a2ac3c2a10c1ba0a,259,259,libero_object/5,Approach,Stage Rollback
67916bb3c7cf_rollout_pick_up_the_black_bowl_between_the_plate_and_the_ramekin_and_place_it_on_the_plate_failure_ep2_step78_20260427_092659,libero/train/67916bb3c7cf_rollout_pick_up_the_black_bowl_between_the_plate_and_the_ramekin_and_place_it_on_the_plate_failure_ep2_step78_20260427_092659.json,b0ce3ebce807daed7255fb69b8b9d84de99909c0fd706d1d1068f669ff5e59f1,6467913163fcb977ed9e7d989dbfd94cace68bd42851c23fb23cc60dc5f7c534,79,79,libero_spatial/0,Approach,Stage Rollback
db76826f0571_rollout_pick_up_the_black_bowl_next_to_the_plate_and_place_it_on_the_plate_failure_ep22_step117_20260427_101504,libero/train/db76826f0571_rollout_pick_up_the_black_bowl_next_to_the_plate_and_place_it_on_the_plate_failure_ep22_step117_20260427_101504.json,bb0e7a63abcbdfd5e26b26a25f38e82c43cc50b2eb056f0ca0f17b3458f59c9d,ec35c8c3303b93ad68b6e50d0c0a88e1ecfc2064377c3ac9ffed0a59b9ac736d,118,118,libero_spatial/8,Approach,Stage Rollback
a12255bc53de_rollout_pick_up_the_black_bowl_on_the_wooden_cabinet_and_place_it_on_the_plate_failure_ep35_step86_20260427_105813,libero/train/a12255bc53de_rollout_pick_up_the_black_bowl_on_the_wooden_cabinet_and_place_it_on_the_plate_failure_ep35_step86_20260427_105813.json,1e1069503c1f8a5748f940ba00675eed0f31d15c75035c4ee68841d1d5271da4,82ec74a2337c1eddc33430737f4b124f17f5ac82a49fea36da2d534ae308d356,87,87,libero_spatial/9,Approach,Stage Rollback
8709d4a25f3f_rollout_pick_up_the_black_bowl_on_the_wooden_cabinet_and_place_it_on_the_plate_failure_ep0_step86_20260427_105427,libero/train/8709d4a25f3f_rollout_pick_up_the_black_bowl_on_the_wooden_cabinet_and_place_it_on_the_plate_failure_ep0_step86_20260427_105427.json,d8c7ccd9d58805be0ded97217cf569546ec0f4169bb131937db1d3c5fcb010f5,07f97eee2e7820c8b7892d61990c3fb195f473ae73e27f2d4950ea5ca9cda114,87,87,libero_spatial/9,Approach,Stage Rollback
568e5d165803_rollout_put_the_bowl_on_top_of_the_cabinet_failure_ep23_step76_20260408_131418,libero/train/568e5d165803_rollout_put_the_bowl_on_top_of_the_cabinet_failure_ep23_step76_20260408_131418.json,514de63dc5e926fdf76c4f3af8c4438f5aabe52099d1cb4d864c0db3511e3c30,cc7cd4b75ec03a2476dc47602ef14e5ddd9992224affadb56f78e09bde2797f4,77,77,libero_goal/4,Approach,Stage Rollback
dff2ad758248_rollout_put_the_bowl_on_the_stove_failure_ep11_step127_20260426_092955,libero/train/dff2ad758248_rollout_put_the_bowl_on_the_stove_failure_ep11_step127_20260426_092955.json,5ac8f613dab254a4158af3f78f2a689309d1e7e1661a90953c868ccdcd294cad,6e04a60e77a1805ab5429361a0482f6ce83b78f9defbcaaa68f1d633d3096245,128,128,libero_goal/1,Approach,Stage Rollback
2ca4330d7ddc_rollout_put_the_white_mug_on_the_left_plate_and_put_the_yellow_and_white_mug_on_the_right_plate_failure_ep47_step93_20260428_090021,libero/train/2ca4330d7ddc_rollout_put_the_white_mug_on_the_left_plate_and_put_the_yellow_and_white_mug_on_the_right_plate_failure_ep47_step93_20260428_090021.json,7ba825531ea75b03d702ee56520676f3107f89d46376a03fe6fc256496195f0a,f83312bee907a0c7e774c5c7cb884ad2919c4dd5220c75a27e8cd90a31667c44,94,94,libero_10/4,Approach,Stage Rollback
56d8b3c3d574_libero_spatial_pick_the_akita_black_bowl_next_to_the_cookies_box_and_place_it_on_the_plate_20260506_153528,libero/train/56d8b3c3d574_libero_spatial_pick_the_akita_black_bowl_next_to_the_cookies_box_and_place_it_on_the_plate_20260506_153528.json,5c7fc7b482a2b81b277715165a329a1c1380c161427ba3bf5bd650492ef22f3e,1fb7691b29b14e88d33ca8985c4caef4a323c6c936ee40e3f38e447009585aa0,162,162,libero_spatial/6,Approach,Stage Rollback
04a10fcbe4e9_rollout_pick_up_the_bbq_sauce_and_place_it_in_the_basket_failure_ep27_step174_20260427_111926,libero/train/04a10fcbe4e9_rollout_pick_up_the_bbq_sauce_and_place_it_in_the_basket_failure_ep27_step174_20260427_111926.json,e31ce6249c0ce4c6c48f7bbc27c107c2311c8b6f87ca386a003043a7f9839268,7bfe65ad0772b125cde32a2c9514c601f4022d57bf417d79a8173a6a81f45f6f,175,175,libero_object/3,Approach,Scene Change
0465987e2214_rollout_put_the_wine_bottle_on_top_of_the_cabinet_failure_ep0_step85_20260426_155201,libero/train/0465987e2214_rollout_put_the_wine_bottle_on_top_of_the_cabinet_failure_ep0_step85_20260426_155201.json,45a28fb236c12cfe6a12334e35774bb24d50b5c30d39fa9b4bac9913c4af6719,c14331d2385e09a64e0d697ba9e9df622fec24b3a670c51b9ba6d87cf108623d,86,86,libero_goal/2,Approach,Scene Change
e9f0d733a2c4_rollout_pick_up_the_book_and_place_it_in_the_back_compartment_of_the_caddy_failure_ep11_step283_20260428_050502,libero/train/e9f0d733a2c4_rollout_pick_up_the_book_and_place_it_in_the_back_compartment_of_the_caddy_failure_ep11_step283_20260428_050502.json,e8d3e4ed6441fd914cddff806760e2cd0417888b802fcca821b538fbfdaa7c8e,5f952e921e5e6bf9ee80fb72fa8e92936ba629129ef79b9bd9aff331f2d0abb8,284,284,libero_10/5,Contact,Wrong Pose
d0e6de913178_rollout_push_the_plate_to_the_front_of_the_stove_failure_ep5_step63_20260501_154352,libero/train/d0e6de913178_rollout_push_the_plate_to_the_front_of_the_stove_failure_ep5_step63_20260501_154352.json,522540a46fa4218512085af1fca6d6f86ab93092e863da6d9cf6b3d5f9c36194,2134e53c38bb198b3e0a4a05cd373fbd11a58b20e045d4cebf8b784208a5eb13,64,64,libero_goal/5,Contact,Wrong Pose
7543768420f5_rollout_turn_on_the_stove_and_put_the_moka_pot_on_it_failure_ep43_step211_20260428_112133,libero/train/7543768420f5_rollout_turn_on_the_stove_and_put_the_moka_pot_on_it_failure_ep43_step211_20260428_112133.json,14b0361021b563d7b12cea8d8fccc188a15a9c41b20430e1bd0cbd5218f2f949,56280c4b51c9952e4cdcbf7b76cf8f4b2ee9d9215e6ac3fafb950dcd1e220171,212,212,libero_10/2,Contact,Wrong Pose
ddaf52251694_rollout_put_both_the_alphabet_soup_and_the_cream_cheese_box_in_the_basket_failure_ep40_step202_20260428_073919,libero/train/ddaf52251694_rollout_put_both_the_alphabet_soup_and_the_cream_cheese_box_in_the_basket_failure_ep40_step202_20260428_073919.json,d13dc8111ef723c83bebb50416c3e0d92967a849c8c8bd21da154e4e586c21c0,e29c45b0d804b74d8da3b7ed8089a582110714ceacc8d492c2ea9c574a26b12b,203,203,libero_10/7,Contact,Wrong Pose
138022ebf362_rollout_open_the_middle_drawer_of_the_cabinet_failure_ep29_step133_20260426_074344,libero/train/138022ebf362_rollout_open_the_middle_drawer_of_the_cabinet_failure_ep29_step133_20260426_074344.json,8418d5386c57a4748a88c1622e31f5dfabb8b9750ee91e81a9b0272667a5ac32,f98d72d0e11170e435d33d43aa163a88b0648377a51aaab122898d6d0396bdd5,134,134,libero_goal/0,Move,Wrong Pose
ba68e25b6452_rollout_open_the_middle_drawer_of_the_cabinet_failure_ep32_step108_20260426_074504,libero/train/ba68e25b6452_rollout_open_the_middle_drawer_of_the_cabinet_failure_ep32_step108_20260426_074504.json,c717dc689a35242cdf7d4341f4a8f53134e55b045e0dbd04cd2b62b94ad6556a,72717c9b7e11ea1487bf4b8850420591b2e0f4eb082b868b9f8b5f4e971f2bc8,109,109,libero_goal/0,Move,Wrong Pose
6a34ddd75ed4_rollout_pick_up_the_black_bowl_next_to_the_cookie_box_and_place_it_on_the_plate_failure_ep22_step225_20260427_094548,libero/train/6a34ddd75ed4_rollout_pick_up_the_black_bowl_next_to_the_cookie_box_and_place_it_on_the_plate_failure_ep22_step225_20260427_094548.json,0d64a03b77e67ab8d1f2fab516d63e9316c0004f954227f62322aee457e25b6f,8699191e47ab6d518f218ed617b7ec31279f92b9abb801b47983114ee99c8d71,226,226,libero_spatial/6,Place,Wrong Pose
125bedf219c6_rollout_put_the_bowl_on_the_plate_failure_ep3_step78_20260426_085213,libero/train/125bedf219c6_rollout_put_the_bowl_on_the_plate_failure_ep3_step78_20260426_085213.json,455eef3da354100ddefb73708ed86f1e35219eb95b6f0c8a8865add71db4f1b7,ddbe71a1076f147cecb6454dec443919623b5bd72a344926b967201519197f97,79,79,libero_goal/8,Place,Wrong Pose
54941c5b2240_rollout_pick_up_the_bbq_sauce_and_place_it_in_the_basket_failure_ep40_step179_20260427_112232,libero/train/54941c5b2240_rollout_pick_up_the_bbq_sauce_and_place_it_in_the_basket_failure_ep40_step179_20260427_112232.json,13190f930c025586c07d2a62398e6a57a7171f946ba453be13a738b86b5e09d6,61e527b26af1378755de6a7c40f42562abebaace59c9cbdbf6b6d8f2f0bc2c84,180,180,libero_object/3,Place,Wrong Pose
d9364808838a_rollout_pick_up_the_black_bowl_between_the_plate_and_the_ramekin_and_place_it_on_the_plate_failure_ep8_step160_20260426_164640,libero/train/d9364808838a_rollout_pick_up_the_black_bowl_between_the_plate_and_the_ramekin_and_place_it_on_the_plate_failure_ep8_step160_20260426_164640.json,b6e48fd0c0c55b2587e9a2073a48db4870e2062d6b8b0f66026651fdffcab8cf,ca9a9134891eb1ff191d9e52af0b511023570d36e60819c7ddf8bc7520cbc214,161,161,libero_spatial/0,Place,Wrong Target
9dd23ad42c73_rollout_put_the_cream_cheese_in_the_bowl_failure_ep28_step154_20260426_110530,libero/train/9dd23ad42c73_rollout_put_the_cream_cheese_in_the_bowl_failure_ep28_step154_20260426_110530.json,a417cc14413ff351a10460adbcc7fd26de30adcfa746453a8482f5a9da1a4acc,fdf677f24fb7870a4e144af3ae83790196c39f74dd899a856f52aca03840bbb6,155,155,libero_goal/6,Place,Wrong Target
ac36825b3555_rollout_pick_up_the_black_bowl_next_to_the_cookie_box_and_place_it_on_the_plate_failure_ep0_step149_20260426_165709,libero/train/ac36825b3555_rollout_pick_up_the_black_bowl_next_to_the_cookie_box_and_place_it_on_the_plate_failure_ep0_step149_20260426_165709.json,3ee7f6b6a99dba2109065db60f2273f72211401d46554866f340bc2ec439ca0b,d8f0de48b6755575bc646c79b477d74fe7c33b7a0a7cc75009e56d76695c25f7,150,150,libero_spatial/6,Place,Wrong Target
478bd07d93ef_libero_object_pick_the_cream_cheese_and_place_it_in_the_basket_20260504_171125,libero/train/478bd07d93ef_libero_object_pick_the_cream_cheese_and_place_it_in_the_basket_20260504_171125.json,5886a8cab90fbed5c67d47b155e623a994571a2d24f06a20457c404c24927bb3,f86ab8640f3830590e21e070885319d810f05fd05881462b27d08d1cba37d91a,708,708,libero_object/1,Place,Scene Change
6ea39a50c654_libero_object_pick_the_bbq_sauce_and_place_it_in_the_basket_20260504_172050,libero/train/6ea39a50c654_libero_object_pick_the_bbq_sauce_and_place_it_in_the_basket_20260504_172050.json,0aa1c0b7a6fb57952f528ee9d4218be483c3d25661f2212d03b9deff39d3291e,f20a8c85ec00d2c25de639d356979561d56055e1cb43362a4be5104f99cd6850,599,599,libero_object/3,Place,Scene Change
e86e94afe834_libero_10_put_both_moka_pots_on_the_stove_20260506_154832,libero/train/e86e94afe834_libero_10_put_both_moka_pots_on_the_stove_20260506_154832.json,64defd36c9e68105d23eb5789b15547f967f1db6743df0f544b7fbc8f83dd56d,d76f4129ebff5d451b15426d2cea4cbdd86ee510e5b72d8b523e7b3e95415942,527,527,libero_10/8,Approach,Stage Rollback
cf73f1582359_libero_10_put_both_the_alphabet_soup_and_the_cream_cheese_box_in_the_basket_20260506_153258,libero/train/cf73f1582359_libero_10_put_both_the_alphabet_soup_and_the_cream_cheese_box_in_the_basket_20260506_153258.json,c8d0acbed1dbc1bff530ed705bb5716b0fbdb3c26d3c3301c98a313d774ff9fe,d28578e75e0c43144f5b3d1ba82a1e6864d4c1e5f6af5f65eda1ad4aa105eb8f,197,197,libero_10/7,Approach,Stage Rollback
ec0aa1d5498b_libero_10_put_both_the_cream_cheese_box_and_the_butter_in_the_basket_20260506_153734,libero/train/ec0aa1d5498b_libero_10_put_both_the_cream_cheese_box_and_the_butter_in_the_basket_20260506_153734.json,15be6cff854d06005e4fcb6c39818e895fc824ecedcd451aa96590c04b60723d,70f9c3e1fc67db8ee8f4406292fa2ba381bcc5a7de2132f9cf111df7a464ec1f,182,182,libero_10/1,Approach,Stage Rollback
118fe9e464e9_libero_10_put_the_white_mug_on_the_left_plate_and_put_the_yellow_and_white_mug_on_the_right_plate_20260506_154004,libero/train/118fe9e464e9_libero_10_put_the_white_mug_on_the_left_plate_and_put_the_yellow_and_white_mug_on_the_right_plate_20260506_154004.json,9510c8545957ca006ccb8c911a15b0ae9a93975a0bd637c69ac5d49b797eb176,83c948c30954bd1d72986008db4503f949c3f6d8ec961d616d2b025ed272754d,173,173,libero_10/4,Approach,Stage Rollback
6a1b82fa13a4_libero_object_pick_the_orange_juice_and_place_it_in_the_basket_20260506_153543,libero/train/6a1b82fa13a4_libero_object_pick_the_orange_juice_and_place_it_in_the_basket_20260506_153543.json,b12e16ab7424c4cf2e0ac755567a756f16b4647db963dc22df090fee998872cb,695dc951bdbbf50881993a87617cd5b014a0cfb63570512549cb248f2999e829,226,226,libero_object/9,Approach,Stage Rollback
abff8e46e27a_libero_object_pick_the_tomato_sauce_and_place_it_in_the_basket_20260506_153922,libero/train/abff8e46e27a_libero_object_pick_the_tomato_sauce_and_place_it_in_the_basket_20260506_153922.json,1467569cc8f6887411a0631dd5b13d70a894d35c853f79b5aa5e65b0aa68996c,cffd47e7fe781890c4e7de8af7c4bc76ee86c1da8e7c139153795e288d4ebfb5,357,357,libero_object/5,Approach,Stage Rollback
c67f61f76ce4_libero_spatial_pick_the_akita_black_bowl_from_table_center_and_place_it_on_the_plate_20260506_153315,libero/train/c67f61f76ce4_libero_spatial_pick_the_akita_black_bowl_from_table_center_and_place_it_on_the_plate_20260506_153315.json,ce9c411a33658a97d622f07fb8a627a8fd95bac3a1da866d1237af8ea66a141d,44acee84a3b87fcc259e625c5dddc9f1401780eb1f55eaaf3b5eb3e3d7f0a78c,168,168,libero_spatial/2,Approach,Stage Rollback
cff69f983c7d_libero_spatial_pick_the_akita_black_bowl_in_the_top_layer_of_the_wooden_cabinet_and_place_it_on_the_plate_20260506_154211,libero/train/cff69f983c7d_libero_spatial_pick_the_akita_black_bowl_in_the_top_layer_of_the_wooden_cabinet_and_place_it_on_the_plate_20260506_154211.json,ec44581890042c15fd65186106a9553805f12fecc7a436005ab5f45272752a1b,241478b3f6c01c61685e47dd142b97afc411330fb1abc8bb0872b71d07ffbfad,165,165,libero_spatial/4,Approach,Stage Rollback
7b5c76749fd2_libero_10_put_both_moka_pots_on_the_stove_20260421_165958,libero/train/7b5c76749fd2_libero_10_put_both_moka_pots_on_the_stove_20260421_165958.json,286fe905ef851583fdc23bf7a0956b29df38b03315dcbaf2fe7937679fb99905,ad45b7b23209a7bc3fb0d8f843646cefe161f1d801f293ae8c8f3841935cc5ab,572,572,libero_10/8,Approach,Wrong Pose
f30b2dbb42d2_libero_10_put_the_black_bowl_in_the_bottom_drawer_of_the_cabinet_and_close_it_20260421_165300,libero/train/f30b2dbb42d2_libero_10_put_the_black_bowl_in_the_bottom_drawer_of_the_cabinet_and_close_it_20260421_165300.json,b974dcbbd34770997900d4801c780c3531822e911b21d4cf7fad13d3f46c610c,dbd24a7240a15cacd42b9b1ec853d1347ee5abbe6e7c7e4e757dc342034b8c53,340,340,libero_10/3,Approach,Wrong Pose
b90e5a491347_libero_goal_push_the_plate_to_the_front_of_the_stove_20260421_170458,libero/train/b90e5a491347_libero_goal_push_the_plate_to_the_front_of_the_stove_20260421_170458.json,61a602fd0e574d06072869ea4b61d42d7abefe558a03c81b5af1e2b710a6a83b,9076c6ea70bcabca7edec543f23f69b7b2ebfc63ca3aa16e08e8df27ce68ed22,163,163,libero_goal/5,Approach,Wrong Pose
b3a66198835c_libero_object_pick_the_bbq_sauce_and_place_it_in_the_basket_20260421_165520,libero/train/b3a66198835c_libero_object_pick_the_bbq_sauce_and_place_it_in_the_basket_20260421_165520.json,d14b359aaea96f6de16909cfc3b96b77c159bcd9a8d01dcee326be98ca209068,6690198b5f7ebdd764a073eaaa6e17f3cb146e2a9c8649187b4ab948b12a8df0,264,264,libero_object/3,Approach,Wrong Pose
fd18bb83a06c_libero_spatial_pick_the_akita_black_bowl_between_the_plate_and_the_ramekin_and_place_it_on_the_plate_20260421_165339,libero/train/fd18bb83a06c_libero_spatial_pick_the_akita_black_bowl_between_the_plate_and_the_ramekin_and_place_it_on_the_plate_20260421_165339.json,52ed4942875ece7284b05724702db608336f65f1218424e91c37e7213f3e1800,d80d8c3da9e0218c83b244e9679c61559c2540fc5a74dc13b7324642a15f86a1,213,213,libero_spatial/0,Approach,Wrong Pose
3a0071bf66a1_libero_spatial_pick_the_akita_black_bowl_from_table_center_and_place_it_on_the_plate_20260421_165448,libero/train/3a0071bf66a1_libero_spatial_pick_the_akita_black_bowl_from_table_center_and_place_it_on_the_plate_20260421_165448.json,410c384e324c42ac09686d516dbca57c8f82bd8c090e59cfd7fa5c3f7d2e0e9c,1df1473cae23774c6807fb8f003e37bef05878532b89571d2b3b7b6cc465c3f4,106,106,libero_spatial/2,Approach,Wrong Pose
fa5b7349611a_libero_10_put_both_the_cream_cheese_box_and_the_butter_in_the_basket_20260421_174309,libero/train/fa5b7349611a_libero_10_put_both_the_cream_cheese_box_and_the_butter_in_the_basket_20260421_174309.json,707340cb6c7399b22942bcd362ba7d053aad90d1fcfb193f8226c96e9ddd3501,0d42a62f49e312b3807fa4ce4719eb2fd6d8a6f7193a0a9cc07caa88223636dd,175,175,libero_10/1,Approach,Wrong Pose
a90e0b62bc33_libero_10_put_the_white_mug_on_the_plate_and_put_the_chocolate_pudding_to_the_right_of_the_plate_20260421_174405,libero/train/a90e0b62bc33_libero_10_put_the_white_mug_on_the_plate_and_put_the_chocolate_pudding_to_the_right_of_the_plate_20260421_174405.json,c85a180ccd360e7069758c4fc3a436f4fd325c71df92c507dc6d52f199607500,68f8341ceaba949f3442630436d5d6f493ead8e0202e1d60c48c70141aa5236f,645,645,libero_10/6,Approach,Wrong Pose
641d412d9eec_libero_goal_open_the_middle_layer_of_the_drawer_20260421_192819,libero/train/641d412d9eec_libero_goal_open_the_middle_layer_of_the_drawer_20260421_192819.json,2566cf325eb0cf6edb20182cc48bc4e7aa31b0fc38e653bc0afec2cf7f649a36,867e2f937574a851192ed6db75b645fc49ba130e150f9eb13a5ce31cdc92454c,209,209,libero_goal/0,Approach,Wrong Pose
fe99adcaeb60_libero_goal_open_the_top_layer_of_the_drawer_and_put_the_bowl_inside_20260421_192913,libero/train/fe99adcaeb60_libero_goal_open_the_top_layer_of_the_drawer_and_put_the_bowl_inside_20260421_192913.json,1549b135ee464e942dc9d20c5c971715918e51cad0edcb5b69cd19c40d4a4f2b,87387bfbacbacdcd496c3021ce2cf58a2bb06121f6f17d9309a97c51d509be35,352,352,libero_goal/3,Approach,Wrong Pose
0a4e02a9aebd_libero_goal_put_the_wine_bottle_on_the_top_of_the_drawer_20260421_192436,libero/train/0a4e02a9aebd_libero_goal_put_the_wine_bottle_on_the_top_of_the_drawer_20260421_192436.json,42a814ae213f2334048ccc6123334d5eafb325078c73b6aaaad43af2cb87ec59,3d83c6fb8bafbee003685ac691313ae212c6b5e00cc10b887df6f4e002e6381d,111,111,libero_goal/2,Approach,Wrong Pose
e0c9c45c713c_libero_goal_turn_on_the_stove_20260421_192405,libero/train/e0c9c45c713c_libero_goal_turn_on_the_stove_20260421_192405.json,304b183db4b3831ee94ee5c55a9893f774dc5707d9fd4932573fba8a0fc96ccb,fbf514aa6d351ae10a90882307ca75e815ffa37936ac65043d20d2fc91221156,192,192,libero_goal/7,Approach,Wrong Pose
7a96179b3a48_libero_spatial_pick_the_akita_black_bowl_on_the_ramekin_and_place_it_on_the_plate_20260421_192845,libero/train/7a96179b3a48_libero_spatial_pick_the_akita_black_bowl_on_the_ramekin_and_place_it_on_the_plate_20260421_192845.json,8580f42c9d67747c692c05b135e02e08a09e170070683cb43591bfc03b3e00c4,fba2abb02c8d4f9e2f6fdbd7ae717f0531c551860ceeaa838057e376c4c4a16b,141,141,libero_spatial/5,Approach,Wrong Pose
a8c4dd525e06_libero_10_put_both_the_alphabet_soup_and_the_tomato_sauce_in_the_basket_20260421_201736,libero/train/a8c4dd525e06_libero_10_put_both_the_alphabet_soup_and_the_tomato_sauce_in_the_basket_20260421_201736.json,afa97cd395bb993a31d7b0335120ec966b7493da3710dcb51b0fae123954d1d3,563995ff79ee7034342aeb465e5f98b24f1ae8bb795048f1166a2338bf9e54e3,700,700,libero_10/0,Approach,Wrong Pose
c6a518e2bf55_libero_10_put_the_white_mug_on_the_plate_and_put_the_chocolate_pudding_to_the_right_of_the_plate_20260421_200945,libero/train/c6a518e2bf55_libero_10_put_the_white_mug_on_the_plate_and_put_the_chocolate_pudding_to_the_right_of_the_plate_20260421_200945.json,8182fa8cd503577457f71605a5000c3096f3f6d68a79af099eaa1a66c6f3481c,7eb1ef90b9e00414d53435ce0a2f4d9a4c136172f1dca28d14660f1d9cac3afb,154,154,libero_10/6,Approach,Wrong Pose
77f6ac2ef0af_libero_goal_push_the_plate_to_the_front_of_the_stove_20260421_200646,libero/train/77f6ac2ef0af_libero_goal_push_the_plate_to_the_front_of_the_stove_20260421_200646.json,2daeeb4f35e803fff2dccdb17373fe0b72d47807a790efcc023df02dde93e230,5c4b6ca26fcf4d9cdc25cb59c15d6a9b27aef375f6a7a6bd80616962686b1831,181,181,libero_goal/5,Approach,Wrong Pose
c84c15134504_libero_goal_put_the_cream_cheese_on_the_bowl_20260421_201615,libero/train/c84c15134504_libero_goal_put_the_cream_cheese_on_the_bowl_20260421_201615.json,285d5b8b194c2b6a896b82b4364ee5a791fe9941981ebddbf6b989ec4c615cd6,afa88f2aac8ce445e49403caca840f6f8d2f0257698edcd48223db262878f3ad,228,228,libero_goal/6,Approach,Wrong Pose
de785655a24e_libero_object_pick_the_alphabet_soup_and_place_it_in_the_basket_20260421_202735,libero/train/de785655a24e_libero_object_pick_the_alphabet_soup_and_place_it_in_the_basket_20260421_202735.json,c29d3afa99964b28895b73fdc828dc8dda1533c4c10316310f4eea4a3ad5cac7,7920ffc1a8cc35ff9e828346a392c3a17db5329797fefd5884dcdfa7897753bf,189,189,libero_object/0,Approach,Wrong Pose
10aa9e86330b_libero_object_pick_the_ketchup_and_place_it_in_the_basket_20260421_200258,libero/train/10aa9e86330b_libero_object_pick_the_ketchup_and_place_it_in_the_basket_20260421_200258.json,0301a68f9513c708e3210130f7ddc78048c1291225179ec8e84ec29a1fac605b,6c31f74feb3c1c11d3d382befea06c1af656e12c2d01deebd0e40c9fcfa0d552,154,154,libero_object/4,Approach,Wrong Pose
ac9811a8c4ed_libero_spatial_pick_the_akita_black_bowl_on_the_wooden_cabinet_and_place_it_on_the_plate_20260421_201441,libero/train/ac9811a8c4ed_libero_spatial_pick_the_akita_black_bowl_on_the_wooden_cabinet_and_place_it_on_the_plate_20260421_201441.json,68e749ed806a12243b626eb4c8c0854d53a6a2a94ae6c0b97873e0b95674dcff,f5c1d4f10e07f65caa6184d0cf03cf0d4da3947355080cfad89ac57b17c1b0b5,163,163,libero_spatial/9,Approach,Wrong Pose
e0848dea58f0_libero_10_put_both_moka_pots_on_the_stove_20260421_205353,libero/train/e0848dea58f0_libero_10_put_both_moka_pots_on_the_stove_20260421_205353.json,dce88142ceac2ebd5ef0e51081fa102fa08ce7d287962b828a745949c36f5270,e3cd9da3633176a4de3ff4b662fa4115a71e2b574dca5be800222a9a261dfb6d,721,721,libero_10/8,Approach,Wrong Pose
05a480442193_libero_10_put_the_white_mug_on_the_left_plate_and_put_the_yellow_and_white_mug_on_the_right_plate_20260421_204908,libero/train/05a480442193_libero_10_put_the_white_mug_on_the_left_plate_and_put_the_yellow_and_white_mug_on_the_right_plate_20260421_204908.json,08c647a9467380929e0ff17cd033767175043b0107e1f9842433de4711aee4ec,2f548526c510823d5ef78f9bae10151bdc28f20e4feb671f25a657d5840ce6fa,601,601,libero_10/4,Approach,Wrong Pose
69f64313ed29_libero_goal_put_the_bowl_on_the_plate_20260421_205136,libero/train/69f64313ed29_libero_goal_put_the_bowl_on_the_plate_20260421_205136.json,6db4434e0419bcf47aaf2aa2975f26f9246be3e7f24143f52123063dd95e1af2,35639021dbaf170aa2b98d2c5933805a697ea85d06a44d9eee7546ed5c1a771f,232,232,libero_goal/8,Approach,Wrong Pose
1bf33facb0b5_libero_goal_put_the_wine_bottle_on_the_rack_20260421_205423,libero/train/1bf33facb0b5_libero_goal_put_the_wine_bottle_on_the_rack_20260421_205423.json,ed32c7184a69314e5503fbe89ded490cd2bce5817087ae094e60e5fd4aaea2b7,374179adf8e99adcdc759fbf0519cbc9a23c1d9cfc6e6d48c6ffd5eb777629ca,486,486,libero_goal/9,Approach,Wrong Pose
b0b0da2a2189_libero_goal_put_the_wine_bottle_on_the_top_of_the_drawer_20260421_204601,libero/train/b0b0da2a2189_libero_goal_put_the_wine_bottle_on_the_top_of_the_drawer_20260421_204601.json,03c78475c8d49ec94a2b6457e8ca6a1662d925eb9a11f0f14a6e7936c9558aa3,9cdcff8f37c77df55d9488b86c80d42775d8507f2adcfea77b5a166275e095e6,165,165,libero_goal/2,Approach,Wrong Pose
84ef0e3f9d03_libero_object_pick_the_chocolate_pudding_and_place_it_in_the_basket_20260421_205019,libero/train/84ef0e3f9d03_libero_object_pick_the_chocolate_pudding_and_place_it_in_the_basket_20260421_205019.json,fa91e99e03183df0d184494fed7b99fc3db46d1b7d4fb184d65d395fcd7d4221,6e8479f5ec58150e76fbc69a4a7e3225a529a70aeaf32f69ad8814f419a3f9ae,162,162,libero_object/8,Approach,Wrong Pose
81d7e1970dd9_libero_object_pick_the_cream_cheese_and_place_it_in_the_basket_20260421_205243,libero/train/81d7e1970dd9_libero_object_pick_the_cream_cheese_and_place_it_in_the_basket_20260421_205243.json,10685fbb43379abdf1dfb25ae550d82e21a84dc8e5a8429c9decf9eb61b237f6,b3e3eb77ed6bd0b6dac3bfcf3e8bd28b9a57a8ba329f9e114995638d3cc0367f,236,236,libero_object/1,Approach,Wrong Pose
ad42b72fedcb_libero_object_pick_the_ketchup_and_place_it_in_the_basket_20260421_204654,libero/train/ad42b72fedcb_libero_object_pick_the_ketchup_and_place_it_in_the_basket_20260421_204654.json,0192fdcefc2425b825ffdaf11398e2c6434bb750f05772505e967fdd7f2e32e3,6a83e1ce39c0f44d625a7fb05b95ac5d8d249c5a5acd363769e4e0057daaeec7,219,219,libero_object/4,Approach,Wrong Pose
d9498b4d9fab_libero_object_pick_the_milk_and_place_it_in_the_basket_20260421_204928,libero/train/d9498b4d9fab_libero_object_pick_the_milk_and_place_it_in_the_basket_20260421_204928.json,bcb4891bc01f965b2af4fc0615fe978eaa532990d64567edb4e52f10bd3efbc0,6e72f7d74551bf340d46d8d30500e59cb7fa2769f8bc9d55b4deb7e3e5471bef,365,365,libero_object/7,Approach,Wrong Pose
bbc876a5c9fb_libero_10_put_both_the_alphabet_soup_and_the_tomato_sauce_in_the_basket_20260421_210817,libero/train/bbc876a5c9fb_libero_10_put_both_the_alphabet_soup_and_the_tomato_sauce_in_the_basket_20260421_210817.json,32a27a9d6db65c29b1645bdf7d7b29304b9ad089993d1c6525c90b364ac37d01,69cd0f9e098c50dc9ac8216764a9d10b4bf9b47a36d8e0e3434f015cde586753,302,302,libero_10/0,Approach,Wrong Pose
fbaeb81d0e8a_libero_10_put_both_the_alphabet_soup_and_the_tomato_sauce_in_the_basket_20260421_212101,libero/train/fbaeb81d0e8a_libero_10_put_both_the_alphabet_soup_and_the_tomato_sauce_in_the_basket_20260421_212101.json,354d28d5c1cf14927288ed3d091d22b42b619d785867dcb98947a1a2a1b0822e,6d78973a13a13df47d71d57242953b0c3991d0dc7223a6e25c5d86cf18f87e30,164,164,libero_10/0,Approach,Wrong Pose
fe5e5a96b8ee_libero_goal_open_the_top_layer_of_the_drawer_and_put_the_bowl_inside_20260421_211139,libero/train/fe5e5a96b8ee_libero_goal_open_the_top_layer_of_the_drawer_and_put_the_bowl_inside_20260421_211139.json,e2965a5b7a8c846445f222a55ad36c07481fe0e86f2c779be01d5d32379d7a68,29951307e5dd6388e4d9e85218d1cbba891000ebc62455716a91e11fce267dbd,541,541,libero_goal/3,Approach,Wrong Pose
31021a5e2e08_libero_goal_put_the_bowl_on_the_stove_20260421_211937,libero/train/31021a5e2e08_libero_goal_put_the_bowl_on_the_stove_20260421_211937.json,dadcb4f5eb8a32ee4cbee6a6da03fb7de3aa5273c8f0f6dc69a4278e49ee1ee5,88bb7dfd97f3a0f009f857bea04f46747186c819126018dd522b8a0e46043f0c,222,222,libero_goal/1,Approach,Wrong Pose
8054e3b3ebb0_libero_goal_put_the_wine_bottle_on_the_rack_20260421_211055,libero/train/8054e3b3ebb0_libero_goal_put_the_wine_bottle_on_the_rack_20260421_211055.json,ae3cee46acd8ea735289bd328505b1b59bce33ebd6be30944c519c521fa7f08f,d5577702053297937f276bf57ed5f1050f884c3cf5c8ff6b5aa62417461e7b36,228,228,libero_goal/9,Approach,Wrong Pose
76cad04a5816_libero_object_pick_the_alphabet_soup_and_place_it_in_the_basket_20260421_212231,libero/train/76cad04a5816_libero_object_pick_the_alphabet_soup_and_place_it_in_the_basket_20260421_212231.json,8c192481078d0687c44ad5352765950987430d167f66bc27898d55ed9254a5d5,ccb8e5e7136385f68428919804fdedf1107f8bf078f26eb6f14940fad037a1e4,157,157,libero_object/0,Approach,Wrong Pose
392f7235fb80_libero_object_pick_the_cream_cheese_and_place_it_in_the_basket_20260421_211823,libero/train/392f7235fb80_libero_object_pick_the_cream_cheese_and_place_it_in_the_basket_20260421_211823.json,c0809f7a4f81fabb5f7bc436b509715b254d4a942fce7f90e92195008d3c5bfa,83d6202a2c599e71961d2b47f6492f34a4308a670ba7c0cfa9a9f597cc42657c,186,186,libero_object/1,Approach,Wrong Pose
3f650e2023f1_libero_object_pick_the_ketchup_and_place_it_in_the_basket_20260421_211415,libero/train/3f650e2023f1_libero_object_pick_the_ketchup_and_place_it_in_the_basket_20260421_211415.json,c18078ec276e4208fd3da065f1d1b0c1a157d64ede39a489ecad91c60aea0b86,6a8e13ae401b6d51b51e49d30262d1788d4287ce6816fdde468f954a07626b55,271,271,libero_object/4,Approach,Wrong Pose
0b64c1be0b58_libero_object_pick_the_milk_and_place_it_in_the_basket_20260421_211619,libero/train/0b64c1be0b58_libero_object_pick_the_milk_and_place_it_in_the_basket_20260421_211619.json,0dcf395cc744c51074ddece4e66b7dcdc2b0f5d3e7035726d8b105e1dc185652,55d108036d084f4db1f68d67fdc63aef7ef735895b7c83096fd03cfc07c3db7c,329,329,libero_object/7,Approach,Wrong Pose
8e2677af8b3d_libero_object_pick_the_salad_dressing_and_place_it_in_the_basket_20260421_211236,libero/train/8e2677af8b3d_libero_object_pick_the_salad_dressing_and_place_it_in_the_basket_20260421_211236.json,17f83d2747f53c351a9a90ee9d9a29531e1bdd0d1cbfc1072f844520ee4f05aa,19f125a450a6493f0985cdb22f87391c3357cdebb421223e954b30b163ee918c,244,244,libero_object/2,Approach,Wrong Pose
0b6eb1813369_libero_object_pick_the_tomato_sauce_and_place_it_in_the_basket_20260421_211312,libero/train/0b6eb1813369_libero_object_pick_the_tomato_sauce_and_place_it_in_the_basket_20260421_211312.json,ee651c7a856c7d234c19f35a1e122395041781664ebb8ee8a3c6b4ef128e6309,c3a257444388cd4eaa4774655003b4eef6d9c893c81b3981a5696a816dd1ebff,179,179,libero_object/5,Approach,Wrong Pose
ab214e39cc27_libero_spatial_pick_the_akita_black_bowl_next_to_the_plate_and_place_it_on_the_plate_20260421_212309,libero/train/ab214e39cc27_libero_spatial_pick_the_akita_black_bowl_next_to_the_plate_and_place_it_on_the_plate_20260421_212309.json,85633abdbb359b06bd456cc5e8bcabd73402e4bbac973b06897df00f10671c49,0a1a90f2a5a627927ca84a71c776d34d55b49ffc42bb6bbaa1333b4d746773c2,169,169,libero_spatial/8,Approach,Wrong Pose
4fcf3fba337c_libero_spatial_pick_the_akita_black_bowl_on_the_stove_and_place_it_on_the_plate_20260421_212003,libero/train/4fcf3fba337c_libero_spatial_pick_the_akita_black_bowl_on_the_stove_and_place_it_on_the_plate_20260421_212003.json,8b22f323e3216a313248c0ae2d776855258726e4a567bb4d0f3cc53e1e3a6c88,6efc797ae0832487a5a694176ddde116fcbecc4b14bbc9ec80c2171b0c2b2579,274,274,libero_spatial/7,Approach,Wrong Pose
d7853339e780_libero_spatial_pick_the_akita_black_bowl_on_the_stove_and_place_it_on_the_plate_20260421_212032,libero/train/d7853339e780_libero_spatial_pick_the_akita_black_bowl_on_the_stove_and_place_it_on_the_plate_20260421_212032.json,654771b245ed2693052efd6cb504104222050511a590d2ae48833b47538dbafc,0b79339b0e11e50ca28baddad2c5602c53bec89688d290f9f6afb532466eac07,233,233,libero_spatial/7,Approach,Wrong Pose
0369b934c060_libero_10_put_both_the_alphabet_soup_and_the_cream_cheese_box_in_the_basket_20260506_171152,libero/train/0369b934c060_libero_10_put_both_the_alphabet_soup_and_the_cream_cheese_box_in_the_basket_20260506_171152.json,ad6554d939797dee3794cba42d63bf828c7f1905921960e1ba6a2463fcb176a8,b99d52d4fd885f46221fce8cff6f5bd06f2b34b54c4909145d273786b463a067,164,164,libero_10/7,Contact,Wrong Pose
8ef6a63919fe_libero_10_put_the_black_bowl_in_the_bottom_drawer_of_the_cabinet_and_close_it_20260506_170848,libero/train/8ef6a63919fe_libero_10_put_the_black_bowl_in_the_bottom_drawer_of_the_cabinet_and_close_it_20260506_170848.json,7912ef8986b274bfee8c9c6a21be762f6ff0782e19a97ea881a5df12b72c9ad0,1b464c7440a49e5c63e689d5b4c72dde01375d15b540a0e5c4ea322972f4e976,258,258,libero_10/3,Contact,Wrong Pose
f848e5adf0f8_libero_10_put_the_white_mug_on_the_left_plate_and_put_the_yellow_and_white_mug_on_the_right_plate_20260506_171343,libero/train/f848e5adf0f8_libero_10_put_the_white_mug_on_the_left_plate_and_put_the_yellow_and_white_mug_on_the_right_plate_20260506_171343.json,037cb87858eb2fd5d53e87ba79958a403eb06c5e2cf49dfea00c8067e8bc1716,7ce33f0f8f472d30eec659688c74f06b1a674c8f66731defc9440d50a2778227,248,248,libero_10/4,Contact,Wrong Pose
cfc2813e9642_libero_10_put_the_yellow_and_white_mug_in_the_microwave_and_close_it_20260506_170610,libero/train/cfc2813e9642_libero_10_put_the_yellow_and_white_mug_in_the_microwave_and_close_it_20260506_170610.json,361abe936aff88efbf5ff21a8c3ceacca271a881399d56f50f590d9fa8899529,111077ef8ee3d70ffe8349b9434fd8e58c43a128c1c63bdbc4f44ec82256eb56,199,199,libero_10/9,Contact,Wrong Pose
7b2c7239e7ff_libero_goal_push_the_plate_to_the_front_of_the_stove_20260506_170807,libero/train/7b2c7239e7ff_libero_goal_push_the_plate_to_the_front_of_the_stove_20260506_170807.json,48068fb21bcfbe9872ec99fd88407f3824a31e24c81145e873e6c3e1ca88071a,f4acf01f513fa91f40f75e911b28c782749fa5fa0be206dbc4ec394fd3db94a8,179,179,libero_goal/5,Contact,Wrong Pose
44eca29cfbbb_libero_goal_put_the_bowl_on_the_stove_20260506_171323,libero/train/44eca29cfbbb_libero_goal_put_the_bowl_on_the_stove_20260506_171323.json,ba3da931ed742d48429244d1d248a3d922ac2714ec7cf2ac2f2f8f534c106972,c1ba0c78de4885c012a31a51ecebc2248fcfae931b94cd5dc6f2e8ed6fd04018,340,340,libero_goal/1,Contact,Wrong Pose
3457787ad4cb_libero_goal_put_the_wine_bottle_on_the_rack_20260506_170749,libero/train/3457787ad4cb_libero_goal_put_the_wine_bottle_on_the_rack_20260506_170749.json,e0b5628744ccf4bd4c788d680ee17dd85121fa1284378d1facab06934c0c2ed1,565a4137765bb7f469d28d6099dffc8a868021c8755608b56051131bafafdc2f,270,270,libero_goal/9,Contact,Wrong Pose
d1a2abd9aee2_libero_goal_put_the_wine_bottle_on_the_top_of_the_drawer_20260506_171405,libero/train/d1a2abd9aee2_libero_goal_put_the_wine_bottle_on_the_top_of_the_drawer_20260506_171405.json,71da695555924783ba83421a87f85093b169536fae2b32f79b43484e7153d0b0,626527847eceb40550f518e05563d1b11b76a247e7ea12e71b807f179af18d62,346,346,libero_goal/2,Contact,Wrong Pose
f1b972553fe4_libero_object_pick_the_salad_dressing_and_place_it_in_the_basket_20260506_170909,libero/train/f1b972553fe4_libero_object_pick_the_salad_dressing_and_place_it_in_the_basket_20260506_170909.json,75c4cd35f949fbf4dc94553f980e0a73f1f3dbc2d8b95970086e27330ea25bed,e658f861401592a13348f12f44b17753cc100d7c92858c39bac8d27341a227d5,369,369,libero_object/2,Contact,Wrong Pose
d4f55ce422e2_libero_10_put_both_the_alphabet_soup_and_the_cream_cheese_box_in_the_basket_20260504_164654,libero/train/d4f55ce422e2_libero_10_put_both_the_alphabet_soup_and_the_cream_cheese_box_in_the_basket_20260504_164654.json,993618ae0b10479f919d4c9bffd9af915f36fc0ba658228fecdd38fd56c60dba,642ebfe6a1f1a84fda7ad00d97e7bd70d67e25122170b22885b44d6030985bee,1000,1000,libero_10/7,Place,Scene Change
0c4edd7f87d8_libero_10_put_the_white_mug_on_the_left_plate_and_put_the_yellow_and_white_mug_on_the_right_plate_20260504_163541,libero/train/0c4edd7f87d8_libero_10_put_the_white_mug_on_the_left_plate_and_put_the_yellow_and_white_mug_on_the_right_plate_20260504_163541.json,463f58060b6ac60236c6fa6a65d49e413e3f1c68b3584409a108d9107f61d26e,9d8897cb261ffba8bdc57a2fb83c94e3d7d7f80bd967ede86ceb914fe799fff0,511,511,libero_10/4,Place,Scene Change
f5afbca6b17c_libero_object_pick_the_butter_and_place_it_in_the_basket_20260504_162619,libero/train/f5afbca6b17c_libero_object_pick_the_butter_and_place_it_in_the_basket_20260504_162619.json,cdb9e112cddf50bc43ecbf099a3949a3f76ed1e324c0b7efbfce941387dc9865,d63ced079662c112775659df8c43ca6f08f7fb41a13e9fb01be83f08661a1757,360,360,libero_object/6,Place,Scene Change
05a3ce4e81df_libero_object_pick_the_chocolate_pudding_and_place_it_in_the_basket_20260504_164940,libero/train/05a3ce4e81df_libero_object_pick_the_chocolate_pudding_and_place_it_in_the_basket_20260504_164940.json,e23516a04e882415385c9c7b6fca6465c05bc2c688a82687a5859d6955d0d8a7,53b20694d71f1f19f184634703ed0b9f682a1344e52dd429bc81e2fd9df7680e,557,557,libero_object/8,Place,Scene Change
991de9397bd5_libero_object_pick_the_ketchup_and_place_it_in_the_basket_20260504_164247,libero/train/991de9397bd5_libero_object_pick_the_ketchup_and_place_it_in_the_basket_20260504_164247.json,7bdd4c95f97d361688367be8b31f9d42fc78d6e0f36464c76bee9acae4bd047f,9dd4451134c607a415f5e6f1ee37e3f41d264816ea7d6047c10f84f9a488372d,780,780,libero_object/4,Place,Scene Change
01c464725fc2_libero_object_pick_the_ketchup_and_place_it_in_the_basket_20260504_164754,libero/train/01c464725fc2_libero_object_pick_the_ketchup_and_place_it_in_the_basket_20260504_164754.json,ab4ae5a74da9ad62429b493fad2d01bf2b4ceb76c3e81764d4ad6c82205f7109,c9cee90e81df1ad159651fcab7ecc24317109df62f4df8e2e77ba2f043134dda,1000,1000,libero_object/4,Place,Scene Change
ab96849e78cc_libero_object_pick_the_orange_juice_and_place_it_in_the_basket_20260504_164127,libero/train/ab96849e78cc_libero_object_pick_the_orange_juice_and_place_it_in_the_basket_20260504_164127.json,2107ab245af9fcf3a1a37fc530ffaff83caf3dc0f9e4244fba44d6e8caa6bac5,fcc97076ec12b3d47e5b8009536f40108671e0379cd8efcd107df019c49b707f,770,770,libero_object/9,Place,Scene Change
ca516aee6907_libero_object_pick_the_orange_juice_and_place_it_in_the_basket_20260504_164832,libero/train/ca516aee6907_libero_object_pick_the_orange_juice_and_place_it_in_the_basket_20260504_164832.json,479db6c4022d09cfcbfc1a43201103b0b632a3009ae40778f25977e02ccdccd9,bc99784cc084e9dd64280cc60ac17dcc33923b77f4e7a8f29f839dc53c96d06b,431,431,libero_object/9,Place,Scene Change
8319c8e57235_libero_spatial_pick_the_akita_black_bowl_in_the_top_layer_of_the_wooden_cabinet_and_place_it_on_the_plate_20260504_164909,libero/train/8319c8e57235_libero_spatial_pick_the_akita_black_bowl_in_the_top_layer_of_the_wooden_cabinet_and_place_it_on_the_plate_20260504_164909.json,1a62763bc490eac3bd6b252c8d0202d8447c7ba2ca005c73628473a4797072df,9e15340a3b665f6f010fd7d85f17644fab24b0123cc236c041ce0e31a7436bf9,471,471,libero_spatial/4,Place,Scene Change
fe8486d13b55_libero_spatial_pick_the_akita_black_bowl_next_to_the_ramekin_and_place_it_on_the_plate_20260504_163701,libero/train/fe8486d13b55_libero_spatial_pick_the_akita_black_bowl_next_to_the_ramekin_and_place_it_on_the_plate_20260504_163701.json,83175b7aa2835bb2aaf4f7634b2a7684538c3f40743bca8d26fedb23339423ae,37eff15a4e0a45ba3060a41046a568bd27bce6453f113e86e70fa49b3cd71375,448,448,libero_spatial/1,Place,Scene Change
8b6a3e66db92_libero_spatial_pick_the_akita_black_bowl_next_to_the_ramekin_and_place_it_on_the_plate_20260504_165027,libero/train/8b6a3e66db92_libero_spatial_pick_the_akita_black_bowl_next_to_the_ramekin_and_place_it_on_the_plate_20260504_165027.json,96852df9b8fec5059b0b1a5d8262fcae1c3b5dfbf382a828d9b64b432770f37a,b79e93f672f809aeb0c1cebb6fff38be18488ef36bfdfa50e31bae0e5864077e,499,499,libero_spatial/1,Place,Scene Change
fdb8572c8c1a_libero_spatial_pick_the_akita_black_bowl_on_the_wooden_cabinet_and_place_it_on_the_plate_20260504_163238,libero/train/fdb8572c8c1a_libero_spatial_pick_the_akita_black_bowl_on_the_wooden_cabinet_and_place_it_on_the_plate_20260504_163238.json,18cfbe596960387ff2fa92d01a01d842056e52ead8fc5aafe9621a247e7a05ba,2d7ed637856650ab1c4963f35a2433a09d505eef6ceed72979e9b68bfb36daad,526,526,libero_spatial/9,Place,Scene Change
588e131849e9_libero_10_put_both_the_alphabet_soup_and_the_tomato_sauce_in_the_basket_20260504_171039,libero/train/588e131849e9_libero_10_put_both_the_alphabet_soup_and_the_tomato_sauce_in_the_basket_20260504_171039.json,202133b0f7f6fc2c22ee7c4275bed365eabb6bbddc42517b78c565bca9b91235,dbc61a39e0b4704855043db3a942d2712afa9a4b679d3330077e9459589e7bf4,819,819,libero_10/0,Place,Scene Change
18914da789e1_libero_10_put_both_the_alphabet_soup_and_the_tomato_sauce_in_the_basket_20260504_171735,libero/train/18914da789e1_libero_10_put_both_the_alphabet_soup_and_the_tomato_sauce_in_the_basket_20260504_171735.json,c40c8e9ff75d95f8bbfebc49e5b1ada6ccacb893b8a1d10d6c1a91bb73ffb681,240b073cfa598ab7b504db2311b113da97eb40e178551aca0690b2ceaa9f54a4,457,457,libero_10/0,Place,Scene Change
20632cf6ba9c_libero_10_put_the_white_mug_on_the_left_plate_and_put_the_yellow_and_white_mug_on_the_right_plate_20260504_170920,libero/train/20632cf6ba9c_libero_10_put_the_white_mug_on_the_left_plate_and_put_the_yellow_and_white_mug_on_the_right_plate_20260504_170920.json,4a93cb3b8a6b20e9dcb363ec0b35f79f80db63570ed9d892add338f51fe266c8,df795acb93df01817d810c8737ee1b12c5d4ff99b4df2e62d6bb770abd77f07f,773,773,libero_10/4,Place,Scene Change
d803a4013b4f_libero_10_put_the_white_mug_on_the_left_plate_and_put_the_yellow_and_white_mug_on_the_right_plate_20260504_171356,libero/train/d803a4013b4f_libero_10_put_the_white_mug_on_the_left_plate_and_put_the_yellow_and_white_mug_on_the_right_plate_20260504_171356.json,e1eead039782e4bbef892edf3dfceeffc29fe257b48bcf9bd51ea6eb988260d5,a081d15254da60924712f61710c5a2abd08ab291f52743c0695c2ed20e0f16e2,466,466,libero_10/4,Place,Scene Change
52fd462d8fee_libero_goal_put_the_cream_cheese_on_the_bowl_20260504_172301,libero/train/52fd462d8fee_libero_goal_put_the_cream_cheese_on_the_bowl_20260504_172301.json,e7394669bb89541c3d59c5d4290de7030d6fd881d801667054534ebc167f6d6e,b48d248ca1d818f2cc86421454518aeaf552128cc64f66b185e26fbd51454111,297,297,libero_goal/6,Place,Scene Change
e2563887d322_libero_object_pick_the_cream_cheese_and_place_it_in_the_basket_20260504_172210,libero/train/e2563887d322_libero_object_pick_the_cream_cheese_and_place_it_in_the_basket_20260504_172210.json,5f48a2cda09109c4ae48768a45555e71e9d47f8bc78c97af3f6a25ee6b957025,7cdedefdb30850a3376ff1a0e176d0b15907d813883aa7bdfa8364ed7ada1eec,764,764,libero_object/1,Place,Scene Change
fa94eaf05847_libero_object_pick_the_salad_dressing_and_place_it_in_the_basket_20260504_171535,libero/train/fa94eaf05847_libero_object_pick_the_salad_dressing_and_place_it_in_the_basket_20260504_171535.json,ed64bc7bc842351a6a23d710a13da7b964ae0364edd446d3c7bb001d2271458b,cb2bc7a0f4601fb22b559a648ad52def9dd26d2071504679c5d7a1855b2c945e,436,436,libero_object/2,Place,Scene Change
e7162095de14_libero_object_pick_the_salad_dressing_and_place_it_in_the_basket_20260504_171808,libero/train/e7162095de14_libero_object_pick_the_salad_dressing_and_place_it_in_the_basket_20260504_171808.json,481bfb28362045b958501145b236e86a04c36f36534d36ab4d9c69e487626c9b,1259d85d49a2787a2a54e7396db8a659f9b6452285ecc7850b717bf835cecba8,456,456,libero_object/2,Place,Scene Change
fa3d6a0abcad_libero_spatial_pick_the_akita_black_bowl_between_the_plate_and_the_ramekin_and_place_it_on_the_plate_20260504_171703,libero/train/fa3d6a0abcad_libero_spatial_pick_the_akita_black_bowl_between_the_plate_and_the_ramekin_and_place_it_on_the_plate_20260504_171703.json,cb2044ed49db13a81ffd4c19a1f63ded459c0eb94abb5c64fbc438e6116f9f11,0b00130d93d27b2d8b72adf3ab482bed9ba4b4b75ecaac91c2d37390125b1624,474,474,libero_spatial/0,Place,Scene Change
96eb3c19547d_libero_10_put_both_the_alphabet_soup_and_the_cream_cheese_box_in_the_basket_20260506_145324,libero/train/96eb3c19547d_libero_10_put_both_the_alphabet_soup_and_the_cream_cheese_box_in_the_basket_20260506_145324.json,9a6be293547881a115803c089eed7cf8e9be980d303f7804c40f365af466b075,9fc1892b4badf73bcdde28911a7d7e209e558b516de6358387638c25f5b0601f,431,431,libero_10/7,Place,Scene Change
ad5fa84ac821_libero_10_put_both_the_alphabet_soup_and_the_cream_cheese_box_in_the_basket_20260506_145753,libero/train/ad5fa84ac821_libero_10_put_both_the_alphabet_soup_and_the_cream_cheese_box_in_the_basket_20260506_145753.json,6bff75937f209def495302c6a25fff670853df20a27f639cbfe86f89fdb4719b,9d1b06d0a6510e22d7526e4180c7e88145939d3b354a02cdc16e0dd0330cccb5,317,317,libero_10/7,Place,Scene Change
965830a215f5_libero_10_put_both_the_alphabet_soup_and_the_tomato_sauce_in_the_basket_20260506_143048,libero/train/965830a215f5_libero_10_put_both_the_alphabet_soup_and_the_tomato_sauce_in_the_basket_20260506_143048.json,2baaa3d621ba3637c2c9c29ca36b4d0435dec8eb9e7894ddf13e42772eadddc7,22bd2bf4d3dfc3e38fb1a78971a47662038c6dee3ea6320d49880ca82a926cc6,870,870,libero_10/0,Place,Scene Change
b3ebd27b2496_libero_10_put_both_the_alphabet_soup_and_the_tomato_sauce_in_the_basket_20260506_144254,libero/train/b3ebd27b2496_libero_10_put_both_the_alphabet_soup_and_the_tomato_sauce_in_the_basket_20260506_144254.json,c7e9735375951a3111ae44f6797b9dbed6f92967a383922b1312bcbf46502421,7ed410068fa1593a0eb45edc223718936964a58abb842d960f1c55320e26d93d,324,324,libero_10/0,Place,Scene Change
695415e30072_libero_10_put_both_the_alphabet_soup_and_the_tomato_sauce_in_the_basket_20260506_145900,libero/train/695415e30072_libero_10_put_both_the_alphabet_soup_and_the_tomato_sauce_in_the_basket_20260506_145900.json,39cb545c51899892a81263f3cc73b094ad409c0fb472eb4b9b44fd3b7887a959,b6fcd516f3d4a22cbf59e881ab41b471d56a2ef07d7a3baba60a03f66bb7bfc3,284,284,libero_10/0,Place,Scene Change
40d707492aaa_libero_10_put_the_white_mug_on_the_left_plate_and_put_the_yellow_and_white_mug_on_the_right_plate_20260506_143419,libero/train/40d707492aaa_libero_10_put_the_white_mug_on_the_left_plate_and_put_the_yellow_and_white_mug_on_the_right_plate_20260506_143419.json,808c8d2049370684f86fe89ca517e29ab340c1f55d7ef32cbb7a09b8527d00f5,7c9c82233566afc27ce24b20fef9431047ef1270c856cf0e8d3725cbf63c59b0,398,398,libero_10/4,Place,Scene Change
a18db6e5c28e_libero_goal_put_the_cream_cheese_on_the_bowl_20260506_144745,libero/train/a18db6e5c28e_libero_goal_put_the_cream_cheese_on_the_bowl_20260506_144745.json,da507e6f266726783a50204f21638eec6fc44c31f84e09b97917c3ed1cea9eae,94192af8de107c2d0b1a15250678882a526c0a6dc51f868ab9cfc2675c116b23,340,340,libero_goal/6,Place,Scene Change
55414e6783ef_libero_object_pick_the_butter_and_place_it_in_the_basket_20260506_144531,libero/train/55414e6783ef_libero_object_pick_the_butter_and_place_it_in_the_basket_20260506_144531.json,98e594cbaf8abbc57f2cc9b8a672712aeb1daeda5235b058e3baba0123d57d5e,c7592deed002f448f33eda69fa30df02edab1cd70eb8c149408688754471c9bf,424,424,libero_object/6,Place,Scene Change
c1cb2616be1a_libero_object_pick_the_butter_and_place_it_in_the_basket_20260506_145104,libero/train/c1cb2616be1a_libero_object_pick_the_butter_and_place_it_in_the_basket_20260506_145104.json,35e8604b319f7e9e47bc37d94635fdd8a9e35c45840c4601faab92cd7bf3e9c8,e5de35099e289c58f308e79f844b86756d2e043803febeb0791069d258813461,485,485,libero_object/6,Place,Scene Change
66ab8f29b9b7_libero_object_pick_the_chocolate_pudding_and_place_it_in_the_basket_20260506_145950,libero/train/66ab8f29b9b7_libero_object_pick_the_chocolate_pudding_and_place_it_in_the_basket_20260506_145950.json,1c0a81bb3ba49f0aa384bda02ddba392ec73b54d646e8f439979988abda86928,fa4679f02de0dbe9ee4f0a954d9590f2cb4e0e14d619a86b81273682ee2f09ab,463,463,libero_object/8,Place,Scene Change
8ac2c49a5d6e_libero_object_pick_the_cream_cheese_and_place_it_in_the_basket_20260506_144601,libero/train/8ac2c49a5d6e_libero_object_pick_the_cream_cheese_and_place_it_in_the_basket_20260506_144601.json,e2e0b743d181bedfef9fd57fb96fefd07cf687a1f179fa206015a729df0726be,fcae0efa870f18b255eef2316214b944d55edba868629d46ac0d804c533c81f8,378,378,libero_object/1,Place,Scene Change
3d1fc83179be_libero_object_pick_the_salad_dressing_and_place_it_in_the_basket_20260506_150110,libero/train/3d1fc83179be_libero_object_pick_the_salad_dressing_and_place_it_in_the_basket_20260506_150110.json,9119651da0aca05c5e3c904a8857ea503e0d07326ee90b2e7e3490a4ddcd2016,077e7bce6cb497d2e699e594145c7672ebba4892e5a123784627dac2f82766bc,579,579,libero_object/2,Place,Scene Change
e54f4b03e63b_libero_object_pick_the_tomato_sauce_and_place_it_in_the_basket_20260506_143852,libero/train/e54f4b03e63b_libero_object_pick_the_tomato_sauce_and_place_it_in_the_basket_20260506_143852.json,af8ba23840515061e243b6817cca0324bc2d39699f8598cf2b092afc3c10e1e8,7445a60b0976f508b35a660ca06bad8966b18f552b7328075d35011831871b12,349,349,libero_object/5,Place,Scene Change
b244e3c5c7b5_libero_object_pick_the_tomato_sauce_and_place_it_in_the_basket_20260506_145143,libero/train/b244e3c5c7b5_libero_object_pick_the_tomato_sauce_and_place_it_in_the_basket_20260506_145143.json,171d5ab595cfd0af550603ebecf7ae7637ba2bae00e5109091e38ae502f89f3d,33ae6f9c133c5f4a0f024568badb006f5f9d302f2080a405e53a0378c30a4f8f,428,428,libero_object/5,Place,Scene Change
3eea20a86066_libero_object_pick_the_tomato_sauce_and_place_it_in_the_basket_20260506_145715,libero/train/3eea20a86066_libero_object_pick_the_tomato_sauce_and_place_it_in_the_basket_20260506_145715.json,3abd9eb09c192252479d3a58e75b6f6e0bfc8411f7b04f6d92d8cc332596e37f,744e4f1cd28a5c4fad6dc98d90c3db1e90e689a5564d5f7312e1bf451ff308cd,293,293,libero_object/5,Place,Scene Change
f343b3673ad7_libero_spatial_pick_the_akita_black_bowl_between_the_plate_and_the_ramekin_and_place_it_on_the_plate_20260506_145923,libero/train/f343b3673ad7_libero_spatial_pick_the_akita_black_bowl_between_the_plate_and_the_ramekin_and_place_it_on_the_plate_20260506_145923.json,3252d32088eadf8fe8f49e96df3e9ed4e3854e4a5bd9c969d24f684b9c917422,540bbacb6da886a253eefb0a2bcdb65b084d04557de6968776d6d7cb340c3f8b,254,254,libero_spatial/0,Place,Scene Change
cb5ee8826f1e_libero_spatial_pick_the_akita_black_bowl_from_table_center_and_place_it_on_the_plate_20260506_144325,libero/train/cb5ee8826f1e_libero_spatial_pick_the_akita_black_bowl_from_table_center_and_place_it_on_the_plate_20260506_144325.json,08edd7cad829297c37817712c5c992da85589662bcdcbe724502a5c704a6943f,c7935c7863edf2d8b20bd129fdaf1c2cc8c454ed1d8e16964aa6a6b7108d3d62,354,354,libero_spatial/2,Place,Scene Change
d13eb2397ac5_libero_spatial_pick_the_akita_black_bowl_next_to_the_plate_and_place_it_on_the_plate_20260506_150342,libero/train/d13eb2397ac5_libero_spatial_pick_the_akita_black_bowl_next_to_the_plate_and_place_it_on_the_plate_20260506_150342.json,b687d0ffca96f3282a76cb4fa1745c941872abbeeaa5d9c3badd951ab2a913f3,59235fb29cf383058c256b2a5648505198ae93a9220d42fa506b076c6389ffa9,277,277,libero_spatial/8,Place,Scene Change
72de3f0c7010_libero_spatial_pick_the_akita_black_bowl_next_to_the_ramekin_and_place_it_on_the_plate_20260506_145542,libero/train/72de3f0c7010_libero_spatial_pick_the_akita_black_bowl_next_to_the_ramekin_and_place_it_on_the_plate_20260506_145542.json,26d11bd38a62d52a33067ae48de8d88d0582264fb7bc62024b3d093d8343f803,0addd7ca1586dc1f81a6a99aaa2cae64ecca6f3614f1e0df37d489333a47d81a,459,459,libero_spatial/1,Place,Scene Change
5e535356241a_libero_spatial_pick_the_akita_black_bowl_next_to_the_ramekin_and_place_it_on_the_plate_20260506_150310,libero/train/5e535356241a_libero_spatial_pick_the_akita_black_bowl_next_to_the_ramekin_and_place_it_on_the_plate_20260506_150310.json,1778137f21b02abc0aa09b288a375b4f69642d3b64247dd42dbea041e3ff5dd3,c0f181e92e698e4f8b1eb506d264e63cc18c20636c6dbf74d10901da8eaf5614,378,378,libero_spatial/1,Place,Scene Change
36a7cc84e965_libero_spatial_pick_the_akita_black_bowl_on_the_cookies_box_and_place_it_on_the_plate_20260506_144842,libero/train/36a7cc84e965_libero_spatial_pick_the_akita_black_bowl_on_the_cookies_box_and_place_it_on_the_plate_20260506_144842.json,296eb4b50fc44257f8e8904be957bb89001cde983521d89fb0a3206d47b8d0bd,e76769c2846397e17c6462bc6c76cef4ae5496a97eec9bcbf8f1b9589d85ae80,407,407,libero_spatial/3,Place,Scene Change
0b5e00d2c525_libero_spatial_pick_the_akita_black_bowl_on_the_ramekin_and_place_it_on_the_plate_20260506_144923,libero/train/0b5e00d2c525_libero_spatial_pick_the_akita_black_bowl_on_the_ramekin_and_place_it_on_the_plate_20260506_144923.json,0c1e02379eff85e671dafb82b9bb60f3967c690c9e5e91d8eff3dfa922b2c33a,1312647ac67f297111aaa4369400ed3694c7c45ff57fa4f0e2cc43c44ca85c7e,350,350,libero_spatial/5,Place,Scene Change
06527a928103_libero_spatial_pick_the_akita_black_bowl_on_the_stove_and_place_it_on_the_plate_20260506_145822,libero/train/06527a928103_libero_spatial_pick_the_akita_black_bowl_on_the_stove_and_place_it_on_the_plate_20260506_145822.json,3bf8d4e777d7cf81bcd640aecceb653a4f482fd8b769614a1ad271205cbefbce,2f73b66912b445ff3411c778bcee042b415afd25271af5c5d3f34aa0641120be,360,360,libero_spatial/7,Place,Scene Change
0f5605dc5260_libero_10_pick_up_the_book_and_place_it_in_the_back_compartment_of_the_caddy_20260506_162250,libero/train/0f5605dc5260_libero_10_pick_up_the_book_and_place_it_in_the_back_compartment_of_the_caddy_20260506_162250.json,16c17c6a09a68b1f88afb0af101f0199bb293bc3efa229f69337e95f43da7e4e,7a8978af138e486c125b825636b89022cc3bd084c220c37cd415a654682103aa,273,273,libero_10/5,Place,Wrong Target
15974db6cf5e_libero_10_pick_up_the_book_and_place_it_in_the_back_compartment_of_the_caddy_20260506_162653,libero/train/15974db6cf5e_libero_10_pick_up_the_book_and_place_it_in_the_back_compartment_of_the_caddy_20260506_162653.json,edf277235e52edc8c52dfb69f0002cb5e1daca9e6ec5993af92886bded21f824,d064e0e8869fc8d7e278e0e0aecae8ad3352627c980dbfeea8f7e9721646811d,228,228,libero_10/5,Place,Wrong Target
9c65b64afb3a_libero_10_put_both_the_alphabet_soup_and_the_cream_cheese_box_in_the_basket_20260506_160625,libero/train/9c65b64afb3a_libero_10_put_both_the_alphabet_soup_and_the_cream_cheese_box_in_the_basket_20260506_160625.json,4672612053e4ff667cd43392c72ee32f701f7d1bcd34c79b7da8f6347c662d09,d48137995248520465fae570485664c567751065c81e486891f261d20beb1160,272,272,libero_10/7,Place,Wrong Target
7bcae8cb37be_libero_goal_put_the_bowl_on_the_plate_20260506_163105,libero/train/7bcae8cb37be_libero_goal_put_the_bowl_on_the_plate_20260506_163105.json,890eb7fd38e3f6154c8727c5d14817e4391dac850eb9088273d37dab93526bca,84a3c1ab36294ce2b6a2d45b21aafd5298cfbefc1e955ebda74d269b1b3c6b68,291,291,libero_goal/8,Place,Wrong Target
9e165ae1ea4d_libero_goal_put_the_bowl_on_the_plate_20260506_163208,libero/train/9e165ae1ea4d_libero_goal_put_the_bowl_on_the_plate_20260506_163208.json,14c9fee2c6282e6ea63c9b77f3ab23a933b9737a076f226c3681b6c47198968e,69f7aec29a710bc3b2e0fab83f33853fdc8ddeea4da5aa1bee93dad384b737b5,271,271,libero_goal/8,Place,Wrong Target
2edcb1e34e30_libero_goal_put_the_wine_bottle_on_the_rack_20260506_163245,libero/train/2edcb1e34e30_libero_goal_put_the_wine_bottle_on_the_rack_20260506_163245.json,c8b99b3bad4169bd8a5bf59562ed5b2a6db76a930c6556e9f1732551046a4953,d0465a64c51c19d1ca3b3fd1f37e928973e2b6299e8b6a114bc9b80312d72f4d,568,568,libero_goal/9,Place,Wrong Target
69e6ec7e6735_libero_object_pick_the_ketchup_and_place_it_in_the_basket_20260506_161432,libero/train/69e6ec7e6735_libero_object_pick_the_ketchup_and_place_it_in_the_basket_20260506_161432.json,932063ba20ce7bae10c0155ab07c130c4dff0a2c11b74899b0513d8faf25ef8a,df642896954afebd333e4d8c395d1ef33a998e006244a8662ec1448483037383,316,316,libero_object/4,Place,Wrong Target
a997c457d415_libero_object_pick_the_ketchup_and_place_it_in_the_basket_20260506_162334,libero/train/a997c457d415_libero_object_pick_the_ketchup_and_place_it_in_the_basket_20260506_162334.json,1bbee47d7613b92d5034ef1469fe74f39b2841961a53b79d756730c4ff8a379a,6213a8672357e627d7e6999a7eac19e29eff68267aa8217f846df15b5dda937e,378,378,libero_object/4,Place,Wrong Target
91100976ed0e_libero_object_pick_the_milk_and_place_it_in_the_basket_20260506_160744,libero/train/91100976ed0e_libero_object_pick_the_milk_and_place_it_in_the_basket_20260506_160744.json,cfa11656dd4bfb34cbffe9d963caa4b5672e434d2fd3d83f997de7a33d1c9f5b,77ca4cfdeca766145e8479cd73325f9a46ee04c2c18f5410d0e3732f8dbf2a29,354,354,libero_object/7,Place,Wrong Target
886377e1e129_libero_object_pick_the_milk_and_place_it_in_the_basket_20260506_161052,libero/train/886377e1e129_libero_object_pick_the_milk_and_place_it_in_the_basket_20260506_161052.json,7e82146d77a9712026dec975b99e92930d0b2f85dc53a697504de9ddc95108e4,ebf3f09c66ed184fbebfd5c458c9ec0c4460f580e9834d8955628c9801754134,305,305,libero_object/7,Place,Wrong Target
59b4ce134089_libero_object_pick_the_orange_juice_and_place_it_in_the_basket_20260506_160723,libero/train/59b4ce134089_libero_object_pick_the_orange_juice_and_place_it_in_the_basket_20260506_160723.json,4655b14ffcca0bc3e96636f4aca38a0c639295e1b8df173ae4668c420624a9c0,60e8fb33dd3f3b236516c08cff48abd036494db90b8419376b6da61e294585de,304,304,libero_object/9,Place,Wrong Target
7ea2ca871737_libero_object_pick_the_orange_juice_and_place_it_in_the_basket_20260506_162847,libero/train/7ea2ca871737_libero_object_pick_the_orange_juice_and_place_it_in_the_basket_20260506_162847.json,88393d71c0882f0e388be34c5166a3238d47d7ce7294734eefb0c491247897ed,9852185d151cef4a79c210b716dd6350cfc3e5b904701c72cb2f92264381e112,253,253,libero_object/9,Place,Wrong Target
886aa7241de5_libero_object_pick_the_tomato_sauce_and_place_it_in_the_basket_20260506_162409,libero/train/886aa7241de5_libero_object_pick_the_tomato_sauce_and_place_it_in_the_basket_20260506_162409.json,9e18a12b223b494f2ad0f75e4be1bc65f2be53337e49bd8f347df52415f7142c,0b2f9db8a766246ead40b410515bf1c1be08ffe7c00a99a32d6b2ed4f14612ca,464,464,libero_object/5,Place,Wrong Target
075b5032b324_libero_spatial_pick_the_akita_black_bowl_on_the_ramekin_and_place_it_on_the_plate_20260506_161209,libero/train/075b5032b324_libero_spatial_pick_the_akita_black_bowl_on_the_ramekin_and_place_it_on_the_plate_20260506_161209.json,8a422f4fd0988785946bd734b4b4c85ff63a9b1edba3abf1b327ae9e706bdfe1,f4b8091ed5d1c2286a02996d03ec80b7895c5ce3cdff2fbc81513e665ca6f6b7,309,309,libero_spatial/5,Place,Wrong Target
8e2eff3a8485_libero_spatial_pick_the_akita_black_bowl_on_the_ramekin_and_place_it_on_the_plate_20260506_161915,libero/train/8e2eff3a8485_libero_spatial_pick_the_akita_black_bowl_on_the_ramekin_and_place_it_on_the_plate_20260506_161915.json,0827b84b1c70e8c50344963253849a8bc855473e08c75dbf448dc5836d5d107d,2d64b7e44592ece86bcc394a79aea5a3b49ee63cb22e9c2e3cfb907a0a213688,157,157,libero_spatial/5,Place,Wrong Target
cc8f0c42ecec_libero_spatial_pick_the_akita_black_bowl_on_the_ramekin_and_place_it_on_the_plate_20260506_162432,libero/train/cc8f0c42ecec_libero_spatial_pick_the_akita_black_bowl_on_the_ramekin_and_place_it_on_the_plate_20260506_162432.json,b8d5d9b12a42442297444905ce43b6d1aa85586697dff2af7e0e4fd17814b19a,e3fb70d0e22533f350bd7f27c85bbdf1d9474a71ce63c0a75d3346718638bd99,211,211,libero_spatial/5,Place,Wrong Target
a75c90737c55_libero_spatial_pick_the_akita_black_bowl_on_the_ramekin_and_place_it_on_the_plate_20260506_162913,libero/train/a75c90737c55_libero_spatial_pick_the_akita_black_bowl_on_the_ramekin_and_place_it_on_the_plate_20260506_162913.json,b1befbc21225a9365c55a982d17f7b51098ae0b441d4af3a0e35e23a1512a3fa,6ac1ad5c718605fdd0a3bc35a8dc13449f6e0d6f6cf7837b87f9648c17a7d064,330,330,libero_spatial/5,Place,Wrong Target
a1f197163d52_libero_spatial_pick_the_akita_black_bowl_on_the_stove_and_place_it_on_the_plate_20260506_162309,libero/train/a1f197163d52_libero_spatial_pick_the_akita_black_bowl_on_the_stove_and_place_it_on_the_plate_20260506_162309.json,89a4282d324560ea49623bd5a38941305a228ab65df872ce4f83a0e072a6eb63,b9d6dc0d27188d7cb1fdea03851319e9ba4cfc3b38c4c6c791d8b9f1d308abf6,190,190,libero_spatial/7,Place,Wrong Target
04ab245d7442_rollout_pick_up_the_book_and_place_it_in_the_back_compartment_of_the_caddy_failure_ep16_step199_20260428_050935,libero/train/04ab245d7442_rollout_pick_up_the_book_and_place_it_in_the_back_compartment_of_the_caddy_failure_ep16_step199_20260428_050935.json,87cabc25283684c3147fbaeb9a4ed5a3660b4f6963e3fd5e6d60a71a3b058074,415cdc3409c92be859e3eded1a385aaf72a73bdb3f160094345d522ebd8626ce,200,200,libero_10/5,Contact,Wrong Pose
89b681a1257d_rollout_pick_up_the_book_and_place_it_in_the_back_compartment_of_the_caddy_failure_ep20_step48_20260428_051125,libero/train/89b681a1257d_rollout_pick_up_the_book_and_place_it_in_the_back_compartment_of_the_caddy_failure_ep20_step48_20260428_051125.json,a27d158b667ca216a7a6ce8aeb7a8f8528797b95a51aaf49b643338c6047df86,67e56847199dd15991fd2144ac6a1427114e0a2d2a513d358606204882b23639,49,49,libero_10/5,Approach,Wrong Pose
f86d1445631c_rollout_pick_up_the_book_and_place_it_in_the_back_compartment_of_the_caddy_failure_ep23_step266_20260428_051438,libero/train/f86d1445631c_rollout_pick_up_the_book_and_place_it_in_the_back_compartment_of_the_caddy_failure_ep23_step266_20260428_051438.json,645990bb6020ef1ee0ddf50126348b32ed8cc0f61c179bdfeab69cc6f2e2614a,8019eadf3a55f4f2935e4587bff64b440e6ec8dd4f65b018134efe6e6382bf9d,267,267,libero_10/5,Contact,Wrong Pose
c774cef10a5a_rollout_pick_up_the_book_and_place_it_in_the_back_compartment_of_the_caddy_failure_ep26_step159_20260428_051514,libero/train/c774cef10a5a_rollout_pick_up_the_book_and_place_it_in_the_back_compartment_of_the_caddy_failure_ep26_step159_20260428_051514.json,9cb843f02d122fd663e9839d7345eebc8c3e013bd0506a5d976c612b68180267,e007f211654dca0b9cab26b7b8350411ccc62ee7f07b969c34554818026d3072,160,160,libero_10/5,Contact,Wrong Pose
430a21697247_rollout_pick_up_the_book_and_place_it_in_the_back_compartment_of_the_caddy_failure_ep31_step64_20260428_063505,libero/train/430a21697247_rollout_pick_up_the_book_and_place_it_in_the_back_compartment_of_the_caddy_failure_ep31_step64_20260428_063505.json,53fc6f47b29d9a06af4a8f25ed5acd4dd4b680dd6bd6d112166bcf8287473fb3,c8162f6829ad49fffba65f76a6ab7f1b92e0ca97b7efb984b47cf785d54b963a,65,65,libero_10/5,Contact,Wrong Pose
d1222d789f91_rollout_pick_up_the_book_and_place_it_in_the_back_compartment_of_the_caddy_failure_ep32_step185_20260428_064047,libero/train/d1222d789f91_rollout_pick_up_the_book_and_place_it_in_the_back_compartment_of_the_caddy_failure_ep32_step185_20260428_064047.json,fe1daff3e13802e6624935ca5b3672499789aab752637144b8ce9a73a5e3afa7,608a121cb2f244ee492fea195f4356977e9cc58fa5b582a653118f70892888b5,186,186,libero_10/5,Place,Wrong Target
93ba747b04fb_rollout_pick_up_the_book_and_place_it_in_the_back_compartment_of_the_caddy_failure_ep38_step13_20260428_064639,libero/train/93ba747b04fb_rollout_pick_up_the_book_and_place_it_in_the_back_compartment_of_the_caddy_failure_ep38_step13_20260428_064639.json,2fd13ba1da6ce4aafc9773a1c4aa2fc350a26fafc1b767117de820b19a08410c,eb8a1cce8726a0785f3ac0cf52f33beac903f841fc00f6e816ea1e6aa3290b16,14,14,libero_10/5,Approach,Wrong Target
cb4ea712b34c_rollout_pick_up_the_book_and_place_it_in_the_back_compartment_of_the_caddy_failure_ep39_step53_20260428_064839,libero/train/cb4ea712b34c_rollout_pick_up_the_book_and_place_it_in_the_back_compartment_of_the_caddy_failure_ep39_step53_20260428_064839.json,0bc3b5e99d8efa38bccbdbe95b560b84f97348951c58b8ac05d9858b397e3ddb,d920c4de8430d1cff589689a9252a86f1c2767c927f2653488d224a3db4bed98,54,54,libero_10/5,Approach,Wrong Pose
40e5622961dc_rollout_pick_up_the_book_and_place_it_in_the_back_compartment_of_the_caddy_failure_ep41_step238_20260428_064939,libero/train/40e5622961dc_rollout_pick_up_the_book_and_place_it_in_the_back_compartment_of_the_caddy_failure_ep41_step238_20260428_064939.json,66a14a62e2d24afb7a37ac609005a3ac28c165dc6a9be1e9a0b828f0c78edab8,f85b14c615e924bfe4ef244affe97a81d7c909168052d3f3fbfe3e6ffbbcae62,239,239,libero_10/5,Contact,Wrong Pose
7df40bb4359d_rollout_pick_up_the_book_and_place_it_in_the_back_compartment_of_the_caddy_failure_ep44_step165_20260428_065127,libero/train/7df40bb4359d_rollout_pick_up_the_book_and_place_it_in_the_back_compartment_of_the_caddy_failure_ep44_step165_20260428_065127.json,a285aaaa31f546968508754741f03a00dfe8cf04f6fc1fdfea2cc1e389bc61fc,1059c1bffe50c6bc7245ff38e03986fd7e5d59f165f8afd7b9f7be86d3e172cc,166,166,libero_10/5,Contact,Wrong Pose
edec4b619db0_rollout_pick_up_the_book_and_place_it_in_the_back_compartment_of_the_caddy_failure_ep45_step105_20260428_065207,libero/train/edec4b619db0_rollout_pick_up_the_book_and_place_it_in_the_back_compartment_of_the_caddy_failure_ep45_step105_20260428_065207.json,412b3608746ccfe61fdde680959fa8335181e56c25fee94d6b3f9517e8fce09c,7d7d97efe976271544dd1d9752b30836741af3b3a0af112d4265b56be1d9ee6c,106,106,libero_10/5,Approach,Wrong Pose
dc4ec98e5461_rollout_pick_up_the_book_and_place_it_in_the_back_compartment_of_the_caddy_failure_ep7_step59_20260428_065341,libero/train/dc4ec98e5461_rollout_pick_up_the_book_and_place_it_in_the_back_compartment_of_the_caddy_failure_ep7_step59_20260428_065341.json,4c2fd452902c7496ba41b93429db2559ffd26cccb713e8eea9bd391089b08cfe,a7ee4ac5fd35a8b05ba6a561783952d11d84777e7505d0ea46e85b45e9468b77,60,60,libero_10/5,Contact,Wrong Pose
b8ae7299a6b2_rollout_put_both_moka_pots_on_the_stove_failure_ep13_step482_20260428_065825,libero/train/b8ae7299a6b2_rollout_put_both_moka_pots_on_the_stove_failure_ep13_step482_20260428_065825.json,8d44f3691f97197ebd7d2236dce47b2c8e34d6cbf3b92ccd8fa7373526423df6,acc6826db5c45e170308166a19ac7732264f210aa51683729bf6526a9e6ae6a1,483,483,libero_10/8,Approach,Wrong Pose
ccad27912863_rollout_put_both_moka_pots_on_the_stove_failure_ep25_step131_20260428_070328,libero/train/ccad27912863_rollout_put_both_moka_pots_on_the_stove_failure_ep25_step131_20260428_070328.json,a28f2b4a20ffcea6930af28ee4fbd93cf0a8ebe4008994644ad9062deb4bfd27,de5c2b3e85f3135e0084b5784900c713af89ca2132f79cdb4277653de48a9b91,132,132,libero_10/8,Place,Wrong Pose
81edac7fe168_rollout_put_both_moka_pots_on_the_stove_failure_ep29_step135_20260428_070439,libero/train/81edac7fe168_rollout_put_both_moka_pots_on_the_stove_failure_ep29_step135_20260428_070439.json,226c0e667394037f371ad0a83f4e55845aff7e3dd5659adc67dee4daf42269bf,a9bfb719b5e1097c3df53799814abfe49b0d5e77dfe6f28d4e65629e6db90dfc,136,136,libero_10/8,Contact,Wrong Pose
8c419af4f25d_rollout_put_both_moka_pots_on_the_stove_failure_ep36_step123_20260428_071159,libero/train/8c419af4f25d_rollout_put_both_moka_pots_on_the_stove_failure_ep36_step123_20260428_071159.json,fcf832ddbc48d2d160172dadb6c3b2baf9fa0df8e4ed23c6813311f59bf01f4c,2019219ad8118d69a0c48da3d37b957f8c77e1e528e5d51720019f65cf09d93a,124,124,libero_10/8,Move,Wrong Pose
afa0d220b57c_rollout_put_both_moka_pots_on_the_stove_failure_ep41_step395_20260428_071457,libero/train/afa0d220b57c_rollout_put_both_moka_pots_on_the_stove_failure_ep41_step395_20260428_071457.json,369d8f44bb5186d55568684d26a4c7985ba72f76268026c4fa171e19c80b3efa,ad9bda91ea328923c1b917ab3b432fa62bf0e4387e7e1e90fa1613342fb23c89,396,396,libero_10/8,Place,Wrong Pose
d7624b941989_rollout_put_both_moka_pots_on_the_stove_failure_ep42_step416_20260428_071525,libero/train/d7624b941989_rollout_put_both_moka_pots_on_the_stove_failure_ep42_step416_20260428_071525.json,4c946b46969283220d7dd664bd9ecd89ae2d2b01bc8ee6df79c64a9ab05cf347,aa85283c6c4d85bdbc70d52677176e566e50c010bd305e963f1e5f7c7181227f,417,417,libero_10/8,Approach,Scene Change
7d3f1abb85fe_rollout_put_both_moka_pots_on_the_stove_failure_ep8_step92_20260428_072646,libero/train/7d3f1abb85fe_rollout_put_both_moka_pots_on_the_stove_failure_ep8_step92_20260428_072646.json,fd3528da095006169a642eed5957e40fffa8ef33f263c6d277926a3993729d1f,2331f56717982338026e1d9500c427b4c1639d076933eaf8af1e57add0af417f,93,93,libero_10/8,Approach,Wrong Pose
19c65c8c0d91_rollout_put_both_the_alphabet_soup_and_the_cream_cheese_box_in_the_basket_failure_ep14_step219_20260428_073035,libero/train/19c65c8c0d91_rollout_put_both_the_alphabet_soup_and_the_cream_cheese_box_in_the_basket_failure_ep14_step219_20260428_073035.json,2d4818a558068de06f1a96c5403bdf17d26a98bdec65b7bf1b9b2c3989b74ca3,cf20d4ee539fe5c31634e7bd0495fb59355433dd6f6eaa22588ee2f30b6ce7e0,220,220,libero_10/7,Move,Wrong Pose
d1e25cf8f484_rollout_put_both_the_alphabet_soup_and_the_cream_cheese_box_in_the_basket_failure_ep15_step239_20260428_073103,libero/train/d1e25cf8f484_rollout_put_both_the_alphabet_soup_and_the_cream_cheese_box_in_the_basket_failure_ep15_step239_20260428_073103.json,e858f932a02324e46f578f02428722a84d8a5c3602387e57a6286444807c5c82,1e06e5c95d05985c4672272f73c581d373722875ef8d0fb8daff55a3e90a126c,240,240,libero_10/7,Move,Wrong Pose
6e8976ad8cad_rollout_put_both_the_alphabet_soup_and_the_cream_cheese_box_in_the_basket_failure_ep21_step168_20260428_073214,libero/train/6e8976ad8cad_rollout_put_both_the_alphabet_soup_and_the_cream_cheese_box_in_the_basket_failure_ep21_step168_20260428_073214.json,858ef33660440d81fd9b7a115d2f968d8e2411818b6626492f438c95f073f413,07010cd83b52fb70c12b159cee3c58f94a33483cfe55e531364d70aaa66cef64,169,169,libero_10/7,Approach,Wrong Target
4c6e53545d9a_rollout_put_both_the_alphabet_soup_and_the_cream_cheese_box_in_the_basket_failure_ep27_step64_20260428_073306,libero/train/4c6e53545d9a_rollout_put_both_the_alphabet_soup_and_the_cream_cheese_box_in_the_basket_failure_ep27_step64_20260428_073306.json,018acdec60cac570a563482069b72436b8bf54ab7aa383102d3344ef21cf2602,5c4231e419e9f895fa97dafb66d90e68fb778d7c934ee31a86479743fb830016,65,65,libero_10/7,Approach,Wrong Target
bb85ac64253d_rollout_put_both_the_alphabet_soup_and_the_cream_cheese_box_in_the_basket_failure_ep31_step238_20260428_073450,libero/train/bb85ac64253d_rollout_put_both_the_alphabet_soup_and_the_cream_cheese_box_in_the_basket_failure_ep31_step238_20260428_073450.json,a426f1b2625d903e512668cfbac00b6be8c93aeb3e068b598177fbe77d7c042f,07da00d8bb25b329def42881c8b1c496952ab1f77ce06338cb154ae9041948f4,239,239,libero_10/7,Move,Wrong Pose
1277e3849a1e_rollout_put_both_the_alphabet_soup_and_the_cream_cheese_box_in_the_basket_failure_ep43_step189_20260428_074013,libero/train/1277e3849a1e_rollout_put_both_the_alphabet_soup_and_the_cream_cheese_box_in_the_basket_failure_ep43_step189_20260428_074013.json,ce3811ec4cf805e87649d765cff77349a70e6d237fca1444ca2f140a8b65074f,9127a38f7a42ae7ea74edb97ae0d8f7b4896284555e640aa6f8f2750a494d352,190,190,libero_10/7,Approach,Scene Change
5ce4bfd8e0da_rollout_put_both_the_alphabet_soup_and_the_cream_cheese_box_in_the_basket_failure_ep47_step133_20260428_074041,libero/train/5ce4bfd8e0da_rollout_put_both_the_alphabet_soup_and_the_cream_cheese_box_in_the_basket_failure_ep47_step133_20260428_074041.json,e8414aa2157ebb250dbbe7e3ae55382a01fa92181ac6c6496e4cd2fd0e6cc138,62f4b854423dc37e67b8cfea07ba5ed27d71dc07857db6486ab885f42f3b8c56,134,134,libero_10/7,Place,Wrong Pose
99f07d3b30ea_rollout_put_both_the_alphabet_soup_and_the_tomato_sauce_in_the_basket_failure_ep16_step35_20260428_074653,libero/train/99f07d3b30ea_rollout_put_both_the_alphabet_soup_and_the_tomato_sauce_in_the_basket_failure_ep16_step35_20260428_074653.json,7b86ce8dbfb22482052ad0b4309ccf2557a81dbe3295b87f429634766dd0325d,9bf105b7b0b50600a4802969438229233b59a6de416b835eace4030de8b2dd8a,36,36,libero_10/0,Approach,Wrong Target
4d1e36683dc7_rollout_put_both_the_alphabet_soup_and_the_tomato_sauce_in_the_basket_failure_ep24_step15_20260428_074834,libero/train/4d1e36683dc7_rollout_put_both_the_alphabet_soup_and_the_tomato_sauce_in_the_basket_failure_ep24_step15_20260428_074834.json,3adbdb5894fb9ce937cb841f504188d78d7fb01a099827a62c88f889f8226e6d,bd7df1a2f9df6fd4803b187f2e1bddcd9ced4a6904d44c0ccb9733eb68d74640,16,16,libero_10/0,Approach,Wrong Target
3d1b890ee889_rollout_put_both_the_alphabet_soup_and_the_tomato_sauce_in_the_basket_failure_ep26_step81_20260428_074850,libero/train/3d1b890ee889_rollout_put_both_the_alphabet_soup_and_the_tomato_sauce_in_the_basket_failure_ep26_step81_20260428_074850.json,bdb87f0d0f949c0128563752c8c80338f7a8b6eac02ec66623ff6d792137a84a,7d643b04121669312fd605bb30f75040d7514a2e6cfdea72f42c2ba26b09be96,82,82,libero_10/0,Approach,Scene Change
e7bd67fdfa8e_rollout_put_both_the_alphabet_soup_and_the_tomato_sauce_in_the_basket_failure_ep27_step32_20260428_074929,libero/train/e7bd67fdfa8e_rollout_put_both_the_alphabet_soup_and_the_tomato_sauce_in_the_basket_failure_ep27_step32_20260428_074929.json,74b196734deceb25965765b07cad1e22ab79b384aaf3888f79b2ba3d17f3d133,d9e3d03bba6c3382563b4666400c03146caee6fe32d652d7dd104c0c58f4ed71,33,33,libero_10/0,Approach,Wrong Target
b477c87a477d_rollout_put_both_the_alphabet_soup_and_the_tomato_sauce_in_the_basket_failure_ep28_step360_20260428_075003,libero/train/b477c87a477d_rollout_put_both_the_alphabet_soup_and_the_tomato_sauce_in_the_basket_failure_ep28_step360_20260428_075003.json,792f70153a143746ab5515f23c97919afd75282c96eca48aa86f54a95541c842,913ff386a1017e1f4d8a5927c92f9cf07d3fca1bb177df0b83372cdc3737b3e7,361,361,libero_10/0,Approach,Scene Change
720fc7890135_rollout_put_both_the_alphabet_soup_and_the_tomato_sauce_in_the_basket_failure_ep2_step95_20260428_074743,libero/train/720fc7890135_rollout_put_both_the_alphabet_soup_and_the_tomato_sauce_in_the_basket_failure_ep2_step95_20260428_074743.json,ef5fc24a536a8d23b998e1f525a7d4d69205a29942bf1f4992b6a68aaf4abfaa,29ca7a0ff6bbb732b439ccae0f4f83bc5a22389e446a199a64b5f49bbef00617,96,96,libero_10/0,Approach,Wrong Target
08e30ae1ff78_rollout_put_both_the_alphabet_soup_and_the_tomato_sauce_in_the_basket_failure_ep35_step165_20260428_075111,libero/train/08e30ae1ff78_rollout_put_both_the_alphabet_soup_and_the_tomato_sauce_in_the_basket_failure_ep35_step165_20260428_075111.json,161fc8b00d6b104f822a8dac63b40a3b13d2ed16ef5c32baf1d608b09b0766ac,d6a1d09d256ba90e621f3683586d023820e2f55436a5525295f7101bce473f0e,166,166,libero_10/0,Approach,Wrong Pose
6588337fd595_rollout_put_both_the_alphabet_soup_and_the_tomato_sauce_in_the_basket_failure_ep4_step173_20260428_075136,libero/train/6588337fd595_rollout_put_both_the_alphabet_soup_and_the_tomato_sauce_in_the_basket_failure_ep4_step173_20260428_075136.json,5c59caf757f5e9ff8c9834b3454e812e9ec6c4db563f03d12e60ac7fc88c8c8f,6a1d2f19bacc2e42c937e36ca9ee02e060b8d6c87ac1ed8310597adc3f52a684,174,174,libero_10/0,Approach,Stage Rollback
2aea13a4d618_rollout_put_both_the_cream_cheese_box_and_the_butter_in_the_basket_failure_ep12_step433_20260428_075536,libero/train/2aea13a4d618_rollout_put_both_the_cream_cheese_box_and_the_butter_in_the_basket_failure_ep12_step433_20260428_075536.json,066303141503a552a55f7fce7a794f2c87d95f462ecdda1b4c7e803fc10dc3ac,7e8027945449a3a02199fb88ad91bff0ddf95d23eccb175a2591abd463d6c5e5,434,434,libero_10/1,Move,Wrong Target
3e6d6c102b4e_rollout_put_both_the_cream_cheese_box_and_the_butter_in_the_basket_failure_ep15_step282_20260428_075556,libero/train/3e6d6c102b4e_rollout_put_both_the_cream_cheese_box_and_the_butter_in_the_basket_failure_ep15_step282_20260428_075556.json,1ffab1659a6d54503cc3b4b4e3a48a58b57b3415c5aec8d066d533a00a4c0359,d812c20e715596759b61dac5ef8a49c03ba402b999429cb0dfccbdccd75faac9,283,283,libero_10/1,Approach,Wrong Pose
b4cf4b46e2ee_rollout_put_both_the_cream_cheese_box_and_the_butter_in_the_basket_failure_ep22_step204_20260428_075715,libero/train/b4cf4b46e2ee_rollout_put_both_the_cream_cheese_box_and_the_butter_in_the_basket_failure_ep22_step204_20260428_075715.json,fc23be443033e59fa53cde4fa8fcea4a4639d1ad520bdda9486a2340f8671187,d02221172472186b54c9a59dac3c5685a3f39160eacff90333db838ad7d22a73,205,205,libero_10/1,Approach,Stage Rollback
36b09d19b253_rollout_put_both_the_cream_cheese_box_and_the_butter_in_the_basket_failure_ep25_step255_20260428_075743,libero/train/36b09d19b253_rollout_put_both_the_cream_cheese_box_and_the_butter_in_the_basket_failure_ep25_step255_20260428_075743.json,714b2f74534945e4afba43e1c620611d8915cdfff9768256bbdb1ecb010212e4,c614e6b257972dff2955d7bd32f95a9b38cd5b2ab91dea0204b42c0ef9f0dd7a,256,256,libero_10/1,Move,Wrong Pose
fb2d214a6d90_rollout_put_both_the_cream_cheese_box_and_the_butter_in_the_basket_failure_ep2_step251_20260428_075632,libero/train/fb2d214a6d90_rollout_put_both_the_cream_cheese_box_and_the_butter_in_the_basket_failure_ep2_step251_20260428_075632.json,63d9bed6fe917e261fe84fbd29cf2f80e3d37bf1aa04410c3efad42dfe77dee8,ed2122902ec73d844c106e4577aff079dbab8b2346a04700aa4db768b06d5d3f,252,252,libero_10/1,Place,Wrong Target
8bb3d571182f_rollout_put_both_the_cream_cheese_box_and_the_butter_in_the_basket_failure_ep45_step288_20260428_075924,libero/train/8bb3d571182f_rollout_put_both_the_cream_cheese_box_and_the_butter_in_the_basket_failure_ep45_step288_20260428_075924.json,098cd2c46e71e4e52d15382b17f23864b5b7dab097085564600057266f5e2c4e,9d8826d1f5d6e4e21d9f98d2034a9458594a1162fec33c828bde302eccf62e59,289,289,libero_10/1,Approach,Wrong Pose
25ae332698be_rollout_put_both_the_cream_cheese_box_and_the_butter_in_the_basket_failure_ep49_step182_20260428_080026,libero/train/25ae332698be_rollout_put_both_the_cream_cheese_box_and_the_butter_in_the_basket_failure_ep49_step182_20260428_080026.json,8b18d2352c2533bb9cfb4bbb1c32c10c2f6c811d36d4e775772cbe3cc3c1aabb,3a7c7eadbf494df95029936335c8e0354491e94743eac6ee09ee641de3d28c85,183,183,libero_10/1,Approach,Wrong Target
b73a2f87bcb0_rollout_put_the_black_bowl_in_the_bottom_drawer_of_the_cabinet_and_close_it_failure_ep0_step78_20260428_080331,libero/train/b73a2f87bcb0_rollout_put_the_black_bowl_in_the_bottom_drawer_of_the_cabinet_and_close_it_failure_ep0_step78_20260428_080331.json,5cbb248ebdc44cbf3e68cd025a784852044eb14285739a3918fd1c3e4a2272ec,1bb18091790d70d8adffbaaf365237999243b5b3e547108b0d2a0ead224531c5,79,79,libero_10/3,Approach,Wrong Pose
a88a1432ab25_rollout_put_the_black_bowl_in_the_bottom_drawer_of_the_cabinet_and_close_it_failure_ep15_step213_20260428_081623,libero/train/a88a1432ab25_rollout_put_the_black_bowl_in_the_bottom_drawer_of_the_cabinet_and_close_it_failure_ep15_step213_20260428_081623.json,3014375643814da418a7092651e1bc0ea1aae44a9712547ba56bba50923db08f,44d146e35fb40016a8c1d05c37c9df125346b1b5c51b8ec4c0d48c6dda31d5ed,214,214,libero_10/3,Move,Wrong Pose
0bd75a51fb15_rollout_put_the_black_bowl_in_the_bottom_drawer_of_the_cabinet_and_close_it_failure_ep17_step206_20260428_081714,libero/train/0bd75a51fb15_rollout_put_the_black_bowl_in_the_bottom_drawer_of_the_cabinet_and_close_it_failure_ep17_step206_20260428_081714.json,148f9352dd6cb827cdca668974aa529c1382def7bdafc766828214f1d7f0ae45,82a25cf771f17658ba44885066b67fb588b61dad4823717d5294fc3d18d183f0,207,207,libero_10/3,Move,Wrong Pose
d11bdaf0de1b_rollout_put_the_black_bowl_in_the_bottom_drawer_of_the_cabinet_and_close_it_failure_ep18_step166_20260428_081832,libero/train/d11bdaf0de1b_rollout_put_the_black_bowl_in_the_bottom_drawer_of_the_cabinet_and_close_it_failure_ep18_step166_20260428_081832.json,a1817fc66869797d3cf90d97bc79317e0313edeaa94ddfdceea971845bb822b7,c42b5d56c779a56fc23141e26ef19133df253102184a859f3475c54de4e82fb2,167,167,libero_10/3,Contact,Wrong Pose
510e19dfa7c0_rollout_put_the_black_bowl_in_the_bottom_drawer_of_the_cabinet_and_close_it_failure_ep22_step157_20260428_082119,libero/train/510e19dfa7c0_rollout_put_the_black_bowl_in_the_bottom_drawer_of_the_cabinet_and_close_it_failure_ep22_step157_20260428_082119.json,21a47c974d0eec4cec336d390e4f6e1012b903b45299a5a973430c7994f58d96,fb751d40cd8c06ae4ecfff58783337bda4223632123d0b73cdeb52fcde672217,158,158,libero_10/3,Contact,Wrong Pose
4015fd03a437_rollout_put_the_black_bowl_in_the_bottom_drawer_of_the_cabinet_and_close_it_failure_ep23_step132_20260428_082335,libero/train/4015fd03a437_rollout_put_the_black_bowl_in_the_bottom_drawer_of_the_cabinet_and_close_it_failure_ep23_step132_20260428_082335.json,8b4b79c0d1cda06d69e5488acfe6c533f4a7ad9afcfbb71d9a759f37697a1e6d,3277d751358d9f3a36624d772db391f903b77c8cafa385bbb314f68936dc6d68,133,133,libero_10/3,Approach,Wrong Pose
2521947840ac_rollout_put_the_black_bowl_in_the_bottom_drawer_of_the_cabinet_and_close_it_failure_ep26_step186_20260428_082511,libero/train/2521947840ac_rollout_put_the_black_bowl_in_the_bottom_drawer_of_the_cabinet_and_close_it_failure_ep26_step186_20260428_082511.json,bf44bae2a82d4ef4195d232cc89874217e94779b896a74351ec583b54b4b1ae4,795a06b3a22f65431b2234e2448b3851dd8d922d30a50fe3f3b3f5b732b4c41d,187,187,libero_10/3,Contact,Wrong Pose
4934e5bf4558_rollout_put_the_black_bowl_in_the_bottom_drawer_of_the_cabinet_and_close_it_failure_ep29_step241_20260428_082603,libero/train/4934e5bf4558_rollout_put_the_black_bowl_in_the_bottom_drawer_of_the_cabinet_and_close_it_failure_ep29_step241_20260428_082603.json,da050d7620d18f0f8eca4c5348deab5084821b17cd771c79072cdea8b1680f43,f48a9b53f5a738326797bb7a18ee31f3c40527a0077aac16687d0e0a5feedce9,242,242,libero_10/3,Approach,Scene Change
2d5c2ead8385_rollout_put_the_black_bowl_in_the_bottom_drawer_of_the_cabinet_and_close_it_failure_ep37_step216_20260428_082853,libero/train/2d5c2ead8385_rollout_put_the_black_bowl_in_the_bottom_drawer_of_the_cabinet_and_close_it_failure_ep37_step216_20260428_082853.json,81f11792636bac61b5b2fb1235e46d66afc52690fe1a0485740c0714e3701eaa,fc3f1e6e9946e8ff6fc1dab228c786db390d0f024d94de22ec66e4b937c004e9,217,217,libero_10/3,Move,Wrong Pose
1857c12854bf_rollout_put_the_black_bowl_in_the_bottom_drawer_of_the_cabinet_and_close_it_failure_ep39_step186_20260428_082919,libero/train/1857c12854bf_rollout_put_the_black_bowl_in_the_bottom_drawer_of_the_cabinet_and_close_it_failure_ep39_step186_20260428_082919.json,75beb184c929ac6c59c82b1c4454776ea9d30f7974dd50e3739dfa8199e7b8a0,c7bcdc1d294b074a68292383862b7f02dfb06455957265e941f47cbce86413d5,187,187,libero_10/3,Move,Wrong Pose
2c9bff1d2e99_rollout_put_the_black_bowl_in_the_bottom_drawer_of_the_cabinet_and_close_it_failure_ep5_step67_20260428_083158,libero/train/2c9bff1d2e99_rollout_put_the_black_bowl_in_the_bottom_drawer_of_the_cabinet_and_close_it_failure_ep5_step67_20260428_083158.json,4c42a74aaa5353dae7f5999fb1ef10f57164eb6b670b82b0e2ec9158b86f1110,99b66b868c9d33839ce15c4bce56377eeff2a4b163a3c60f61bbb5d2c8e82dda,68,68,libero_10/3,Approach,Wrong Target
862238745e3e_rollout_put_the_white_mug_on_the_left_plate_and_put_the_yellow_and_white_mug_on_the_right_plate_failure_ep10_step148_20260428_083730,libero/train/862238745e3e_rollout_put_the_white_mug_on_the_left_plate_and_put_the_yellow_and_white_mug_on_the_right_plate_failure_ep10_step148_20260428_083730.json,54b1d6df02e5b7643e3d81a4d508d55cc79c861f1cb1a3b11096ecaf06509165,4a4d9fd97be66ea368125159502435ffc615c69531d9867aabdf4228563e8c02,149,149,libero_10/4,Place,Wrong Target
0d7e2a2f4b42_rollout_put_the_white_mug_on_the_left_plate_and_put_the_yellow_and_white_mug_on_the_right_plate_failure_ep15_step129_20260428_083904,libero/train/0d7e2a2f4b42_rollout_put_the_white_mug_on_the_left_plate_and_put_the_yellow_and_white_mug_on_the_right_plate_failure_ep15_step129_20260428_083904.json,7efbb4874998c37c9b64989b251bca990459d04b68f75b86e0cf38b5f095d5e3,d58899b3c9d740a2af4eee618fb5a4beed66a604856623bef22f41910186327e,130,130,libero_10/4,Place,Wrong Pose
39577595ca9f_rollout_put_the_white_mug_on_the_left_plate_and_put_the_yellow_and_white_mug_on_the_right_plate_failure_ep22_step82_20260428_084100,libero/train/39577595ca9f_rollout_put_the_white_mug_on_the_left_plate_and_put_the_yellow_and_white_mug_on_the_right_plate_failure_ep22_step82_20260428_084100.json,8004f152ab0d49082665a126ad2207a33213cf7f01981d233043b5f7b8d38a72,308eb14518e4faf917829debdc0932479f9f0ae63643edee31ce769468d23fd2,83,83,libero_10/4,Place,Wrong Pose
aef0f0437d69_rollout_put_the_white_mug_on_the_left_plate_and_put_the_yellow_and_white_mug_on_the_right_plate_failure_ep24_step67_20260428_084123,libero/train/aef0f0437d69_rollout_put_the_white_mug_on_the_left_plate_and_put_the_yellow_and_white_mug_on_the_right_plate_failure_ep24_step67_20260428_084123.json,b5510614516a6c61b2e3c35b3d1f39c38374bb102f9c46eac508386b29e5fbcf,35fdf57773862c560595e618f2ac40d4f0ddd8059eebf209677d98fd157dfd8a,68,68,libero_10/4,Place,Wrong Pose
bd8bafa89f2b_rollout_put_the_white_mug_on_the_left_plate_and_put_the_yellow_and_white_mug_on_the_right_plate_failure_ep25_step150_20260428_084159,libero/train/bd8bafa89f2b_rollout_put_the_white_mug_on_the_left_plate_and_put_the_yellow_and_white_mug_on_the_right_plate_failure_ep25_step150_20260428_084159.json,0203bb232be1651aff833289f492d1f5db8dceef9f951bbb34c139b94220a6a6,d596e1694fd230a5c9b17291811c4357631758fb0d971c5ae7fc67d131eb79eb,151,151,libero_10/4,Approach,Wrong Pose
d7143239a364_rollout_put_the_white_mug_on_the_left_plate_and_put_the_yellow_and_white_mug_on_the_right_plate_failure_ep27_step80_20260428_084228,libero/train/d7143239a364_rollout_put_the_white_mug_on_the_left_plate_and_put_the_yellow_and_white_mug_on_the_right_plate_failure_ep27_step80_20260428_084228.json,41ebe17e12878c185a21d0ff85ec694d30b1b3e01506f8c1a20e4b5f1ba15eaf,46d65c85532278a7a7d6feb7217bf77403cf7269230834204083189c787e6aee,81,81,libero_10/4,Place,Wrong Pose
d83982347b60_rollout_put_the_white_mug_on_the_left_plate_and_put_the_yellow_and_white_mug_on_the_right_plate_failure_ep32_step53_20260428_084520,libero/train/d83982347b60_rollout_put_the_white_mug_on_the_left_plate_and_put_the_yellow_and_white_mug_on_the_right_plate_failure_ep32_step53_20260428_084520.json,f41280b702ce8c1adfd09afe55b9224d77141699bfe4f90cbdfb94bcee4ff46f,957b7cee8563c9c6e5ffc3e59a92e9cecc14fda10d98d813e460cb9d080131b8,54,54,libero_10/4,Approach,Wrong Pose
99922868c002_rollout_put_the_white_mug_on_the_left_plate_and_put_the_yellow_and_white_mug_on_the_right_plate_failure_ep33_step27_20260428_084601,libero/train/99922868c002_rollout_put_the_white_mug_on_the_left_plate_and_put_the_yellow_and_white_mug_on_the_right_plate_failure_ep33_step27_20260428_084601.json,46c1856e5d6ed18ac3d22cb010ef9f0ece5095c4cc079dc3e2f22c11292eed66,3f2e13265d15d0f03b224e0fc87076889bcdc511ae8bfec4e72c97f616412318,28,28,libero_10/4,Approach,Wrong Pose
7418e58994de_rollout_put_the_white_mug_on_the_left_plate_and_put_the_yellow_and_white_mug_on_the_right_plate_failure_ep35_step95_20260428_085037,libero/train/7418e58994de_rollout_put_the_white_mug_on_the_left_plate_and_put_the_yellow_and_white_mug_on_the_right_plate_failure_ep35_step95_20260428_085037.json,1b48a8943f56938664ae20de1c532f074a0b67b9010a65f3545dbc222a5c3379,03d4bf94c6d3ad64ff6c97385d9eccad2666a73486c6f177835bae50de75d12b,96,96,libero_10/4,Place,Wrong Pose
339796c1f689_rollout_put_the_white_mug_on_the_left_plate_and_put_the_yellow_and_white_mug_on_the_right_plate_failure_ep40_step160_20260428_085713,libero/train/339796c1f689_rollout_put_the_white_mug_on_the_left_plate_and_put_the_yellow_and_white_mug_on_the_right_plate_failure_ep40_step160_20260428_085713.json,5a0c6a3a90d3059ed307cab50ebcde4bc85d01216db58d5c295ad0129a156070,8afdd1da4d9c40d64e743b3da4a7d316a081956033b956240e1dbebc6346fb15,161,161,libero_10/4,Contact,Wrong Pose
f942db659919_rollout_put_the_white_mug_on_the_left_plate_and_put_the_yellow_and_white_mug_on_the_right_plate_failure_ep42_step37_20260428_085819,libero/train/f942db659919_rollout_put_the_white_mug_on_the_left_plate_and_put_the_yellow_and_white_mug_on_the_right_plate_failure_ep42_step37_20260428_085819.json,701ead14b100c64aaefaf19d27a3dea6fe11c47f36a6b5788406df62d6da8faa,a90349c8fe9c90a5ada2d295fd4899ace50d42a22e2c1b3e74bc92dd53c55168,38,38,libero_10/4,Approach,Wrong Pose
48925f269ff5_rollout_put_the_white_mug_on_the_left_plate_and_put_the_yellow_and_white_mug_on_the_right_plate_failure_ep45_step30_20260428_090001,libero/train/48925f269ff5_rollout_put_the_white_mug_on_the_left_plate_and_put_the_yellow_and_white_mug_on_the_right_plate_failure_ep45_step30_20260428_090001.json,2d7e1777f661a938aa5a6ca0c19c39e736e914ca674cd5aeaa7d34a125459c17,357403871feeb880e9863982d0f4f6fce2dc218aaf090b9bd800ef6f09fc2f54,31,31,libero_10/4,Approach,Wrong Pose
2cf1dbc6761c_rollout_put_the_white_mug_on_the_left_plate_and_put_the_yellow_and_white_mug_on_the_right_plate_failure_ep48_step101_20260428_090050,libero/train/2cf1dbc6761c_rollout_put_the_white_mug_on_the_left_plate_and_put_the_yellow_and_white_mug_on_the_right_plate_failure_ep48_step101_20260428_090050.json,945886f3ec5a68c4d07c0448e3066c75bac141fa9648ff75189587c530a69974,afd1a63a6b9ebdb9cf964509fadcdacb5132bd0b1f82b36dea8ebb9f3c0f3468,102,102,libero_10/4,Place,Wrong Pose
00effa73a377_rollout_put_the_white_mug_on_the_left_plate_and_put_the_yellow_and_white_mug_on_the_right_plate_failure_ep9_step24_20260428_090522,libero/train/00effa73a377_rollout_put_the_white_mug_on_the_left_plate_and_put_the_yellow_and_white_mug_on_the_right_plate_failure_ep9_step24_20260428_090522.json,0133b6318e7896990b7133ef82378104f4fa6ef9dd7341f21a88c2d037a4a9ea,55186b42258d8af7ea4bcd119ca0eee60d8598f2f44ddd82cb688cb7d58275b8,25,25,libero_10/4,Approach,Wrong Pose
aec8bfd95e99_rollout_put_the_white_mug_on_the_plate_and_put_the_chocolate_pudding_to_the_right_of_the_plate_failure_ep0_step127_20260428_090652,libero/train/aec8bfd95e99_rollout_put_the_white_mug_on_the_plate_and_put_the_chocolate_pudding_to_the_right_of_the_plate_failure_ep0_step127_20260428_090652.json,d14d9023bedc68b4fd666a2f9fbc81716ee6a8adbccbaca2416ebd86bf3e276c,578e0fadc7715613bcc93ed793b97efd5beaafb99481861c2434c203d231d79b,128,128,libero_10/6,Place,Wrong Pose
2c1e76f6b4d2_rollout_put_the_white_mug_on_the_plate_and_put_the_chocolate_pudding_to_the_right_of_the_plate_failure_ep14_step49_20260428_091211,libero/train/2c1e76f6b4d2_rollout_put_the_white_mug_on_the_plate_and_put_the_chocolate_pudding_to_the_right_of_the_plate_failure_ep14_step49_20260428_091211.json,a73f957c28b879306a8a540386e9e8a4ffca4a18dabe8359e722d693c2552b9d,a9e30a75b80f94f895adb8010e5698a7eb95791106116106714bd396cd1beacd,50,50,libero_10/6,Approach,Wrong Pose
8bb73a2c8d95_rollout_put_the_white_mug_on_the_plate_and_put_the_chocolate_pudding_to_the_right_of_the_plate_failure_ep17_step157_20260428_091255,libero/train/8bb73a2c8d95_rollout_put_the_white_mug_on_the_plate_and_put_the_chocolate_pudding_to_the_right_of_the_plate_failure_ep17_step157_20260428_091255.json,c16970dc99414630f404f0bb3063edcb527e7e75178488009c9e29ec2863ee38,905f8807136510472edafbbf3e255b1ee13bd922db19dfa16e1aaebaa123ccc5,158,158,libero_10/6,Contact,Wrong Pose
5c03100a2198_rollout_put_the_white_mug_on_the_plate_and_put_the_chocolate_pudding_to_the_right_of_the_plate_failure_ep18_step217_20260428_091323,libero/train/5c03100a2198_rollout_put_the_white_mug_on_the_plate_and_put_the_chocolate_pudding_to_the_right_of_the_plate_failure_ep18_step217_20260428_091323.json,7b856dd270b309ffa24a41bf0a0a9cdf5687fd6fd20678fb420c27ebce10658d,8f9043f56f857b0dbda76cde3aa42b4d310316f521cdd4fa38890522277c333c,218,218,libero_10/6,Approach,Scene Change
953db49ae2a9_rollout_put_the_white_mug_on_the_plate_and_put_the_chocolate_pudding_to_the_right_of_the_plate_failure_ep1_step265_20260428_090814,libero/train/953db49ae2a9_rollout_put_the_white_mug_on_the_plate_and_put_the_chocolate_pudding_to_the_right_of_the_plate_failure_ep1_step265_20260428_090814.json,35feed56db0c09542cdf725bd8d0b2474279a830ab28752645abd3a695295169,7c0b205b69f9872ce14849e0b363fa383a935fbcab5b6c1c55f5d06c0ea840b3,266,266,libero_10/6,Approach,Stage Rollback
6c74d9927dca_rollout_put_the_white_mug_on_the_plate_and_put_the_chocolate_pudding_to_the_right_of_the_plate_failure_ep21_step13_20260428_091424,libero/train/6c74d9927dca_rollout_put_the_white_mug_on_the_plate_and_put_the_chocolate_pudding_to_the_right_of_the_plate_failure_ep21_step13_20260428_091424.json,426ea04d2b4b9f89b2770f9e1839a0a988725873862805e2d130bf8f91dc8779,4264b5431b91cc692db83978a850da78765553056ffcf222ce9f7d13e5498676,14,14,libero_10/6,Approach,Wrong Target
3d0b6cd913cf_rollout_put_the_white_mug_on_the_plate_and_put_the_chocolate_pudding_to_the_right_of_the_plate_failure_ep27_step132_20260428_091608,libero/train/3d0b6cd913cf_rollout_put_the_white_mug_on_the_plate_and_put_the_chocolate_pudding_to_the_right_of_the_plate_failure_ep27_step132_20260428_091608.json,923346c81332f5ae1b81c91eb7d9fb47e9257f7fc5200a049994f90cd205f028,682b282c11443975c0d03cf9a37458ff66935df9cceedf44b17fedeb53503257,133,133,libero_10/6,Approach,Wrong Pose
9cce038911d2_rollout_put_the_white_mug_on_the_plate_and_put_the_chocolate_pudding_to_the_right_of_the_plate_failure_ep48_step172_20260428_093005,libero/train/9cce038911d2_rollout_put_the_white_mug_on_the_plate_and_put_the_chocolate_pudding_to_the_right_of_the_plate_failure_ep48_step172_20260428_093005.json,9c072e0e745081d7f6abf05a77a1365d7a8130f41cee8fe6f37b8fa1ba354a59,15c21b97e7b7dd404fc6556d843a630c70de608f123d487f1fd274acc5fcefb3,173,173,libero_10/6,Approach,Wrong Pose
a53eee2f166c_rollout_put_the_white_mug_on_the_plate_and_put_the_chocolate_pudding_to_the_right_of_the_plate_failure_ep49_step125_20260428_093031,libero/train/a53eee2f166c_rollout_put_the_white_mug_on_the_plate_and_put_the_chocolate_pudding_to_the_right_of_the_plate_failure_ep49_step125_20260428_093031.json,6e199fe24aa20a1168b1034be10bd2113f3d7aa4fb318b17fa64e4b060606b99,b7a9ebe0c6f3783cc5ca816b517bec64bac4bcb917a544ec775baec0055c7da1,126,126,libero_10/6,Place,Wrong Pose
c1dee30fa99b_rollout_put_the_yellow_and_white_mug_in_the_microwave_and_close_it_failure_ep11_step223_20260428_093327,libero/train/c1dee30fa99b_rollout_put_the_yellow_and_white_mug_in_the_microwave_and_close_it_failure_ep11_step223_20260428_093327.json,defe018ef831bd51d7272abf2442aa2215bb5497c9bb8abc9a3a6e144e550ed3,cb1734d338c600b4f2beca23c302f3a1136bc30c53b2774342d491943e83ec2b,224,224,libero_10/9,Move,Wrong Pose
ae0ddbbe1564_rollout_put_the_yellow_and_white_mug_in_the_microwave_and_close_it_failure_ep12_step150_20260428_093406,libero/train/ae0ddbbe1564_rollout_put_the_yellow_and_white_mug_in_the_microwave_and_close_it_failure_ep12_step150_20260428_093406.json,ab8d72b0d120fd6d3a2c91ffbb39ef96329cc6ef0dabeafdf7d7ca6ecd64d460,db6e06256879f9d375f9fa1731f38168059bd7a9fe6891b8e330b6ee682ff3c3,151,151,libero_10/9,Approach,Scene Change
2ea60a42f2c1_rollout_put_the_yellow_and_white_mug_in_the_microwave_and_close_it_failure_ep13_step134_20260428_093426,libero/train/2ea60a42f2c1_rollout_put_the_yellow_and_white_mug_in_the_microwave_and_close_it_failure_ep13_step134_20260428_093426.json,52e5dc6c3d2f284ee39d3a4a790d6af0cca480ee8496df4bb6bd5db4c27a449f,114b70e86cdb9b0b237139e39437872e3434a0b348a1872c84938585a64b9116,135,135,libero_10/9,Approach,Wrong Pose
39b5e3c2b0b8_rollout_put_the_yellow_and_white_mug_in_the_microwave_and_close_it_failure_ep14_step182_20260428_093650,libero/train/39b5e3c2b0b8_rollout_put_the_yellow_and_white_mug_in_the_microwave_and_close_it_failure_ep14_step182_20260428_093650.json,76fc1d82078c256fe06d8a3241743e339e0ac04956c3e05e9c2fdb920146d45e,874b1aac4fc51536ba2607c22674aa9deca6e614a940ec959c595d413031fdec,183,183,libero_10/9,Contact,Wrong Pose
78258eac218d_rollout_put_the_yellow_and_white_mug_in_the_microwave_and_close_it_failure_ep20_step202_20260428_093725,libero/train/78258eac218d_rollout_put_the_yellow_and_white_mug_in_the_microwave_and_close_it_failure_ep20_step202_20260428_093725.json,a6cb42566d9841d3f15ce26b3247c9688abccf25b8004df08dcf62246535e2c7,aef33ee183fcd31358159dfa2585ddda2c7c9c06bbf501265bb9110825eb32dc,203,203,libero_10/9,Contact,Wrong Pose
207a473a2680_rollout_put_the_yellow_and_white_mug_in_the_microwave_and_close_it_failure_ep26_step102_20260428_101934,libero/train/207a473a2680_rollout_put_the_yellow_and_white_mug_in_the_microwave_and_close_it_failure_ep26_step102_20260428_101934.json,e47b3eab984015535d051ea0b0206fbc4df06b1633f2bbccb2dcdb46cd603092,c9905e9f3c9a13791e49b7d91b71e67d17b62c63765492626c5e22a21d135deb,103,103,libero_10/9,Approach,Wrong Pose
5b5010247964_rollout_put_the_yellow_and_white_mug_in_the_microwave_and_close_it_failure_ep30_step114_20260428_102214,libero/train/5b5010247964_rollout_put_the_yellow_and_white_mug_in_the_microwave_and_close_it_failure_ep30_step114_20260428_102214.json,15f7052fe2f6161b9bc2f2b0a87b74fd61de2804b7c0ebf031a6dd86f39b926f,2b67f978a3317c179e6db756df545c7829dfd567db23a56d307213f30130e7ee,115,115,libero_10/9,Approach,Scene Change
c8bfd52342ed_rollout_put_the_yellow_and_white_mug_in_the_microwave_and_close_it_failure_ep32_step128_20260428_102246,libero/train/c8bfd52342ed_rollout_put_the_yellow_and_white_mug_in_the_microwave_and_close_it_failure_ep32_step128_20260428_102246.json,7c31d24750e800608ca72719bcdcdb2ed53dfc130469453e3e662cdc35e0dffa,0b3604210af97e0d0fb20fb93a2e9bed615822ab6772f453b711f37ba1c3abfc,129,129,libero_10/9,Move,Wrong Pose
81cfbf74850d_rollout_put_the_yellow_and_white_mug_in_the_microwave_and_close_it_failure_ep34_step84_20260428_102308,libero/train/81cfbf74850d_rollout_put_the_yellow_and_white_mug_in_the_microwave_and_close_it_failure_ep34_step84_20260428_102308.json,85b74c1febf244e7d79b189de9af0d2f1c4bf60374f0eec9ce8ed8096ce8c759,4534f035da23507800b84a1c5ccf614cc985b97891f0e3397caa10f57abe4065,85,85,libero_10/9,Approach,Wrong Pose
1865983114f5_rollout_put_the_yellow_and_white_mug_in_the_microwave_and_close_it_failure_ep37_step144_20260428_103103,libero/train/1865983114f5_rollout_put_the_yellow_and_white_mug_in_the_microwave_and_close_it_failure_ep37_step144_20260428_103103.json,6e21377939387f0ecf492ba818ee9bc145948e79df7a787bfe51e4cefe375e87,7f8330334db525d452583c78f9851d88c48ed039682c598ddc0ec1aa43bd830c,145,145,libero_10/9,Move,Wrong Pose
cba9aeb95ce8_rollout_put_the_yellow_and_white_mug_in_the_microwave_and_close_it_failure_ep39_step177_20260428_103217,libero/train/cba9aeb95ce8_rollout_put_the_yellow_and_white_mug_in_the_microwave_and_close_it_failure_ep39_step177_20260428_103217.json,d3aea3fd599c66ddccbcb026d0af351c91c7f997327a0e5f77d7140dc04ee532,fe8cb7957bd81600245927e53c892c09856612727f867db45e52107e000395ff,178,178,libero_10/9,Move,Wrong Pose
b96300d03822_rollout_put_the_yellow_and_white_mug_in_the_microwave_and_close_it_failure_ep3_step46_20260428_102135,libero/train/b96300d03822_rollout_put_the_yellow_and_white_mug_in_the_microwave_and_close_it_failure_ep3_step46_20260428_102135.json,8e7b4fd536e5170061dfd83e15a41f5841d9978e4a1e60392fd22b61532b1f7d,4d066e1e0e5fbcb016450e9df02662bd18056fc6eab0dda8e0acac4ff5d3532e,47,47,libero_10/9,Approach,Wrong Target
ae1a89bc859f_rollout_put_the_yellow_and_white_mug_in_the_microwave_and_close_it_failure_ep40_step158_20260428_103256,libero/train/ae1a89bc859f_rollout_put_the_yellow_and_white_mug_in_the_microwave_and_close_it_failure_ep40_step158_20260428_103256.json,d83a6de666918931fae54c5ea8d19520ad8013d14b618cfabfada76b9a4f928b,1a634a71a48e7b103d50a9467cb832ac00f1403185fd696beeca67f868d1d8cf,159,159,libero_10/9,Move,Wrong Pose
fec4e4c7348b_rollout_put_the_yellow_and_white_mug_in_the_microwave_and_close_it_failure_ep41_step105_20260428_103332,libero/train/fec4e4c7348b_rollout_put_the_yellow_and_white_mug_in_the_microwave_and_close_it_failure_ep41_step105_20260428_103332.json,7a5bfb9d0fc649804ddb7e0a336e2f762590efcc08f28d63110d1e69e910d998,cbf446685da4a76c734fb5192c50b207c2e854562d70821ff7c2559a7575d45c,106,106,libero_10/9,Approach,Wrong Pose
168be825f99f_rollout_put_the_yellow_and_white_mug_in_the_microwave_and_close_it_failure_ep49_step204_20260428_111350,libero/train/168be825f99f_rollout_put_the_yellow_and_white_mug_in_the_microwave_and_close_it_failure_ep49_step204_20260428_111350.json,5fc570e9d39e7ba38985bbb47ae75f14a2f9bbfcaad6429b6d78b2518158bc27,b3ca04f4a605cbed37b947928e06b2abb1ad64d394cc1d504a1712f307393e73,205,205,libero_10/9,Approach,Stage Rollback
55ca66407cc6_rollout_turn_on_the_stove_and_put_the_moka_pot_on_it_failure_ep14_step208_20260428_111643,libero/train/55ca66407cc6_rollout_turn_on_the_stove_and_put_the_moka_pot_on_it_failure_ep14_step208_20260428_111643.json,671df770c76066a9076f2e924040bd696d8f3e140ae4fc407428dc5d22f3531b,058d7d18e6a9501801d56c1f6b3c3863507c766298b5ad59cc834fb0e750cc34,209,209,libero_10/2,Approach,Wrong Pose
1a536338b2d8_rollout_turn_on_the_stove_and_put_the_moka_pot_on_it_failure_ep1_step193_20260428_111548,libero/train/1a536338b2d8_rollout_turn_on_the_stove_and_put_the_moka_pot_on_it_failure_ep1_step193_20260428_111548.json,f2f07dd5499d708ffd96ce2fef3ccac180d1146d69cb7acb0141fe9c59a74a89,0dcd097bbe73290408c3c79523bd57bfa3d3b487907d1e02f8b807bd5e27be29,194,194,libero_10/2,Approach,Wrong Pose
26514ced2764_rollout_turn_on_the_stove_and_put_the_moka_pot_on_it_failure_ep23_step246_20260428_111842,libero/train/26514ced2764_rollout_turn_on_the_stove_and_put_the_moka_pot_on_it_failure_ep23_step246_20260428_111842.json,7b9fdcac293a386d4f3f6b28d98719fd82d1b0b2f11faf6eb3cccd75f0cb71f1,924adddfcfd1421751e2577fb099767a759efddab5dd5f74b64afcc0f2e68d2c,247,247,libero_10/2,Approach,Wrong Pose
2d32d31d73c3_rollout_turn_on_the_stove_and_put_the_moka_pot_on_it_failure_ep24_step102_20260428_111855,libero/train/2d32d31d73c3_rollout_turn_on_the_stove_and_put_the_moka_pot_on_it_failure_ep24_step102_20260428_111855.json,c31ee1d3864b53826c16523b83a12df906c51a34d357d2cc703ff2b27b2d5262,a3fe6d9ce93d06a66a6d2d80c343e68d59e4a5edb785eb4d42a3c6018f784eb6,103,103,libero_10/2,Approach,Stage Rollback
61bafb9eb186_rollout_turn_on_the_stove_and_put_the_moka_pot_on_it_failure_ep37_step105_20260428_112012,libero/train/61bafb9eb186_rollout_turn_on_the_stove_and_put_the_moka_pot_on_it_failure_ep37_step105_20260428_112012.json,f7f8b25622bdbdd446632384d99990bfe29bb7a62915d483a855d174bec608f4,68c7ac8985f09d828896fd17915afccdc3d8780c313536fad6d3522927572972,106,106,libero_10/2,Approach,Stage Rollback
798d4f06df50_rollout_open_the_top_drawer_and_put_the_bowl_inside_failure_ep23_step56_20260429_155426,libero/train/798d4f06df50_rollout_open_the_top_drawer_and_put_the_bowl_inside_failure_ep23_step56_20260429_155426.json,3c60ff2e33b409aa25c6ff4470bf0bbac3a026b8e454296cbc494c0686ba857d,8bb66eadeda30c67daa8cd9327b0b37dc96561ddeffdd6330eaf5fd0ed2291a8,57,57,libero_goal/3,Approach,Stage Rollback
68fe3891282b_rollout_open_the_top_drawer_and_put_the_bowl_inside_failure_ep26_step65_20260429_155655,libero/train/68fe3891282b_rollout_open_the_top_drawer_and_put_the_bowl_inside_failure_ep26_step65_20260429_155655.json,cdea8db6cd77f4e7dbf8487935bc750c0da0271051f194e6e711d7e929a6c188,ecfc957f2855ad648c51918675a9cbf899e198a71b168a290258c8de7fe5f048,66,66,libero_goal/3,Approach,Stage Rollback
b03f585428c9_rollout_open_the_top_drawer_and_put_the_bowl_inside_failure_ep40_step50_20260429_160611,libero/train/b03f585428c9_rollout_open_the_top_drawer_and_put_the_bowl_inside_failure_ep40_step50_20260429_160611.json,11ff94c323f5b67950bdb5dbc6f66f8331315a74c6d561ac49fd21be08505a7c,45361d3b0bd4179e750181e3ee57ef36a5b40edd44c1e1a6e2bee43cdbc9862e,51,51,libero_goal/3,Approach,Stage Rollback
ce498ee9a499_rollout_open_the_top_drawer_and_put_the_bowl_inside_failure_ep42_step47_20260429_160706,libero/train/ce498ee9a499_rollout_open_the_top_drawer_and_put_the_bowl_inside_failure_ep42_step47_20260429_160706.json,fdc81110b2434a5a4687cf48a369836557e6db70ac250b678a8fd4ca20cf0dae,191da732afe02733e30271d8f80de124e2dbff644d29b7e586dada3e6f635616,48,48,libero_goal/3,Approach,Stage Rollback
78933e4234bb_rollout_open_the_top_drawer_and_put_the_bowl_inside_failure_ep43_step49_20260501_075106,libero/train/78933e4234bb_rollout_open_the_top_drawer_and_put_the_bowl_inside_failure_ep43_step49_20260501_075106.json,674c078383e3e62a64f6801ca5c78fd341fdd89dd4cbaa8c1417742ea2363d3b,09869107e761819b1ff0d2f75c5e47bbfa25c248ff0f5d5d7cf3446bb1f71a19,50,50,libero_goal/3,Approach,Stage Rollback
e1168fb317b6_rollout_open_the_top_drawer_and_put_the_bowl_inside_failure_ep49_step77_20260501_084417,libero/train/e1168fb317b6_rollout_open_the_top_drawer_and_put_the_bowl_inside_failure_ep49_step77_20260501_084417.json,7c0d27d5c41c3dcd181cc4ad673a4f8e5df3e31030c2278f74ee6ec49b738724,2cac087e2d6efe2e117f560fb5ff635b86ff625c533a75bd96d77a0112be2d85,78,78,libero_goal/3,Approach,Stage Rollback
124c25b831aa_rollout_open_the_top_drawer_and_put_the_bowl_inside_failure_ep6_step56_20260501_084604,libero/train/124c25b831aa_rollout_open_the_top_drawer_and_put_the_bowl_inside_failure_ep6_step56_20260501_084604.json,eb7362e17a4aba99e256116bb7baa9efdb6091dafe4b0d811209c062c097eeae,1444b1b38ecf7921fee76ba38ddeebe3d04ff3f8e6f1335199e13825acae2722,57,57,libero_goal/3,Approach,Stage Rollback
603559d21125_rollout_open_the_top_drawer_and_put_the_bowl_inside_failure_ep8_step53_20260501_084828,libero/train/603559d21125_rollout_open_the_top_drawer_and_put_the_bowl_inside_failure_ep8_step53_20260501_084828.json,a78b24742f9050d072dddb910aee0148db39bd2b487803d17d5fd28cd05866eb,e1bf373aac30127a3ec7bdc7ce849e52a8d978d285a26426f32675dc6abd423e,54,54,libero_goal/3,Approach,Stage Rollback
72ac491af9ab_rollout_push_the_plate_to_the_front_of_the_stove_failure_ep0_step91_20260501_085802,libero/train/72ac491af9ab_rollout_push_the_plate_to_the_front_of_the_stove_failure_ep0_step91_20260501_085802.json,b017540d0ea2d5ed0789944345a5a9e71da6fcd2838e9302a3c8c3455ede995b,4e93f6645acc1e2d5eaffe0a26f7952135b30dabd7c4556d9471b11b976c8dd5,92,92,libero_goal/5,Approach,Stage Rollback
9db204e2425d_rollout_push_the_plate_to_the_front_of_the_stove_failure_ep11_step83_20260501_085949,libero/train/9db204e2425d_rollout_push_the_plate_to_the_front_of_the_stove_failure_ep11_step83_20260501_085949.json,831f475f1c2aaabb9a3e1c22171e3d60f8bb33e7253cd6439754ae63d928ee80,2de6ce64d7bd25618d818ea55d24719d9d17ed933974d71ec2052d2c00425de5,84,84,libero_goal/5,Approach,Stage Rollback
d1107f953f61_rollout_push_the_plate_to_the_front_of_the_stove_failure_ep12_step126_20260501_090050,libero/train/d1107f953f61_rollout_push_the_plate_to_the_front_of_the_stove_failure_ep12_step126_20260501_090050.json,efaf62944532593e5800f8bf9d50793794b152e3b5fde1b6d608a4588355cb52,0be78e488fdc9a53731d3c48055e80826c0af1b3f5a9cb9f9d60163fdc93d527,127,127,libero_goal/5,Approach,Stage Rollback
a82765a0a97f_rollout_push_the_plate_to_the_front_of_the_stove_failure_ep13_step84_20260501_090248,libero/train/a82765a0a97f_rollout_push_the_plate_to_the_front_of_the_stove_failure_ep13_step84_20260501_090248.json,7e3fef861a887ba80435ccf9c1b8ef00e6e82515c6b58e3fe4e2fcb037bded5e,bbf2347b419b99272ae4f932c5b1cb6d87b3647276124e1c2ca2289c98f81330,85,85,libero_goal/5,Approach,Stage Rollback
e37d6acebf70_rollout_push_the_plate_to_the_front_of_the_stove_failure_ep21_step95_20260501_152414,libero/train/e37d6acebf70_rollout_push_the_plate_to_the_front_of_the_stove_failure_ep21_step95_20260501_152414.json,1875e72d3554d33d7131109cc080132fc7bff0242c40041eb4d65d299c311b7c,68094197686333f1a784a3ea01113c4af5cf9e4e2fdbc1a6ab91f27a2c156510,96,96,libero_goal/5,Contact,Wrong Pose
711e86c6825b_rollout_push_the_plate_to_the_front_of_the_stove_failure_ep24_step77_20260501_152618,libero/train/711e86c6825b_rollout_push_the_plate_to_the_front_of_the_stove_failure_ep24_step77_20260501_152618.json,2b79d1808dc68ad829d0baf99a7a02dfa50fafffe34535826e350dce36a4714f,13ed9b18efb452894fad10d42a365bf92f37b00220e188bb9b5108651d3e21ab,78,78,libero_goal/5,Approach,Stage Rollback
30ae2f503074_rollout_push_the_plate_to_the_front_of_the_stove_failure_ep25_step66_20260501_152650,libero/train/30ae2f503074_rollout_push_the_plate_to_the_front_of_the_stove_failure_ep25_step66_20260501_152650.json,4f8472cec4dd678b0322b0378a7887e4f65b93c3592a7216da8f92344c8dd96b,1fcf2829d61bc0684995195258aa583c4a68fc077242f85434e97d293b203a27,67,67,libero_goal/5,Approach,Stage Rollback
636bd36fd368_rollout_push_the_plate_to_the_front_of_the_stove_failure_ep34_step86_20260501_153220,libero/train/636bd36fd368_rollout_push_the_plate_to_the_front_of_the_stove_failure_ep34_step86_20260501_153220.json,302f7b30e8a180b2fc6adb4ad142ee95417b09f57d07a8aa6779d8985190ff33,4bcb38e12bb8b87e740c14fb7b736ea02cdc90381b9ed78bc9b3f9a9d88ca314,87,87,libero_goal/5,Approach,Stage Rollback
8dcbad2e09e4_rollout_push_the_plate_to_the_front_of_the_stove_failure_ep35_step99_20260501_153302,libero/train/8dcbad2e09e4_rollout_push_the_plate_to_the_front_of_the_stove_failure_ep35_step99_20260501_153302.json,03571cd01b52ed9ac2561c98d9cd42f16035e10a722a75839059dfb1ef0d80e2,a323f5ba5451cd9180a4725aab06a6f36e04790777e0777e8b5663bf4865782a,100,100,libero_goal/5,Approach,Stage Rollback
48a07a2ab735_rollout_push_the_plate_to_the_front_of_the_stove_failure_ep36_step63_20260501_153650,libero/train/48a07a2ab735_rollout_push_the_plate_to_the_front_of_the_stove_failure_ep36_step63_20260501_153650.json,8d2b5ab8aadbdaf74f5ac6b529712ebcfac689e30e5392f3236ac0ddfa1b3eea,55a917d34bbbadb2b8dabb9a390a4685abcf3db8a91d4dfb5df329b9043aa9c3,64,64,libero_goal/5,Contact,Wrong Pose
2ab55cea6c8f_rollout_push_the_plate_to_the_front_of_the_stove_failure_ep41_step93_20260501_153944,libero/train/2ab55cea6c8f_rollout_push_the_plate_to_the_front_of_the_stove_failure_ep41_step93_20260501_153944.json,03852c91a0d876d40419f8a09b3e07cc0bd6f6fdd1e55e11c200815a1aba8241,84a6871ee48009711996b08fb53a1701399c97a603294fcc67255685ed64264e,94,94,libero_goal/5,Approach,Stage Rollback
fb4f530dc93e_rollout_push_the_plate_to_the_front_of_the_stove_failure_ep42_step62_20260501_154040,libero/train/fb4f530dc93e_rollout_push_the_plate_to_the_front_of_the_stove_failure_ep42_step62_20260501_154040.json,ebcc56b4674f2351f08046bd8ef68c2742ca65a303cd2e7b914b9f00dd3ab818,be35934ff63f7c0011a9d3650f08b38788ec1b6b1fbb3c79d2dffbd20487a178,63,63,libero_goal/5,Approach,Stage Rollback
c06763bb9e96_rollout_push_the_plate_to_the_front_of_the_stove_failure_ep46_step81_20260501_154301,libero/train/c06763bb9e96_rollout_push_the_plate_to_the_front_of_the_stove_failure_ep46_step81_20260501_154301.json,4ea28b7240193c8f60f2b078c891c18c1707a1254e4111eb2de185cc8e8619a2,5b53a081ad530b3c4e2ce777bff096586ef7b53652288fe114f82219a51b6ccd,82,82,libero_goal/5,Approach,Stage Rollback
ee36dab30f9c_rollout_put_the_bowl_on_the_plate_failure_ep24_step90_20260501_155938,libero/train/ee36dab30f9c_rollout_put_the_bowl_on_the_plate_failure_ep24_step90_20260501_155938.json,973d403db419c1c61972d47cc9309799dcb7984d1b77ec4abfec7e0320a9268c,eaa07b0d3f4e6d0447da0fb06c8b7835c9625c48befa9945bc66397030b8e529,91,91,libero_goal/8,Approach,Stage Rollback
5cdde85a29f9_rollout_put_the_bowl_on_the_plate_failure_ep28_step120_20260501_160447,libero/train/5cdde85a29f9_rollout_put_the_bowl_on_the_plate_failure_ep28_step120_20260501_160447.json,6b465f30f1b5cb42b71d633ea301477b4906385a5aee14ca84c2bc6090a6a832,8399cd14c58c852d27f481b3e4cc5c52003349dc07b05684964014996889153f,121,121,libero_goal/8,Approach,Stage Rollback
c2ace878282b_rollout_put_the_bowl_on_the_stove_failure_ep3_step119_20260501_161409,libero/train/c2ace878282b_rollout_put_the_bowl_on_the_stove_failure_ep3_step119_20260501_161409.json,a9de4648b8cd6906cd38ac8b3e73600cb58ff3b98c2babd15a9013a7183f2ac1,fae51e79f2c13becc7f609dbb7af7ce7656146607e944532df1e01c3e0d046dc,120,120,libero_goal/1,Approach,Stage Rollback
39abd4366ddc_rollout_put_the_bowl_on_top_of_the_cabinet_failure_ep4_step65_20260501_161640,libero/train/39abd4366ddc_rollout_put_the_bowl_on_top_of_the_cabinet_failure_ep4_step65_20260501_161640.json,be5ee84f6fd1a8569a62eebae0d5716a2d66b03f06724bbd8c67096ad5057fa1,6dbc35a2f212aea9110b53608abce1f4de95bd43a94608c27335135557766eda,66,66,libero_goal/4,Move,Wrong Pose
ea8de54da2da_rollout_put_the_cream_cheese_in_the_bowl_failure_ep14_step278_20260501_162221,libero/train/ea8de54da2da_rollout_put_the_cream_cheese_in_the_bowl_failure_ep14_step278_20260501_162221.json,d2421a804a3053bbfd60c69b6a635c7d230b3b631a114cb18ae17e9fd668c4b9,8ca6867cfd7eadebccfea92a4e0cd356683d6b18822f40d0111e024c0ba16dd3,279,279,libero_goal/6,Place,Wrong Target
00bb14b6aa8e_rollout_put_the_cream_cheese_in_the_bowl_failure_ep23_step146_20260501_162546,libero/train/00bb14b6aa8e_rollout_put_the_cream_cheese_in_the_bowl_failure_ep23_step146_20260501_162546.json,4f76c13f1711bfe1aa3b7d080916be54959478b878e04b9ed52a179672d526c4,d9dcc36ba0a3be2a52ef79fa8f3874e086a41a7157d26b6624cde21d2145d01c,147,147,libero_goal/6,Contact,Wrong Pose
a7e70b1e7745_rollout_put_the_cream_cheese_in_the_bowl_failure_ep47_step105_20260501_164833,libero/train/a7e70b1e7745_rollout_put_the_cream_cheese_in_the_bowl_failure_ep47_step105_20260501_164833.json,ce587b09cf43ceb56850d6b3e2757970210bae492b084ccadb0f4a3794154434,6ea8a1d5c160729bffb62ac5aa3940152ab72092cde7b0f4d25d10c863f1879c,106,106,libero_goal/6,Place,Wrong Target
31459aa1c8a2_rollout_put_the_cream_cheese_in_the_bowl_failure_ep5_step194_20260501_165048,libero/train/31459aa1c8a2_rollout_put_the_cream_cheese_in_the_bowl_failure_ep5_step194_20260501_165048.json,6639a0be3fbfa30dda265a864537482382772b1d771666858c2b5b844633cf41,b2def24bee8453902ecdf34ec36ad8fd0547217c6544f103acb8685a258b033f,195,195,libero_goal/6,Place,Wrong Target
b60fa9730752_rollout_turn_on_the_stove_failure_ep14_step82_20260501_091139,libero/train/b60fa9730752_rollout_turn_on_the_stove_failure_ep14_step82_20260501_091139.json,259d21f496d9e38f315e6108be8b7198f5e71586396b249f781019276a55804f,c76a76a6532b31af3b96a0ced87ddbf38b1b387da5d50bbbb1d3a5db6d904be3,83,83,libero_goal/7,Approach,Stage Rollback
e0f46ed06a32_rollout_pick_up_the_alphabet_soup_and_place_it_in_the_basket_failure_ep11_step200_20260427_110327,libero/train/e0f46ed06a32_rollout_pick_up_the_alphabet_soup_and_place_it_in_the_basket_failure_ep11_step200_20260427_110327.json,03ee159063bf74fbaed62602419c16c105910924d10e3daf1f105851bea1dbb1,a5759e4d5608af09c406fa5d08c7320d03893552781a5f3a17edd0e89c56fe8d,201,201,libero_object/0,Approach,Scene Change
13f12e45440b_rollout_pick_up_the_alphabet_soup_and_place_it_in_the_basket_failure_ep1_step126_20260427_110232,libero/train/13f12e45440b_rollout_pick_up_the_alphabet_soup_and_place_it_in_the_basket_failure_ep1_step126_20260427_110232.json,9f5d4dd014ac90951b840d2a1057547e94ee436b1d2fb2d8526ad2ea30ccaed5,d6364863de039062f906cc9e99320eaf11e7fb6067508844d0ce826a08866bae,127,127,libero_object/0,Approach,Scene Change
cd8b66d56e52_rollout_pick_up_the_alphabet_soup_and_place_it_in_the_basket_failure_ep24_step203_20260427_110449,libero/train/cd8b66d56e52_rollout_pick_up_the_alphabet_soup_and_place_it_in_the_basket_failure_ep24_step203_20260427_110449.json,69fed63a86cedb1654517753b7bfd88d30ab0d22f07dc32e6a27d717ec57f23a,4ebe667cbf023664a009ef58c8dfff53dac19eb8a09cb957821f1ed868bdbaa6,204,204,libero_object/0,Place,Wrong Pose
30caa3a12769_rollout_pick_up_the_alphabet_soup_and_place_it_in_the_basket_failure_ep30_step227_20260427_110530,libero/train/30caa3a12769_rollout_pick_up_the_alphabet_soup_and_place_it_in_the_basket_failure_ep30_step227_20260427_110530.json,30cb49861cbf23a7ea359959aa1309316f7c173be31cd16c61e3e5a5d023f3e4,d518c16c353ceaeea6cb8f4e6ca21966c67d93a41a6c32568e4b488ddb5469b5,228,228,libero_object/0,Approach,Wrong Pose
3891ea9e2c58_rollout_pick_up_the_alphabet_soup_and_place_it_in_the_basket_failure_ep35_step261_20260427_110611,libero/train/3891ea9e2c58_rollout_pick_up_the_alphabet_soup_and_place_it_in_the_basket_failure_ep35_step261_20260427_110611.json,a895dbf50fdb36107f14d8e1f82bf24d0a83bdf7c1c72d692e22849d406f284c,3f4ebbc9222c33bce935efe99bab851e727ddcae12cff010234ea16c7b6a9e1f,262,262,libero_object/0,Approach,Stage Rollback
5263120fbe3b_rollout_pick_up_the_alphabet_soup_and_place_it_in_the_basket_failure_ep8_step268_20260427_110954,libero/train/5263120fbe3b_rollout_pick_up_the_alphabet_soup_and_place_it_in_the_basket_failure_ep8_step268_20260427_110954.json,6d09f0909b318c9f3a43caf98caac77c7d0982e767e46fe17d40bd50ef68cf38,a978e8544926e42797011e96811af847417e8cca4690d9f58e8d431de325923e,269,269,libero_object/0,Approach,Scene Change
711babb87cc3_rollout_pick_up_the_bbq_sauce_and_place_it_in_the_basket_failure_ep12_step98_20260427_111149,libero/train/711babb87cc3_rollout_pick_up_the_bbq_sauce_and_place_it_in_the_basket_failure_ep12_step98_20260427_111149.json,2986924b535b27f901e3255464cea5dba71b77994d0be1208c29f46de5d94cbe,0292ab1c5474d7636435a1b3fd2a8d1fb5cf27ce9980d91fadf60945ae05a10a,99,99,libero_object/3,Approach,Scene Change
5c030f3bf50f_rollout_pick_up_the_bbq_sauce_and_place_it_in_the_basket_failure_ep13_step150_20260427_111553,libero/train/5c030f3bf50f_rollout_pick_up_the_bbq_sauce_and_place_it_in_the_basket_failure_ep13_step150_20260427_111553.json,ecfbaed24583f2a73cc0a831d72ac31e08322afabbde5a1cdf70e79f245bc205,8730067b93f1aa5949823b1188e46e83b7a752c01447d728a9c735e2c2c74c81,151,151,libero_object/3,Approach,Scene Change
29af04dffcd6_rollout_pick_up_the_bbq_sauce_and_place_it_in_the_basket_failure_ep16_step98_20260427_111703,libero/train/29af04dffcd6_rollout_pick_up_the_bbq_sauce_and_place_it_in_the_basket_failure_ep16_step98_20260427_111703.json,2b8bfc1504734c5ab1598cab2f89f8b2c0cd6f07037e38b442e9ea6bcb28acb6,3164128739ee3ceeeb33bc3f29f1cfc1af6d7d0fc987275416a87184652b4d3c,99,99,libero_object/3,Approach,Scene Change
3c0ddec8a1d4_rollout_pick_up_the_bbq_sauce_and_place_it_in_the_basket_failure_ep19_step117_20260427_111718,libero/train/3c0ddec8a1d4_rollout_pick_up_the_bbq_sauce_and_place_it_in_the_basket_failure_ep19_step117_20260427_111718.json,2eaeaa78ce3bc49b4db53dc0f7cf850fb71f5d866504e46085a77fe7dbcd0fcc,e9fed5ab5a85c8b5cdca58e087baea3f1e36279e98cad44f3f81185979ba2434,118,118,libero_object/3,Approach,Scene Change
5051006a8d75_rollout_pick_up_the_bbq_sauce_and_place_it_in_the_basket_failure_ep22_step99_20260427_111854,libero/train/5051006a8d75_rollout_pick_up_the_bbq_sauce_and_place_it_in_the_basket_failure_ep22_step99_20260427_111854.json,df7295c3e8bfae27d6924499f8342205a2aaa04fca43375d88e236cdd669cce6,5cd664736a1d62b122dec136f4a256554d06fb04797449ec751d815ae7e9b75d,100,100,libero_object/3,Approach,Stage Rollback
98f1cce9fe5d_rollout_pick_up_the_bbq_sauce_and_place_it_in_the_basket_failure_ep28_step185_20260427_111942,libero/train/98f1cce9fe5d_rollout_pick_up_the_bbq_sauce_and_place_it_in_the_basket_failure_ep28_step185_20260427_111942.json,29df57e62bde7bce011b5a810b0227c25a4f3e73f338bc57336f5b5cea6ebc21,034710f384659f52995aa63a67c3cf7335f439f7d8ea1234b07cbfa487499e6d,186,186,libero_object/3,Approach,Scene Change
e73ceb61d448_rollout_pick_up_the_bbq_sauce_and_place_it_in_the_basket_failure_ep30_step118_20260427_112021,libero/train/e73ceb61d448_rollout_pick_up_the_bbq_sauce_and_place_it_in_the_basket_failure_ep30_step118_20260427_112021.json,bc9076d0ed18702b7216e4fe130b1dd8fb667dd22c4c52742d62154eb63494d9,31950f93da8343740589d3e4a06c66d12eaa1f0949142452223f1db543ddd12f,119,119,libero_object/3,Approach,Scene Change
9917e4d86ff4_rollout_pick_up_the_bbq_sauce_and_place_it_in_the_basket_failure_ep33_step110_20260427_112031,libero/train/9917e4d86ff4_rollout_pick_up_the_bbq_sauce_and_place_it_in_the_basket_failure_ep33_step110_20260427_112031.json,d62912596f8caf4a55b0f3501fddd89dbbf853119abe7ff2f53be7aca4e01925,5bdad0b40af36a20c1a7fe4ee993eaff656778dbd54cb8db4aa65d8936570114,111,111,libero_object/3,Approach,Scene Change
6e18c813b883_rollout_pick_up_the_bbq_sauce_and_place_it_in_the_basket_failure_ep36_step99_20260427_112143,libero/train/6e18c813b883_rollout_pick_up_the_bbq_sauce_and_place_it_in_the_basket_failure_ep36_step99_20260427_112143.json,0a6f656da65ae3f383176b63361172004aed8222d1f1fbac131ae4c11a0c73b5,9d15e7c4b70d43e3a7c204b414e85cff1a01dc0fd7332da5751bcd00d5ab2050,100,100,libero_object/3,Approach,Wrong Target
1d3cdc650cb2_rollout_pick_up_the_bbq_sauce_and_place_it_in_the_basket_failure_ep37_step100_20260427_112158,libero/train/1d3cdc650cb2_rollout_pick_up_the_bbq_sauce_and_place_it_in_the_basket_failure_ep37_step100_20260427_112158.json,e584bca0b5ab8a292ff3f5cd3d821da92f84ed046a4fba8a753cd482d653a3c9,d9b40f9fe467040883195fc45bf3a3029f4820540c183c5ce24c7637724de3e8,101,101,libero_object/3,Approach,Scene Change
bdccce5d700f_rollout_pick_up_the_bbq_sauce_and_place_it_in_the_basket_failure_ep39_step95_20260427_112210,libero/train/bdccce5d700f_rollout_pick_up_the_bbq_sauce_and_place_it_in_the_basket_failure_ep39_step95_20260427_112210.json,0b75a8934681659454100b47b5890da7906671344f82ab21b3abca7c3c771579,47cf1298ce0b76ead3f752cc4f20dc2c8dd344584924a1d47d472c4d12160406,96,96,libero_object/3,Approach,Scene Change
7811f8698483_rollout_pick_up_the_bbq_sauce_and_place_it_in_the_basket_failure_ep3_step233_20260427_112003,libero/train/7811f8698483_rollout_pick_up_the_bbq_sauce_and_place_it_in_the_basket_failure_ep3_step233_20260427_112003.json,f02557746a7336366325e59c0f2df133bdebe69edec55c2ffeb30cc9e1650193,2e76ee6dd8dfa955594c0f86220c5cbf40faf7141fe934d8c927d60a3b986783,234,234,libero_object/3,Approach,Scene Change
1a69850e5028_rollout_pick_up_the_bbq_sauce_and_place_it_in_the_basket_failure_ep48_step49_20260427_112338,libero/train/1a69850e5028_rollout_pick_up_the_bbq_sauce_and_place_it_in_the_basket_failure_ep48_step49_20260427_112338.json,1f80eb728b0515c63a556a171e2907a976a54ed387657bfb7036e5c5dca8d7fb,cd03821ae768a0862ad7ba8a8064cb2e5bc2ead129173c0191a71a9099191d98,50,50,libero_object/3,Approach,Wrong Target
d675b4e57f92_rollout_pick_up_the_butter_and_place_it_in_the_basket_failure_ep15_step192_20260427_112633,libero/train/d675b4e57f92_rollout_pick_up_the_butter_and_place_it_in_the_basket_failure_ep15_step192_20260427_112633.json,49c5feb7d6c933839d6d1f6f8ffe2081011975f9454c16cb9f5b22c4efed3330,ef78d09e9ce43e6a613d1fd569132d2a85c82e590796fff880042a7a12dbdd9c,193,193,libero_object/6,Approach,Scene Change
e533ec4b7f0a_rollout_pick_up_the_butter_and_place_it_in_the_basket_failure_ep19_step254_20260427_112723,libero/train/e533ec4b7f0a_rollout_pick_up_the_butter_and_place_it_in_the_basket_failure_ep19_step254_20260427_112723.json,e0edf3e7a36ab9f17ad1973e4ab16005ee4a1681a8a950191687fbe8138092ed,cf75011ae3529d32f16a983f958d82cef147c1591126fd3eaee7570a9c8e650e,255,255,libero_object/6,Place,Wrong Pose
7fd89d322e0f_rollout_pick_up_the_butter_and_place_it_in_the_basket_failure_ep1_step212_20260427_112557,libero/train/7fd89d322e0f_rollout_pick_up_the_butter_and_place_it_in_the_basket_failure_ep1_step212_20260427_112557.json,5020d6302c195c552f7489a139a1bab43c8e572fe15e8f8265b8e7217f60329d,cea38ba44aedcd4bb554e758f7f66a572fe5e4941f08285a32661e0fe18c5933,213,213,libero_object/6,Place,Wrong Pose
d32988267a8e_rollout_pick_up_the_butter_and_place_it_in_the_basket_failure_ep31_step169_20260427_113741,libero/train/d32988267a8e_rollout_pick_up_the_butter_and_place_it_in_the_basket_failure_ep31_step169_20260427_113741.json,60d1b73d9aac082a08c0c53a8f60956b68dd0949efdc83a8c9ba09af40d97292,3c8fe22b3f8eeaed4c0a0d1fa1a0325f800f7ad20e7acb51a1c7f78e4fab285b,170,170,libero_object/6,Approach,Stage Rollback
e66b193c9543_rollout_pick_up_the_butter_and_place_it_in_the_basket_failure_ep32_step279_20260427_113844,libero/train/e66b193c9543_rollout_pick_up_the_butter_and_place_it_in_the_basket_failure_ep32_step279_20260427_113844.json,eba0a450abfdc7bdb94915dc88c604f169994064ba0e8233fd9cc8bd3f19909b,afdf5fc7432850356fb106b45fd3017238ba230b902bcd4e0470c07720e35ea1,280,280,libero_object/6,Approach,Scene Change
ccf95aeb59d8_rollout_pick_up_the_butter_and_place_it_in_the_basket_failure_ep44_step195_20260427_114251,libero/train/ccf95aeb59d8_rollout_pick_up_the_butter_and_place_it_in_the_basket_failure_ep44_step195_20260427_114251.json,802d2787a070368d1e49337af12ef79d7e91ae01325bd5c953ee0829c45037c1,b2ef6d1a15e9f4cacd18980ff768916b7fd0c4c8dadafe11f4ac05b31b5feb15,196,196,libero_object/6,Place,Wrong Target
192b8a14fbe1_rollout_pick_up_the_butter_and_place_it_in_the_basket_failure_ep7_step57_20260427_114359,libero/train/192b8a14fbe1_rollout_pick_up_the_butter_and_place_it_in_the_basket_failure_ep7_step57_20260427_114359.json,b0005589fad91ba896e0dfc3136b04f72c4584797663f930dd8a17e259da3cca,5b2cf4aa23b0c6d8e4a9a3738d9ed3be4b624b361b0a2a7b94a5bfc8f82d9ba6,58,58,libero_object/6,Approach,Wrong Target
3981b33b9e05_rollout_pick_up_the_chocolate_pudding_and_place_it_in_the_basket_failure_ep10_step223_20260427_114928,libero/train/3981b33b9e05_rollout_pick_up_the_chocolate_pudding_and_place_it_in_the_basket_failure_ep10_step223_20260427_114928.json,093a63459e0ae1be3aad81cae614a9cb3bc31c344708a7bbfa433f608b5db2ca,ac3b9d038db32302e943fe208e5770cedcadf67fe4dd3d1b0d5c0637416f872b,224,224,libero_object/8,Approach,Scene Change
d7c67e73d965_rollout_pick_up_the_chocolate_pudding_and_place_it_in_the_basket_failure_ep15_step128_20260427_115041,libero/train/d7c67e73d965_rollout_pick_up_the_chocolate_pudding_and_place_it_in_the_basket_failure_ep15_step128_20260427_115041.json,7ec75ec230587904af33d4293b7d2ded1349eb4ba3e35bcb399dadfcd5930b06,9176563f74762c4dfac5d1b25f668a6e7c6d6a50c17df72c2bb26ac1b91bd3d3,129,129,libero_object/8,Approach,Scene Change
31c0edcae1e7_rollout_pick_up_the_chocolate_pudding_and_place_it_in_the_basket_failure_ep18_step193_20260427_115059,libero/train/31c0edcae1e7_rollout_pick_up_the_chocolate_pudding_and_place_it_in_the_basket_failure_ep18_step193_20260427_115059.json,cb7e328c95dd4fe57a982f133dca5e821e8c5c5ce0d0d1cd57651d5d88e7e732,cc11c0f0a8e351e6b04a4de1ba7cf089c683df37a4e73e06f459e5ef66b47db4,194,194,libero_object/8,Approach,Scene Change
959dad75acf9_rollout_pick_up_the_chocolate_pudding_and_place_it_in_the_basket_failure_ep20_step149_20260427_115124,libero/train/959dad75acf9_rollout_pick_up_the_chocolate_pudding_and_place_it_in_the_basket_failure_ep20_step149_20260427_115124.json,85bea2143294dd493c1e02838364d9f547c14a3b8e2a4baea024aab7c8bf2802,16d614ff53b57e6855f0bb203eeb2d4a55494f95e2add45557220f00e6ee89a8,150,150,libero_object/8,Approach,Scene Change
90974dce43be_rollout_pick_up_the_chocolate_pudding_and_place_it_in_the_basket_failure_ep39_step149_20260427_115312,libero/train/90974dce43be_rollout_pick_up_the_chocolate_pudding_and_place_it_in_the_basket_failure_ep39_step149_20260427_115312.json,46bdb66a4567c2cb633d1d6ae876997668215aff39ee80733c63c14cf6b76512,de04a3c2716c0ecc8cc849c2d93ccfe18ec1269dc630b3cdbff6a926e4221ce5,150,150,libero_object/8,Approach,Stage Rollback
70e0e2dc029a_rollout_pick_up_the_cream_cheese_and_place_it_in_the_basket_failure_ep14_step135_20260427_120000,libero/train/70e0e2dc029a_rollout_pick_up_the_cream_cheese_and_place_it_in_the_basket_failure_ep14_step135_20260427_120000.json,9a644b4894cfdfb672cad350948937983511e9f2ce1080734e4d4f69f3257332,7477f643f37b2821c84a1961572b40fe53b249df8a6b3d33f6521457c434f58b,136,136,libero_object/1,Place,Wrong Target
9ac6ba77c4cf_rollout_pick_up_the_cream_cheese_and_place_it_in_the_basket_failure_ep17_step137_20260427_120155,libero/train/9ac6ba77c4cf_rollout_pick_up_the_cream_cheese_and_place_it_in_the_basket_failure_ep17_step137_20260427_120155.json,fc7df7c36ad3cc565af4fd42e0ffab8347874eb4e1469ecf3b5b0c7b1f3ac95d,84b219cd847c0b95abeaab780ab24f8acbe88b1d7978fd9172b157c39d0305e1,138,138,libero_object/1,Approach,Scene Change
73d9be5dc6a9_rollout_pick_up_the_cream_cheese_and_place_it_in_the_basket_failure_ep6_step146_20260427_124802,libero/train/73d9be5dc6a9_rollout_pick_up_the_cream_cheese_and_place_it_in_the_basket_failure_ep6_step146_20260427_124802.json,0ecaa3900cd2ebae41fe927b3f67382020a6276319e5f1948780e5d1778ae5c5,1ed226ef21159cd888845b3f9fcee1ab062ebd59b27981e1c4fae26a7a9d043e,147,147,libero_object/1,Approach,Scene Change
a490ecaf3ee8_rollout_pick_up_the_ketchup_and_place_it_in_the_basket_failure_ep13_step115_20260427_152508,libero/train/a490ecaf3ee8_rollout_pick_up_the_ketchup_and_place_it_in_the_basket_failure_ep13_step115_20260427_152508.json,e43f8616a7b68eef0ebe91fff3504844b68f2c0bb02bc2fb2058aed3486c0bda,750735ee5ca22ff564a33cd2a896336f374545b132079333ce2b555376017ebb,116,116,libero_object/4,Approach,Scene Change
1904b5ed7fc6_rollout_pick_up_the_ketchup_and_place_it_in_the_basket_failure_ep15_step218_20260427_152555,libero/train/1904b5ed7fc6_rollout_pick_up_the_ketchup_and_place_it_in_the_basket_failure_ep15_step218_20260427_152555.json,e692d18da97e454dc7d78f2b9319442abaed2cf3d2bd37361d86a30d0fc0351d,6771d73538f3f12ea6a6dbe6fc7bc5e1e17270aa9f85e75089da966f1af72fbb,219,219,libero_object/4,Approach,Wrong Pose
f542619bc2e4_rollout_pick_up_the_ketchup_and_place_it_in_the_basket_failure_ep17_step100_20260427_152627,libero/train/f542619bc2e4_rollout_pick_up_the_ketchup_and_place_it_in_the_basket_failure_ep17_step100_20260427_152627.json,17babb697e698f05ddd833c55dca1a8645b3abc5dde88bfced8a4764a17cdeb8,32b9f8b24ab393a6252647fe28697b402c7cf4d1aa59e155ce2a94fc96a2de51,101,101,libero_object/4,Approach,Scene Change
675624db9dc8_rollout_pick_up_the_ketchup_and_place_it_in_the_basket_failure_ep35_step146_20260427_154916,libero/train/675624db9dc8_rollout_pick_up_the_ketchup_and_place_it_in_the_basket_failure_ep35_step146_20260427_154916.json,f3c70324ad374ac23b2e22db30aface459a0b3d5ac49cd0b6d9025b0172a30d2,4446d82d9c0a71c8fa2db5faaedd7d23cde7e2c40e3767ec6523aa2e6122ac27,147,147,libero_object/4,Approach,Scene Change
998f05753641_rollout_pick_up_the_ketchup_and_place_it_in_the_basket_failure_ep38_step154_20260427_154958,libero/train/998f05753641_rollout_pick_up_the_ketchup_and_place_it_in_the_basket_failure_ep38_step154_20260427_154958.json,ad43c446694fbc8e315f0e793836d822b5f26d7096d88b5bf849e61990345f95,6f0dcdfd9821c574ac2ca5bf0a75af27c9a52bd339c5363b6f166038624d25f7,155,155,libero_object/4,Place,Wrong Pose
dc8cb6bfa469_rollout_pick_up_the_ketchup_and_place_it_in_the_basket_failure_ep41_step228_20260427_155130,libero/train/dc8cb6bfa469_rollout_pick_up_the_ketchup_and_place_it_in_the_basket_failure_ep41_step228_20260427_155130.json,964254467146b4e8538f06813f2c0a70f4d3d7ab64d3ab044a0b1d0841150e94,2d513f676f95be8c6aa9fb4d1d07f9a2e34b95ba98d9fb5ecd3700824fe9ae80,229,229,libero_object/4,Approach,Scene Change
ed111a189334_rollout_pick_up_the_ketchup_and_place_it_in_the_basket_failure_ep42_step86_20260427_155140,libero/train/ed111a189334_rollout_pick_up_the_ketchup_and_place_it_in_the_basket_failure_ep42_step86_20260427_155140.json,86921428c108fbd824d9c24b5f54eb89c79ee642f691dc4138c2071965ea024c,7e5b324e2923ee527594928a560282298367f238f2188a96bf69a199871cf234,87,87,libero_object/4,Approach,Scene Change
afe839de8537_rollout_pick_up_the_ketchup_and_place_it_in_the_basket_failure_ep45_step115_20260427_155255,libero/train/afe839de8537_rollout_pick_up_the_ketchup_and_place_it_in_the_basket_failure_ep45_step115_20260427_155255.json,bb047efcb5d4118ce1b3aeeb6bd07a42930d8ae15717c136119598094bcea008,a8c95c19f6bfbb4d1a45bb62a7a0c967af36d02efb73ae2a1446b7873d22130d,116,116,libero_object/4,Approach,Stage Rollback
50f3586c40bb_rollout_pick_up_the_ketchup_and_place_it_in_the_basket_failure_ep47_step197_20260427_155329,libero/train/50f3586c40bb_rollout_pick_up_the_ketchup_and_place_it_in_the_basket_failure_ep47_step197_20260427_155329.json,9c4a8e7863377a403e08ce6be317e57b29829f569d9cd43c6174d561140c6aa2,c4f646f78dfc9cecc064e306df4dda56dd5696a56959e62b7c93351e346ad956,198,198,libero_object/4,Place,Wrong Pose
397b2a75d098_rollout_pick_up_the_ketchup_and_place_it_in_the_basket_failure_ep49_step105_20260427_155346,libero/train/397b2a75d098_rollout_pick_up_the_ketchup_and_place_it_in_the_basket_failure_ep49_step105_20260427_155346.json,dc469d852032f90772588f996091ed146402910087fe35d550af38d4f89044e4,e1d33f440b153bba7b62a077989a0d4e8ef1d5ae6866aebebcf57b8ebc3359ad,106,106,libero_object/4,Approach,Scene Change
91413d60bdae_rollout_pick_up_the_ketchup_and_place_it_in_the_basket_failure_ep4_step86_20260427_155101,libero/train/91413d60bdae_rollout_pick_up_the_ketchup_and_place_it_in_the_basket_failure_ep4_step86_20260427_155101.json,5d3ead2580a10b0bdf0a7865a3cf02c977c73786fffc272a13639a13467f27b0,476f0bca1e1cea56b5adbfddd98cbab5d8ff4d1e39033d27d4930d5e4c10faa6,87,87,libero_object/4,Approach,Scene Change
9082740ca73f_rollout_pick_up_the_ketchup_and_place_it_in_the_basket_failure_ep6_step57_20260427_155354,libero/train/9082740ca73f_rollout_pick_up_the_ketchup_and_place_it_in_the_basket_failure_ep6_step57_20260427_155354.json,fc9b4da1882ffb6cd40103b5036af0623baa5e48a39645810c0ec7efba3ef4c5,75e120978a6e86b8532472039ecc94e4105e49a06dce50cadf6fad4bfd1db20b,58,58,libero_object/4,Approach,Scene Change
574ff1376659_rollout_pick_up_the_ketchup_and_place_it_in_the_basket_failure_ep8_step76_20260427_155441,libero/train/574ff1376659_rollout_pick_up_the_ketchup_and_place_it_in_the_basket_failure_ep8_step76_20260427_155441.json,b29ebc3f95e10c94bf5eb2fa99a9a8389cd70aab631d328ab854c57294dd44ef,1583c82b8b5c86aa2e99ef5cc38af6174cc544289c0b302ae15b5954799ccacb,77,77,libero_object/4,Approach,Scene Change
d2a4d9b85e7e_rollout_pick_up_the_ketchup_and_place_it_in_the_basket_failure_ep9_step83_20260427_155500,libero/train/d2a4d9b85e7e_rollout_pick_up_the_ketchup_and_place_it_in_the_basket_failure_ep9_step83_20260427_155500.json,824cc2b6996692fbbbe79fb6d32f2c8f2f0061ee143de378b75147273d65d1c5,d62afdc2fa25e536cb190c72608dc058ad0af7a105f5614850965eaac8ff5818,84,84,libero_object/4,Approach,Scene Change
4027b4cd9b30_rollout_pick_up_the_milk_and_place_it_in_the_basket_failure_ep11_step180_20260427_155612,libero/train/4027b4cd9b30_rollout_pick_up_the_milk_and_place_it_in_the_basket_failure_ep11_step180_20260427_155612.json,c83068706940f25ccd80aeca22307a95c8076aab1e9cea97510ad166253fd0f3,faa31e18fe4326f950bb66f8481439e82a4077117470a7e7a49845d8b73d9b8f,181,181,libero_object/7,Approach,Scene Change
3ad680a4d41f_rollout_pick_up_the_milk_and_place_it_in_the_basket_failure_ep18_step119_20260427_155656,libero/train/3ad680a4d41f_rollout_pick_up_the_milk_and_place_it_in_the_basket_failure_ep18_step119_20260427_155656.json,c1fb25e87094cab5402610ae63408d1994812c5f9aad0ba5b65e9b445290651d,4c1d93b8abd1c25e8315e435f7de4a6d9049a2d97fe00a129f4095989171b23b,120,120,libero_object/7,Approach,Scene Change
1e2476d2bb8e_rollout_pick_up_the_milk_and_place_it_in_the_basket_failure_ep1_step171_20260427_155545,libero/train/1e2476d2bb8e_rollout_pick_up_the_milk_and_place_it_in_the_basket_failure_ep1_step171_20260427_155545.json,4a693f217716ccde61fbeb4a415ba8dc8270908484514563766db2e6801dc5af,51c325262ba9862be74dbb5a044607603d651205f01151e80e5154aafd5320f3,172,172,libero_object/7,Place,Wrong Pose
7d9619b2c231_rollout_pick_up_the_milk_and_place_it_in_the_basket_failure_ep35_step185_20260427_155908,libero/train/7d9619b2c231_rollout_pick_up_the_milk_and_place_it_in_the_basket_failure_ep35_step185_20260427_155908.json,f4b7576dab81c8d2747bf1cdebb34f9c58ef4353081610d5a89b527439a78868,3e95c27b34c73a7d799a4622a072476342e47759910879d3b4498d7fb65db94e,186,186,libero_object/7,Approach,Scene Change
0ab7ece7d1cd_rollout_pick_up_the_milk_and_place_it_in_the_basket_failure_ep39_step122_20260427_160028,libero/train/0ab7ece7d1cd_rollout_pick_up_the_milk_and_place_it_in_the_basket_failure_ep39_step122_20260427_160028.json,d39c411e4e92bada1acb7ad456323d83559c9c682ee1f55ea180650a0adfed12,6ce5f01ed2b4e579774ac245651f8d1ac1d4a81fb775ef54c8959f4d7bfdbc21,123,123,libero_object/7,Approach,Scene Change
5f0330715b38_rollout_pick_up_the_milk_and_place_it_in_the_basket_failure_ep45_step114_20260427_160114,libero/train/5f0330715b38_rollout_pick_up_the_milk_and_place_it_in_the_basket_failure_ep45_step114_20260427_160114.json,a5f5557e17e63be818cb19df38086ff6b35b97f2c1944f43328c9cde10fc4833,eb0b83dc86946ef9950c4619bc4a31ce3b1a1c72d1a77682a7d6fba2fb93d6ce,115,115,libero_object/7,Approach,Scene Change
53f0878e1331_rollout_pick_up_the_milk_and_place_it_in_the_basket_failure_ep47_step202_20260427_160149,libero/train/53f0878e1331_rollout_pick_up_the_milk_and_place_it_in_the_basket_failure_ep47_step202_20260427_160149.json,ec3020e25c4b2551c70f98e9ea0f2393b3ce051b6fa3f74442868ea128c49a75,c0cf996f6731b08456e31bc40ad133efb606b2e6b0865d9d680dc4d5ffd7b634,203,203,libero_object/7,Approach,Scene Change
edfdffdff9a6_rollout_pick_up_the_milk_and_place_it_in_the_basket_failure_ep5_step152_20260427_160245,libero/train/edfdffdff9a6_rollout_pick_up_the_milk_and_place_it_in_the_basket_failure_ep5_step152_20260427_160245.json,12e5159c6c1fd70af9df42f686845011a00c07b7f7064eca946dbbc770454010,0f78148d03e3b020affe428405b19f17eeeca2500a8f55f7643bcfd28af24164,153,153,libero_object/7,Approach,Wrong Pose
225fc2d6144b_rollout_pick_up_the_milk_and_place_it_in_the_basket_failure_ep8_step103_20260427_160333,libero/train/225fc2d6144b_rollout_pick_up_the_milk_and_place_it_in_the_basket_failure_ep8_step103_20260427_160333.json,245aa34c3ce185ebcdc7aa86e32a54eb7b2c044022a0d5c97ba716b620cbf11c,a846af3425a91fe960d0e8a8144628b829c5d90af93720714b5d60f4bf0d5243,104,104,libero_object/7,Approach,Scene Change
e08ee86a3e0b_rollout_pick_up_the_milk_and_place_it_in_the_basket_failure_ep9_step215_20260427_160349,libero/train/e08ee86a3e0b_rollout_pick_up_the_milk_and_place_it_in_the_basket_failure_ep9_step215_20260427_160349.json,0f44c1c51d457383c1798c8c2ed862fbfccb582f23b712462b13f41486806f11,c420d6cff79071350c5105e3a56e1e4203d718f1bfa2818058ab8d13127b3357,216,216,libero_object/7,Place,Wrong Pose
41a3086838f0_rollout_pick_up_the_orange_juice_and_place_it_in_the_basket_failure_ep16_step66_20260427_160525,libero/train/41a3086838f0_rollout_pick_up_the_orange_juice_and_place_it_in_the_basket_failure_ep16_step66_20260427_160525.json,d46ce7c868950d87c3c861e4a86d400bd601c9131fd98db61129a8883d30add0,868c4c71b0029216491dfc2e0867aa3a4a79243ebc7dcd0753df32fb4cb83c1f,67,67,libero_object/9,Approach,Scene Change
f3d303779628_rollout_pick_up_the_orange_juice_and_place_it_in_the_basket_failure_ep34_step98_20260427_160733,libero/train/f3d303779628_rollout_pick_up_the_orange_juice_and_place_it_in_the_basket_failure_ep34_step98_20260427_160733.json,1d77018a20ea134888f3df173ee4914fdb8bd6e32692addc233c3295e4d36cf0,af84b8926f119e518bf6f2254ae23006b31d533ed1e830823dcd5134639c8edb,99,99,libero_object/9,Approach,Wrong Pose
dd2e2244708e_rollout_pick_up_the_orange_juice_and_place_it_in_the_basket_failure_ep3_step115_20260427_160712,libero/train/dd2e2244708e_rollout_pick_up_the_orange_juice_and_place_it_in_the_basket_failure_ep3_step115_20260427_160712.json,f103aa362a4ef4fc0fb05ed0ec49d724eab16ac3b2ef4b09179c7e0cda99df55,8f0694d53b137fd4320a8fcceaa4c5753b2f95282b9424d6472ce96020a6f25c,116,116,libero_object/9,Approach,Wrong Pose
28c98a7f9e19_rollout_pick_up_the_orange_juice_and_place_it_in_the_basket_failure_ep44_step130_20260427_160955,libero/train/28c98a7f9e19_rollout_pick_up_the_orange_juice_and_place_it_in_the_basket_failure_ep44_step130_20260427_160955.json,405e5b5be4234f731353c1910add58fa22c1a3704e75e8ff683c232c755fc62a,bd428d3926b8d6c1201b31a96823b4dc93a8fd609527dc9c6a46c64bcc7e1364,131,131,libero_object/9,Approach,Scene Change
05c0ae5d2829_rollout_pick_up_the_orange_juice_and_place_it_in_the_basket_failure_ep48_step140_20260427_161021,libero/train/05c0ae5d2829_rollout_pick_up_the_orange_juice_and_place_it_in_the_basket_failure_ep48_step140_20260427_161021.json,b5cb0e49ee53289fd099a0bed007744c9c6495ee6e1dd166c817d4876f4ae271,3acd33339014b9c65032741be49b7bca7f51f2f5f093fbb5bf7588c37eee0343,141,141,libero_object/9,Approach,Wrong Pose
dd57be406815_rollout_pick_up_the_salad_dressing_and_place_it_in_the_basket_failure_ep10_step128_20260427_161305,libero/train/dd57be406815_rollout_pick_up_the_salad_dressing_and_place_it_in_the_basket_failure_ep10_step128_20260427_161305.json,2cf5142d8192b183f11cca533414f4564f93f1d80e4539cd9921600c681d4bfe,7e260477537e358bfe5d2dd94334cc4a25e185423614083a8a397688a3c24f59,129,129,libero_object/2,Approach,Scene Change
2e7360628c77_rollout_pick_up_the_salad_dressing_and_place_it_in_the_basket_failure_ep11_step63_20260427_161341,libero/train/2e7360628c77_rollout_pick_up_the_salad_dressing_and_place_it_in_the_basket_failure_ep11_step63_20260427_161341.json,254501d4de0de563ae88809a3e2bf3836239d14b55d52c1c1a8fba223b5a44d3,94fe3ca279328eeb68f28c0959b4cc9817a68649341d9d7f50ea5de76b01c824,64,64,libero_object/2,Approach,Wrong Target
f4e5b07d590e_rollout_pick_up_the_salad_dressing_and_place_it_in_the_basket_failure_ep14_step44_20260427_161409,libero/train/f4e5b07d590e_rollout_pick_up_the_salad_dressing_and_place_it_in_the_basket_failure_ep14_step44_20260427_161409.json,d97899f92e80319a88dbd44389965f69f06f28a2426b233b45d88db675f79656,476d87975b14e2e9eeef761629b55872914086ef62cf6cbb9b0cf9ab6530131e,45,45,libero_object/2,Approach,Wrong Target
8d64e677cf07_rollout_pick_up_the_salad_dressing_and_place_it_in_the_basket_failure_ep15_step32_20260427_161427,libero/train/8d64e677cf07_rollout_pick_up_the_salad_dressing_and_place_it_in_the_basket_failure_ep15_step32_20260427_161427.json,a1a55916b519e3219dd16c01c0546787e217ab8f98b9e7e2d5e543fd78f94456,78fadebf9d557ee8d171593e54eda56b6c54664ec4d21aa6dddb994d4ebfda77,33,33,libero_object/2,Approach,Wrong Target
611a78afbc94_rollout_pick_up_the_salad_dressing_and_place_it_in_the_basket_failure_ep16_step195_20260427_161457,libero/train/611a78afbc94_rollout_pick_up_the_salad_dressing_and_place_it_in_the_basket_failure_ep16_step195_20260427_161457.json,d3af9605e1acb3e0ac351cdc8dc363f802627e1ccb8eac5a8eb356607b135fa0,65332ff0f1682a37723dce4420580bb71456b75ed41ce7a55021b7c39a35f662,196,196,libero_object/2,Approach,Stage Rollback
dfe8fb0ca656_rollout_pick_up_the_salad_dressing_and_place_it_in_the_basket_failure_ep18_step33_20260427_161529,libero/train/dfe8fb0ca656_rollout_pick_up_the_salad_dressing_and_place_it_in_the_basket_failure_ep18_step33_20260427_161529.json,dac552dbce1c894edf3036d2e9cfc2b7c5565a53051b7ef87ca5159efa74c02b,5599d96614e1e1749397ea71d569d641b2a8f7166d72b48fbafdd6cf18b5d106,34,34,libero_object/2,Approach,Wrong Target
a67d85c7f456_rollout_pick_up_the_salad_dressing_and_place_it_in_the_basket_failure_ep32_step104_20260427_161942,libero/train/a67d85c7f456_rollout_pick_up_the_salad_dressing_and_place_it_in_the_basket_failure_ep32_step104_20260427_161942.json,889f4a1c6f086aae5a9448c5c4e036448691a94f5ef1294745e54d4df816eb9f,503e8757fb95abf89ccb92e482c2ac56b547b42ba03dd42ec5d34e820e600a01,105,105,libero_object/2,Approach,Wrong Target
a9eae74a346f_rollout_pick_up_the_salad_dressing_and_place_it_in_the_basket_failure_ep33_step100_20260427_162029,libero/train/a9eae74a346f_rollout_pick_up_the_salad_dressing_and_place_it_in_the_basket_failure_ep33_step100_20260427_162029.json,b1b484173858d8b74d072d7f59147296a253a08e972746242bf55465233f1832,3644b399a0a5e3f419dda7b7a3ab49fad707a7583e824558d3bc0851d3a95e59,101,101,libero_object/2,Approach,Scene Change
53cdfe0fe343_rollout_pick_up_the_salad_dressing_and_place_it_in_the_basket_failure_ep34_step253_20260427_162106,libero/train/53cdfe0fe343_rollout_pick_up_the_salad_dressing_and_place_it_in_the_basket_failure_ep34_step253_20260427_162106.json,43c98914126fd5d858046ee975683d60681dd2cb17009fbd80ccaed03f3b0727,db1400fb35e60de3b8631688e2583e2d8a9f3297155ef326ee901a7433e1f1be,254,254,libero_object/2,Approach,Scene Change
a3a308386ebc_rollout_pick_up_the_salad_dressing_and_place_it_in_the_basket_failure_ep44_step166_20260427_162231,libero/train/a3a308386ebc_rollout_pick_up_the_salad_dressing_and_place_it_in_the_basket_failure_ep44_step166_20260427_162231.json,4afcf6626b929bc16aac06193dc1395ff6ec9a3fdb2a1a749c15e801328fecd5,19c985d9a5c57ba85568cc1b00e47ed7ba1a209ea80ccfb655d3ac9c122392f0,167,167,libero_object/2,Approach,Scene Change
101b4363c56f_rollout_pick_up_the_salad_dressing_and_place_it_in_the_basket_failure_ep45_step76_20260427_162352,libero/train/101b4363c56f_rollout_pick_up_the_salad_dressing_and_place_it_in_the_basket_failure_ep45_step76_20260427_162352.json,e5faecf4553b5c83e18a09f9e9ca7555b5cf70a0b6e6ed7dddff182b160b74ad,ab709bf120fd110314f350daa407457f85132c048d26751c1f42ff43da471556,77,77,libero_object/2,Approach,Scene Change
cc4cc33167e4_rollout_pick_up_the_tomato_sauce_and_place_it_in_the_basket_failure_ep12_step67_20260427_163831,libero/train/cc4cc33167e4_rollout_pick_up_the_tomato_sauce_and_place_it_in_the_basket_failure_ep12_step67_20260427_163831.json,2daf7263aac2eded079a9328737c2f21df118909c227de093ffe3d7cc372bfbe,bbdfe9139207ecf08cd9629747465f086982be80d917ae9c253d72a722b2ae99,68,68,libero_object/5,Approach,Wrong Target
f8cd3c8a4dc1_rollout_pick_up_the_tomato_sauce_and_place_it_in_the_basket_failure_ep14_step77_20260427_163923,libero/train/f8cd3c8a4dc1_rollout_pick_up_the_tomato_sauce_and_place_it_in_the_basket_failure_ep14_step77_20260427_163923.json,b8fee88cc3feeb16dc04eef7cbc6ed70ea19adce8f5afda5b254b22e5cbc7a44,7f7435c0422c2b806ea2e240cdfa6f390a7e46f670329b9ba6055e02532ad34b,78,78,libero_object/5,Approach,Wrong Target
4e2d5b4c52c4_rollout_pick_up_the_tomato_sauce_and_place_it_in_the_basket_failure_ep19_step88_20260427_164152,libero/train/4e2d5b4c52c4_rollout_pick_up_the_tomato_sauce_and_place_it_in_the_basket_failure_ep19_step88_20260427_164152.json,1426b8662550a938743b26dc4c9db3ca16e4e566b1a89aceaa7c5434e0f59c21,0f7ff9a52ae553ae73a594b37e8f33fba3e22368509c85592ad66f33cc63fdb6,89,89,libero_object/5,Approach,Wrong Pose
ac558944d74e_rollout_pick_up_the_tomato_sauce_and_place_it_in_the_basket_failure_ep1_step154_20260427_163722,libero/train/ac558944d74e_rollout_pick_up_the_tomato_sauce_and_place_it_in_the_basket_failure_ep1_step154_20260427_163722.json,7698cd7f21f4a0ea8d90531b0fd8355c45594b58764dc586513ff8b5c2de4d3f,3faa3921a0bc67492a1b8d2a4e1d4035f285b0edb91fbd3503be3914b749ef69,155,155,libero_object/5,Place,Wrong Pose
ad8ebaa0e3ff_rollout_pick_up_the_tomato_sauce_and_place_it_in_the_basket_failure_ep22_step176_20260427_164256,libero/train/ad8ebaa0e3ff_rollout_pick_up_the_tomato_sauce_and_place_it_in_the_basket_failure_ep22_step176_20260427_164256.json,56c8a0bd3a8532eaceaeb302b8b346b78f2b51939c249a5278bbf80ac9f3a59f,e9ab5483d84f8df7e099425a9effd5fc309d2308198f0a78a48eb242592eb7cf,177,177,libero_object/5,Contact,Wrong Pose
23120225711d_rollout_pick_up_the_tomato_sauce_and_place_it_in_the_basket_failure_ep25_step75_20260427_164344,libero/train/23120225711d_rollout_pick_up_the_tomato_sauce_and_place_it_in_the_basket_failure_ep25_step75_20260427_164344.json,ed5f92399a34ef195b10a31a118779fc6f22bbd716d83dc4390f571f82eb8936,b6f8d53bd8eb76848a54bfe1b345fd9e7d244078eaa615dc18108c57fee1f609,76,76,libero_object/5,Approach,Wrong Pose
d799d52e274e_rollout_pick_up_the_tomato_sauce_and_place_it_in_the_basket_failure_ep26_step273_20260427_164425,libero/train/d799d52e274e_rollout_pick_up_the_tomato_sauce_and_place_it_in_the_basket_failure_ep26_step273_20260427_164425.json,14ce464f4b8d8dd88c045596f6f1af4b4ef6ed5add87c4a5c0cb1fa472c16e8d,e59f56d00c1569614a9c6cf10b4079d7d27efa96e957b4a0638bcfb8bff9ff4a,274,274,libero_object/5,Approach,Stage Rollback
91ea8d16f834_rollout_pick_up_the_tomato_sauce_and_place_it_in_the_basket_failure_ep27_step85_20260427_164501,libero/train/91ea8d16f834_rollout_pick_up_the_tomato_sauce_and_place_it_in_the_basket_failure_ep27_step85_20260427_164501.json,59f4a92774e8e875f3e8d2e885c1737e3619c976023f7800d5c808c72df5abc0,3ebe3eede1f7bacb823f894c759ec354aea20143cbb510d75de17ebcb2723e0e,86,86,libero_object/5,Approach,Wrong Target
f1d04583ccaf_rollout_pick_up_the_tomato_sauce_and_place_it_in_the_basket_failure_ep36_step47_20260427_164826,libero/train/f1d04583ccaf_rollout_pick_up_the_tomato_sauce_and_place_it_in_the_basket_failure_ep36_step47_20260427_164826.json,8a9b148e954dd8bd0b8f71bccf08fa2a0cd8df6578cf468f68a1b578449b85af,c6e03458d343d11c0546220ca7c5dbed87aeed3a6e2c76eecf9a7b599c160f51,48,48,libero_object/5,Approach,Wrong Target
7193968753aa_rollout_pick_up_the_tomato_sauce_and_place_it_in_the_basket_failure_ep37_step142_20260427_164847,libero/train/7193968753aa_rollout_pick_up_the_tomato_sauce_and_place_it_in_the_basket_failure_ep37_step142_20260427_164847.json,3857ffe5b1b38f9d5d8130e5c45c2590f1ff1d4bc67e585dd2f1c465c44e666f,c280b9a3de0c10419993edad08d50cabacabf92c498b0b6d397555a541db0ce2,143,143,libero_object/5,Approach,Scene Change
9e0f1d368fa8_rollout_pick_up_the_tomato_sauce_and_place_it_in_the_basket_failure_ep3_step213_20260427_164556,libero/train/9e0f1d368fa8_rollout_pick_up_the_tomato_sauce_and_place_it_in_the_basket_failure_ep3_step213_20260427_164556.json,39b5c2f2ab2c23c8af0404386002041fbcb88c5038ee07146f7e18bb37af109b,dd5504d54496a681b83ed53f1c603acf813b2b5dcf7aa6f29e5301384db100ac,214,214,libero_object/5,Place,Wrong Pose
a04adb37f0b4_rollout_pick_up_the_tomato_sauce_and_place_it_in_the_basket_failure_ep46_step120_20260427_165012,libero/train/a04adb37f0b4_rollout_pick_up_the_tomato_sauce_and_place_it_in_the_basket_failure_ep46_step120_20260427_165012.json,a34662aaa08465ae478f91d4758addd251cbf3b7f6e2de63fca85e69690a209f,ce36b83ff996535523612e3365456df1c1f4d11358da7dad94d8b125ac92795a,121,121,libero_object/5,Approach,Stage Rollback
1cf09655f2c0_rollout_pick_up_the_tomato_sauce_and_place_it_in_the_basket_failure_ep47_step126_20260427_165111,libero/train/1cf09655f2c0_rollout_pick_up_the_tomato_sauce_and_place_it_in_the_basket_failure_ep47_step126_20260427_165111.json,95954033e1184cacb208dd3bda3c516a91a43fb823aff07cf3cda6aa19e01b16,92d1486240aecc3d0301fc1e9405c8004aa22b7185859611f4f96e3877a33d25,127,127,libero_object/5,Approach,Wrong Pose
8c198ffad9cd_rollout_pick_up_the_tomato_sauce_and_place_it_in_the_basket_failure_ep8_step123_20260427_165145,libero/train/8c198ffad9cd_rollout_pick_up_the_tomato_sauce_and_place_it_in_the_basket_failure_ep8_step123_20260427_165145.json,8d6d6144f2c445ae52a40ed7a721d568105dedb6b2f78a685490d550b0d44665,5c7f3e6fe70999a7e268fe97f58374484460b5ebb90e0e9ac342b5a447df3931,124,124,libero_object/5,Approach,Wrong Pose
cab9c8400c32_rollout_pick_up_the_tomato_sauce_and_place_it_in_the_basket_failure_ep9_step101_20260427_165210,libero/train/cab9c8400c32_rollout_pick_up_the_tomato_sauce_and_place_it_in_the_basket_failure_ep9_step101_20260427_165210.json,33b064d168e4a666b237b114aded5c11532acc8cc9f7a4c9e2680b0edab68e7a,fa464cda5725a188908938833b24d94eb22d11f7f7e2d1ab3c09155fbcea4a9d,102,102,libero_object/5,Approach,Wrong Target
5f428794c19a_rollout_pick_up_the_black_bowl_between_the_plate_and_the_ramekin_and_place_it_on_the_plate_failure_ep14_step190_20260427_092547,libero/train/5f428794c19a_rollout_pick_up_the_black_bowl_between_the_plate_and_the_ramekin_and_place_it_on_the_plate_failure_ep14_step190_20260427_092547.json,c061f8a7985635c85573fc1ec3f80b47377aa3d825607e146e6eae86c1e2cca8,6718445c540db890181094a0a78a1858ef8ad7ad78ba52c021c670d7877e11b6,191,191,libero_spatial/0,Approach,Scene Change
c2e93b183101_rollout_pick_up_the_black_bowl_between_the_plate_and_the_ramekin_and_place_it_on_the_plate_failure_ep33_step211_20260427_092842,libero/train/c2e93b183101_rollout_pick_up_the_black_bowl_between_the_plate_and_the_ramekin_and_place_it_on_the_plate_failure_ep33_step211_20260427_092842.json,31f4eadcdb145da2dbd207d7ef867f6ea263d38287c8ac69909d61fdfbf593b3,d2fac94b6838f7e9373ad338f1ef08cc3dd3454364ec701e4fe05012beeaec0d,212,212,libero_spatial/0,Approach,Stage Rollback
99aa0ac4dad9_rollout_pick_up_the_black_bowl_from_table_center_and_place_it_on_the_plate_failure_ep26_step141_20260427_093451,libero/train/99aa0ac4dad9_rollout_pick_up_the_black_bowl_from_table_center_and_place_it_on_the_plate_failure_ep26_step141_20260427_093451.json,8d94c26770cef80102a549b9fa96653ddbcf8c8a28ecbd6e9fbc458431a77b2a,bebf4069dad993d439693d3d6ae72ab375096cd4373bb836862fa3e395912209,142,142,libero_spatial/2,Approach,Stage Rollback
b3badfbde0f0_rollout_pick_up_the_black_bowl_from_table_center_and_place_it_on_the_plate_failure_ep31_step144_20260427_093524,libero/train/b3badfbde0f0_rollout_pick_up_the_black_bowl_from_table_center_and_place_it_on_the_plate_failure_ep31_step144_20260427_093524.json,5b632d62cfb788fb660783631999b086b630fd0917295a91a41853b1b01bd38e,de480cb48b6f87382e15d38ced916f5717ab0c8789c411322816c9a49eac8758,145,145,libero_spatial/2,Approach,Stage Rollback
b4ce5b53ca54_rollout_pick_up_the_black_bowl_from_table_center_and_place_it_on_the_plate_failure_ep40_step169_20260427_093614,libero/train/b4ce5b53ca54_rollout_pick_up_the_black_bowl_from_table_center_and_place_it_on_the_plate_failure_ep40_step169_20260427_093614.json,e14947a5c32e6d3fad409262fe1c22ab22e79443481996af6de983dc24deba2a,fbc6984fc14fd0ce724fc96da4adb8a287fdbe8fa394e4d8c91cce38d4d1820b,170,170,libero_spatial/2,Approach,Scene Change
36e712f36b60_rollout_pick_up_the_black_bowl_in_the_top_drawer_of_the_wooden_cabinet_and_place_it_on_the_plate_failure_ep1_step137_20260427_093701,libero/train/36e712f36b60_rollout_pick_up_the_black_bowl_in_the_top_drawer_of_the_wooden_cabinet_and_place_it_on_the_plate_failure_ep1_step137_20260427_093701.json,b88f01bd8d4d656fe86012846c5c3f251d62b668e65620dbf1a98a2214f4104a,7d9e20b6956e1c5b00ebb3bc83da72268d6a6ef63c6913346af06bf1eba4c791,138,138,libero_spatial/4,Place,Wrong Pose
5daf1cb759e5_rollout_pick_up_the_black_bowl_in_the_top_drawer_of_the_wooden_cabinet_and_place_it_on_the_plate_failure_ep20_step185_20260427_093818,libero/train/5daf1cb759e5_rollout_pick_up_the_black_bowl_in_the_top_drawer_of_the_wooden_cabinet_and_place_it_on_the_plate_failure_ep20_step185_20260427_093818.json,550dfb0da5161524ce5bf609b853488273977372fa0570bf9dce3a9be14a8eda,f6bca1cdb66b7a68c22628bc024fbd020930160a8658dd04ee06718404251ac5,186,186,libero_spatial/4,Place,Wrong Pose
04c7e9f088b6_rollout_pick_up_the_black_bowl_in_the_top_drawer_of_the_wooden_cabinet_and_place_it_on_the_plate_failure_ep42_step83_20260427_094038,libero/train/04c7e9f088b6_rollout_pick_up_the_black_bowl_in_the_top_drawer_of_the_wooden_cabinet_and_place_it_on_the_plate_failure_ep42_step83_20260427_094038.json,64230a12584cacc0618e788829e596186a0baf791c006265e2429b956ad3074a,3c93cd6cb731fa4b8094d5f3c4a2bb3f61ddbcd786e7fd12d65c5046aedaa544,84,84,libero_spatial/4,Contact,Wrong Pose
e00a6fed56ed_rollout_pick_up_the_black_bowl_next_to_the_cookie_box_and_place_it_on_the_plate_failure_ep18_step137_20260427_094524,libero/train/e00a6fed56ed_rollout_pick_up_the_black_bowl_next_to_the_cookie_box_and_place_it_on_the_plate_failure_ep18_step137_20260427_094524.json,b437a610d41d733ced4994a1a17f8a223f1de549364c094691204f1ae2ca5eeb,cb314c0708817167845a57e314f602be3cfe25a0ca8398de54f1ee51bdd3e715,138,138,libero_spatial/6,Approach,Stage Rollback
51dd47e763b6_rollout_pick_up_the_black_bowl_next_to_the_cookie_box_and_place_it_on_the_plate_failure_ep3_step193_20260427_094619,libero/train/51dd47e763b6_rollout_pick_up_the_black_bowl_next_to_the_cookie_box_and_place_it_on_the_plate_failure_ep3_step193_20260427_094619.json,eb702b41aae237074b902449fab7d06bc55f0bdd6397fbb2468f0b30a506bf84,9d87200cc617aad8d194a6e4604d9e7c39cab5d9899a13020c8ea9666879a1f9,194,194,libero_spatial/6,Approach,Scene Change
e982c5794809_rollout_pick_up_the_black_bowl_next_to_the_cookie_box_and_place_it_on_the_plate_failure_ep42_step193_20260427_094725,libero/train/e982c5794809_rollout_pick_up_the_black_bowl_next_to_the_cookie_box_and_place_it_on_the_plate_failure_ep42_step193_20260427_094725.json,8ab70b803d42cae027d2dbb8b800dc429a88dc51a2242ea9b09bc1401eb44bec,6ed7ea1e0c3e10f51ec6d636e1db8cd0acc84c56af8205d842ad11c460c59ddd,194,194,libero_spatial/6,Approach,Stage Rollback
a7995f075f1c_rollout_pick_up_the_black_bowl_next_to_the_cookie_box_and_place_it_on_the_plate_failure_ep8_step42_20260427_095139,libero/train/a7995f075f1c_rollout_pick_up_the_black_bowl_next_to_the_cookie_box_and_place_it_on_the_plate_failure_ep8_step42_20260427_095139.json,94e4d92def2004ceba1cbf0b06d7af02d6b4472a34d91829ab0e051cfc0e1782,4b8e84449e2bab409766ba1b2b6061a095f76ed06ed7910d043223c114637de0,43,43,libero_spatial/6,Approach,Wrong Target
3cae6bf252fa_rollout_pick_up_the_black_bowl_next_to_the_plate_and_place_it_on_the_plate_failure_ep0_step61_20260427_101235,libero/train/3cae6bf252fa_rollout_pick_up_the_black_bowl_next_to_the_plate_and_place_it_on_the_plate_failure_ep0_step61_20260427_101235.json,110a2382aba3918e3bf6e091c67ae8d962940126fd4b165bd8773ff2abada128,6de0be52b99e88bc2d5d9d7ef11c6047feb98e27fc64c8d89e658bdea7209be7,62,62,libero_spatial/8,Approach,Wrong Target
d1f3bb5246df_rollout_pick_up_the_black_bowl_next_to_the_plate_and_place_it_on_the_plate_failure_ep15_step198_20260427_101327,libero/train/d1f3bb5246df_rollout_pick_up_the_black_bowl_next_to_the_plate_and_place_it_on_the_plate_failure_ep15_step198_20260427_101327.json,21d7ec24cdbb1aac2f37455603c60bcce4eba79f7f2bdd9ab80cf3cdffb52f6b,6e9ca59e7ad380c523a19338db9368e74d1d7d78d8229de74d686dd5ead1544d,199,199,libero_spatial/8,Place,Wrong Pose
2d35ee061b84_rollout_pick_up_the_black_bowl_next_to_the_plate_and_place_it_on_the_plate_failure_ep20_step137_20260427_101338,libero/train/2d35ee061b84_rollout_pick_up_the_black_bowl_next_to_the_plate_and_place_it_on_the_plate_failure_ep20_step137_20260427_101338.json,3bfddef7c8924733698f4935b0ceb3fb011f16135eea49eef02d2cd4af817ace,beea4dffc744bff166a1205e055598408f53e63b046f326a7e453af304bd81f6,138,138,libero_spatial/8,Approach,Stage Rollback
b8328911fcc6_rollout_pick_up_the_black_bowl_next_to_the_plate_and_place_it_on_the_plate_failure_ep21_step190_20260427_101359,libero/train/b8328911fcc6_rollout_pick_up_the_black_bowl_next_to_the_plate_and_place_it_on_the_plate_failure_ep21_step190_20260427_101359.json,e471efee59c25c4893bf5a80dfc8a121efedbc468f8e242e267fd425f4f59b3b,62bdd6fa6dba967ba6ef5ab964aedcd58da31abdbce23cf9818cdfa767149029,191,191,libero_spatial/8,Approach,Scene Change
019a6868ca80_rollout_pick_up_the_black_bowl_next_to_the_plate_and_place_it_on_the_plate_failure_ep37_step187_20260427_102609,libero/train/019a6868ca80_rollout_pick_up_the_black_bowl_next_to_the_plate_and_place_it_on_the_plate_failure_ep37_step187_20260427_102609.json,26a4a068d848e9b45441a753ca7d2d20afe0f4b8f16df0bb066bc61bb18e682c,45979ba828f125776802d855543f77c77451fb65fcc5368f14df30f26aff8114,188,188,libero_spatial/8,Approach,Scene Change
9bfef4cf158f_rollout_pick_up_the_black_bowl_next_to_the_plate_and_place_it_on_the_plate_failure_ep40_step197_20260427_102717,libero/train/9bfef4cf158f_rollout_pick_up_the_black_bowl_next_to_the_plate_and_place_it_on_the_plate_failure_ep40_step197_20260427_102717.json,4a2b33d8803d12a89a1e6fd849e86924c7eb20a1ed26e9078259e8fc25117e3e,042c283084a9b0c7acb6765ec0ed6bb8cbba2c02f5286440d7b60114fa919c54,198,198,libero_spatial/8,Approach,Stage Rollback
a0c08f18b2cb_rollout_pick_up_the_black_bowl_next_to_the_plate_and_place_it_on_the_plate_failure_ep48_step54_20260427_102801,libero/train/a0c08f18b2cb_rollout_pick_up_the_black_bowl_next_to_the_plate_and_place_it_on_the_plate_failure_ep48_step54_20260427_102801.json,b8c07663790ddf8b2b6acb0862583ed7edb64c67431c9725ea9a27eddea5f8df,ffc17775db369be3dc8db65df565f36463cab18baafdcc575816ff38c675d310,55,55,libero_spatial/8,Approach,Wrong Target
598f048ad32d_rollout_pick_up_the_black_bowl_next_to_the_ramekin_and_place_it_on_the_plate_failure_ep0_step102_20260427_102919,libero/train/598f048ad32d_rollout_pick_up_the_black_bowl_next_to_the_ramekin_and_place_it_on_the_plate_failure_ep0_step102_20260427_102919.json,db5ca042af97aba1def14516b2466c216bfce34bc2855bb7cdc05e39e848c765,fa687622a1885b98ad084e8fc74ae765d97ff4abbedc2cf94fcb98598b072cfa,103,103,libero_spatial/1,Approach,Wrong Target
92c518423728_rollout_pick_up_the_black_bowl_next_to_the_ramekin_and_place_it_on_the_plate_failure_ep19_step158_20260427_102940,libero/train/92c518423728_rollout_pick_up_the_black_bowl_next_to_the_ramekin_and_place_it_on_the_plate_failure_ep19_step158_20260427_102940.json,e89715c88d0ed66182196904c77eebf9b3d1e11c775cdee8f1afbe47ac8c7a54,526ff4db15b26917d9f8294e53dc52aa84e2c96866fef0efdfca33944ecb1c51,159,159,libero_spatial/1,Approach,Scene Change
922ac543e515_rollout_pick_up_the_black_bowl_next_to_the_ramekin_and_place_it_on_the_plate_failure_ep35_step79_20260427_103144,libero/train/922ac543e515_rollout_pick_up_the_black_bowl_next_to_the_ramekin_and_place_it_on_the_plate_failure_ep35_step79_20260427_103144.json,60f5f6b51efbf9a7d34ff813ea5a4039a25fa3f6fa7a48ac474c43cf107d2e29,a478f3ceaf8ee86801d5f50ce05f4afdeedb412e636ebc32fdf0c4e7cc170658,80,80,libero_spatial/1,Approach,Wrong Target
70b9c276cc37_rollout_pick_up_the_black_bowl_next_to_the_ramekin_and_place_it_on_the_plate_failure_ep46_step102_20260427_103626,libero/train/70b9c276cc37_rollout_pick_up_the_black_bowl_next_to_the_ramekin_and_place_it_on_the_plate_failure_ep46_step102_20260427_103626.json,33f9d4d8bd75c1e8f34fa1ef24a99de3b708844396583c152613f0686f06dc99,84b4e48079b530652178d4003703fb98bdf23c60ed2de3041f21e39ce42e16e1,103,103,libero_spatial/1,Approach,Wrong Target
6fa0164e6d28_rollout_pick_up_the_black_bowl_next_to_the_ramekin_and_place_it_on_the_plate_failure_ep5_step194_20260427_103914,libero/train/6fa0164e6d28_rollout_pick_up_the_black_bowl_next_to_the_ramekin_and_place_it_on_the_plate_failure_ep5_step194_20260427_103914.json,eb08f1e3084f8e8c379a78814ed57a7c150a29f6bdd9e96fe93cbb73b4ed8d94,96dd7878a008457d162a1b2c6a86c31892f24cc9b3494e12e4837a5fdf50544d,195,195,libero_spatial/1,Approach,Stage Rollback
a8bce235e466_rollout_pick_up_the_black_bowl_on_the_cookie_box_and_place_it_on_the_plate_failure_ep22_step108_20260427_104115,libero/train/a8bce235e466_rollout_pick_up_the_black_bowl_on_the_cookie_box_and_place_it_on_the_plate_failure_ep22_step108_20260427_104115.json,475e50b1f2ef6547d850da69501b24a2356c251d8f55531cd32414b9266b707d,743d2a6817778b9c10d426c55afa6ff8fb0cfb129a5a4b32e739ae1a46e06dd0,109,109,libero_spatial/3,Approach,Scene Change
d5ca786c864e_rollout_pick_up_the_black_bowl_on_the_ramekin_and_place_it_on_the_plate_failure_ep10_step34_20260427_104420,libero/train/d5ca786c864e_rollout_pick_up_the_black_bowl_on_the_ramekin_and_place_it_on_the_plate_failure_ep10_step34_20260427_104420.json,a682425bc19b4fd5ca954d67ac9a0286b45e8b13dd56ffc55594ca2906cde619,80326f3debb381ffb6d2b946c288eed22e523b393308d878eb8ebd174d639918,35,35,libero_spatial/5,Approach,Wrong Target
5a0cd5173c04_rollout_pick_up_the_black_bowl_on_the_ramekin_and_place_it_on_the_plate_failure_ep29_step78_20260427_104731,libero/train/5a0cd5173c04_rollout_pick_up_the_black_bowl_on_the_ramekin_and_place_it_on_the_plate_failure_ep29_step78_20260427_104731.json,10758299b86042fc8c891f8883f2740c3741fb6eea983df1ce2124e9818febea,f99305f4762d42327cf773e6a5d42e9ee1d8009bf806078e89479270e5e953fa,79,79,libero_spatial/5,Approach,Wrong Target
f6c90c57100e_rollout_pick_up_the_black_bowl_on_the_ramekin_and_place_it_on_the_plate_failure_ep33_step144_20260427_104817,libero/train/f6c90c57100e_rollout_pick_up_the_black_bowl_on_the_ramekin_and_place_it_on_the_plate_failure_ep33_step144_20260427_104817.json,2e17a37503dcc2483c2085ba112de35aec9a39b315dd842ae5ea7e9ec35df583,bc06496fcef0c6f38f5e40210b91f29d4a8debe95613fb8055a5159ae06b2089,145,145,libero_spatial/5,Approach,Stage Rollback
5d0d0f7401e0_rollout_pick_up_the_black_bowl_on_the_ramekin_and_place_it_on_the_plate_failure_ep36_step70_20260427_104909,libero/train/5d0d0f7401e0_rollout_pick_up_the_black_bowl_on_the_ramekin_and_place_it_on_the_plate_failure_ep36_step70_20260427_104909.json,88f96dacb499ee3b29becf31be8b86d789025221d7e3e38afd3b0ebf3838bb6c,ef2a678a3100cc83179860f3e06be5d159be7863c78b0cdbc4356ab02cda1676,71,71,libero_spatial/5,Approach,Wrong Target
9a581d596c73_rollout_pick_up_the_black_bowl_on_the_ramekin_and_place_it_on_the_plate_failure_ep46_step55_20260427_104937,libero/train/9a581d596c73_rollout_pick_up_the_black_bowl_on_the_ramekin_and_place_it_on_the_plate_failure_ep46_step55_20260427_104937.json,7d2772990c11eab18f6bebb6a5c4c4d22ee2541a2a073edce7c5008b5ffe662e,7906edadc6958a3f4a8ae3943e4e08f3a4f8bfe3fa3bba56e0696d9343620a1e,56,56,libero_spatial/5,Approach,Scene Change
08a5fb863dd0_rollout_pick_up_the_black_bowl_on_the_ramekin_and_place_it_on_the_plate_failure_ep47_step116_20260427_105000,libero/train/08a5fb863dd0_rollout_pick_up_the_black_bowl_on_the_ramekin_and_place_it_on_the_plate_failure_ep47_step116_20260427_105000.json,b2bb8e46209b0a4547c414fd3b4fed36e2f581cc7618f873de7e88f604550b3e,41d2db62d0b53a227cd19efce95e305f443a082e1edea9d24a7ce8f0920bd2eb,117,117,libero_spatial/5,Approach,Scene Change
955dc3763215_rollout_pick_up_the_black_bowl_on_the_ramekin_and_place_it_on_the_plate_failure_ep8_step80_20260427_105054,libero/train/955dc3763215_rollout_pick_up_the_black_bowl_on_the_ramekin_and_place_it_on_the_plate_failure_ep8_step80_20260427_105054.json,4693b9a670c3700121d07ca1704c5e5a3c8f29e14119432d7aab730b6ae27921,9c84ad3c467ffb516561937a811f892c18f90edd7acd3d2d8405e33963dba3f7,81,81,libero_spatial/5,Approach,Scene Change
d99b0c9059f8_rollout_pick_up_the_black_bowl_on_the_stove_and_place_it_on_the_plate_failure_ep31_step83_20260427_105252,libero/train/d99b0c9059f8_rollout_pick_up_the_black_bowl_on_the_stove_and_place_it_on_the_plate_failure_ep31_step83_20260427_105252.json,008ca1c7711bcc078eea2037375b24f735f27e785d93b5ed5ba7a76c803a5793,4766837d4e26be3f251fefe351ed23eb39e0c2464abac96db53afb84520868d6,84,84,libero_spatial/7,Approach,Scene Change
ebeb26b93549_rollout_pick_up_the_black_bowl_on_the_wooden_cabinet_and_place_it_on_the_plate_failure_ep12_step28_20260427_105456,libero/train/ebeb26b93549_rollout_pick_up_the_black_bowl_on_the_wooden_cabinet_and_place_it_on_the_plate_failure_ep12_step28_20260427_105456.json,aa58a228ded8844b83fb46abaf4a2730f830253946d0d0fe461d83971f11d891,1ca293e78f11af5fc6b0a8415fc4a226701f686a094493a1b7950893e4b727bb,29,29,libero_spatial/9,Approach,Wrong Target
fd89065666bd_rollout_pick_up_the_black_bowl_on_the_wooden_cabinet_and_place_it_on_the_plate_failure_ep38_step201_20260427_105845,libero/train/fd89065666bd_rollout_pick_up_the_black_bowl_on_the_wooden_cabinet_and_place_it_on_the_plate_failure_ep38_step201_20260427_105845.json,1742c053bf43abf56c0895833d7aed2802bbe3e39c728409bc389fedc32dd7d9,7255b91d6bd7b36d407f8183319528ceff9a27ebaf5de7b6615036b31041dd8c,202,202,libero_spatial/9,Approach,Stage Rollback
dd65c00c90b8_rollout_pick_up_the_black_bowl_on_the_wooden_cabinet_and_place_it_on_the_plate_failure_ep39_step113_20260427_105859,libero/train/dd65c00c90b8_rollout_pick_up_the_black_bowl_on_the_wooden_cabinet_and_place_it_on_the_plate_failure_ep39_step113_20260427_105859.json,886ddf924c54676b0816fdda0d0f54cd2a1252b8c31f71304524620816f37625,08be2863c9a60641d98f350ad5cc58da6148c075c05031e592528c3876342c19,114,114,libero_spatial/9,Approach,Stage Rollback
b0e46559a240_rollout_pick_up_the_book_and_place_it_in_the_back_compartment_of_the_caddy_failure_ep4_step74_20260423_072957,libero/train/b0e46559a240_rollout_pick_up_the_book_and_place_it_in_the_back_compartment_of_the_caddy_failure_ep4_step74_20260423_072957.json,242a42ee628a6259d9161305d860e63f97b21e35ff3ec781f1b97dc14c3eccd2,a797c4966fa38a4ccaf40d6dd0409c542372657bb9c175bd4103c3b33b8050d5,75,75,libero_10/5,Approach,Wrong Pose
871cffaa4cf0_rollout_pick_up_the_book_and_place_it_in_the_back_compartment_of_the_caddy_failure_ep6_step128_20260423_073033,libero/train/871cffaa4cf0_rollout_pick_up_the_book_and_place_it_in_the_back_compartment_of_the_caddy_failure_ep6_step128_20260423_073033.json,d57fd473c52b18d5d4647ec2a946768f1acc57e5e156e8edce6075583c158b1f,134b5f81e3250c8e2256a89cdd89cdac85f651c888051c8f5e6a73a2bc36159c,129,129,libero_10/5,Approach,Wrong Pose
f5b87f9aab39_rollout_pick_up_the_book_and_place_it_in_the_back_compartment_of_the_caddy_success_ep0_step148_20260423_073212,libero/train/f5b87f9aab39_rollout_pick_up_the_book_and_place_it_in_the_back_compartment_of_the_caddy_success_ep0_step148_20260423_073212.json,a08bdadcb4d9a2d562b23590e56b013618526ed6dd6a154bb3e515f8ea2cd1ab,13a7995b0f0b0f4f7238771d8750e3b5a2d8efbc4a86f43162aa254b6840cd63,149,149,libero_10/5,Approach,Wrong Pose
ad57ce04fc3e_rollout_put_both_moka_pots_on_the_stove_failure_ep0_step109_20260423_073353,libero/train/ad57ce04fc3e_rollout_put_both_moka_pots_on_the_stove_failure_ep0_step109_20260423_073353.json,9b442ce85b9a45dc1c44b646d5a4f8ba87632ab77c9e4256bfe8b3db89a11852,eb0c91f733612658d222bd9a793d0ed0db11cda3632e59fccb98d61446eb9876,110,110,libero_10/8,Approach,Wrong Pose
d7c8f5e27361_rollout_put_both_moka_pots_on_the_stove_failure_ep1_step138_20260423_073415,libero/train/d7c8f5e27361_rollout_put_both_moka_pots_on_the_stove_failure_ep1_step138_20260423_073415.json,f870dce67d5ee149068ef149e38dd12cdb710fc17956b99957f7db8e416cd5a8,4a0d56fce2dc64ee02894cbb49ffe3b8e341feec41bf5c5e54031015859e6a61,139,139,libero_10/8,Place,Wrong Pose
a21ae4c8f0c8_rollout_put_both_moka_pots_on_the_stove_failure_ep5_step136_20260423_073943,libero/train/a21ae4c8f0c8_rollout_put_both_moka_pots_on_the_stove_failure_ep5_step136_20260423_073943.json,c94899b717dc43e43101c5984fa00d43e006256c675e2a7ea12d8130189cc81e,b1b247468458b832330c79555b169756c7b1acc8ae563e692dcc8fc8edeb9f9a,137,137,libero_10/8,Approach,Wrong Pose
63312dbed6df_rollout_put_both_the_alphabet_soup_and_the_cream_cheese_box_in_the_basket_failure_ep3_step49_20260423_074709,libero/train/63312dbed6df_rollout_put_both_the_alphabet_soup_and_the_cream_cheese_box_in_the_basket_failure_ep3_step49_20260423_074709.json,eb583721e2223a89803f0a3d95b63795b82766c6c4b39f7ef4e3dc9d9062f342,8d7bbb9acca186305f3a3238385eeec38ef0ada7c4c32bdb9f7309cf2196bd79,50,50,libero_10/7,Approach,Wrong Pose
3593fba81b00_rollout_put_both_the_alphabet_soup_and_the_cream_cheese_box_in_the_basket_failure_ep4_step185_20260423_074750,libero/train/3593fba81b00_rollout_put_both_the_alphabet_soup_and_the_cream_cheese_box_in_the_basket_failure_ep4_step185_20260423_074750.json,00074591c502626ad47959607d5403d38b1e2153d1f38c1234108197c3b0c8b2,e9ca5e34fc35be5d64339e05c7b5fb543a122b3597c369bc180866ba29537bef,186,186,libero_10/7,Approach,Stage Rollback
ce11de9abb72_rollout_put_both_the_alphabet_soup_and_the_cream_cheese_box_in_the_basket_failure_ep5_step76_20260423_075346,libero/train/ce11de9abb72_rollout_put_both_the_alphabet_soup_and_the_cream_cheese_box_in_the_basket_failure_ep5_step76_20260423_075346.json,aaf116c9271f1029390c373ac83bb09f4f1b0ab6c91962ed90759e0d00b16130,30d2418476689e8c680d3b7942cdf87085b3bbd307b10203febccd6a2a911e7d,77,77,libero_10/7,Approach,Wrong Pose
978a1db9f7d9_rollout_put_both_the_alphabet_soup_and_the_cream_cheese_box_in_the_basket_failure_ep8_step234_20260423_080018,libero/train/978a1db9f7d9_rollout_put_both_the_alphabet_soup_and_the_cream_cheese_box_in_the_basket_failure_ep8_step234_20260423_080018.json,be8967cc460cf409b07c3e3c94c6005f2716c23ca5519c6a7d58e3c7cea2db6d,671394daa47303340e6d5715381ac009ab4a44fbd62a8822ff0c033159dcde47,235,235,libero_10/7,Approach,Wrong Pose
b5d3c1d9e349_rollout_put_both_the_alphabet_soup_and_the_tomato_sauce_in_the_basket_failure_ep1_step115_20260423_080239,libero/train/b5d3c1d9e349_rollout_put_both_the_alphabet_soup_and_the_tomato_sauce_in_the_basket_failure_ep1_step115_20260423_080239.json,7fba1ecaac257e0de92e8f840a04e9641e2db43c9dfdbee3ba23bebe74f7f287,ec61be5f76f692cf26411c70f9ee1582570913a565b605b97cbc10e1659057b0,116,116,libero_10/0,Approach,Wrong Target
75f96d473962_rollout_put_both_the_alphabet_soup_and_the_tomato_sauce_in_the_basket_failure_ep3_step151_20260423_081143,libero/train/75f96d473962_rollout_put_both_the_alphabet_soup_and_the_tomato_sauce_in_the_basket_failure_ep3_step151_20260423_081143.json,1742f7aad076e7c2f08bc10783229a02a274e584b2b3e61f342a980df044dede,1e8d7fc9826e65a30dd43f0741716f288884b9332fde2dc35e4b5c6f54919243,152,152,libero_10/0,Approach,Stage Rollback
13ff4bfec35c_rollout_put_both_the_alphabet_soup_and_the_tomato_sauce_in_the_basket_failure_ep4_step195_20260423_081216,libero/train/13ff4bfec35c_rollout_put_both_the_alphabet_soup_and_the_tomato_sauce_in_the_basket_failure_ep4_step195_20260423_081216.json,3547b010dd229470f8c4e75abc7feffcc21c54233e4d4947c32233bba3c28140,6e5f08be4268de2c2892a32fca17ee4a6e264eb53f2eb4d36962637639dce227,196,196,libero_10/0,Approach,Scene Change
0c002c0d47b5_rollout_put_both_the_alphabet_soup_and_the_tomato_sauce_in_the_basket_failure_ep5_step127_20260423_081233,libero/train/0c002c0d47b5_rollout_put_both_the_alphabet_soup_and_the_tomato_sauce_in_the_basket_failure_ep5_step127_20260423_081233.json,630ad77388caff8f867b8331cbc505b62b7c16d515db73d3aeeab31e6d925d0c,c83e3e16e529135f0e9b4841bc5941a23d81ef10d9f8f35a1ca196ceb486c3e6,128,128,libero_10/0,Approach,Scene Change
946d27f5b4e8_rollout_put_both_the_alphabet_soup_and_the_tomato_sauce_in_the_basket_failure_ep7_step17_20260423_081539,libero/train/946d27f5b4e8_rollout_put_both_the_alphabet_soup_and_the_tomato_sauce_in_the_basket_failure_ep7_step17_20260423_081539.json,d5d4b4a05f7897c941ff4142e0b93780c3295abf09dc40d36672cd6d094d84fd,ec96fd5978a9da8bda9d4bf00d5c6dee20bc5d5ccee54f81039054d150728839,18,18,libero_10/0,Approach,Wrong Target
fa496405e245_rollout_put_both_the_alphabet_soup_and_the_tomato_sauce_in_the_basket_success_ep9_step111_20260423_090233,libero/train/fa496405e245_rollout_put_both_the_alphabet_soup_and_the_tomato_sauce_in_the_basket_success_ep9_step111_20260423_090233.json,5d909193848c9faf94c190bb3fe71f06e01371751a838ef2f863a60ae37888b5,19993a6f75f84019d262d625f9f6ce67a614fb685e7f82a19619698e5e120f45,112,112,libero_10/0,Approach,Wrong Pose
3fff69cda90d_rollout_put_both_the_cream_cheese_box_and_the_butter_in_the_basket_failure_ep2_step190_20260423_090613,libero/train/3fff69cda90d_rollout_put_both_the_cream_cheese_box_and_the_butter_in_the_basket_failure_ep2_step190_20260423_090613.json,efa055358bb6142a3c60a40e3893b5deacf2a7e577c332a939ff8daae75f6e4f,5b0e67b663a823f792189dfed3f0655b264caa0ca38a298fa322b7b9b96b9a0e,191,191,libero_10/1,Place,Wrong Pose
8e20f7ac1e57_rollout_put_both_the_cream_cheese_box_and_the_butter_in_the_basket_failure_ep5_step185_20260423_093404,libero/train/8e20f7ac1e57_rollout_put_both_the_cream_cheese_box_and_the_butter_in_the_basket_failure_ep5_step185_20260423_093404.json,6c71dad80abee513b0cd58bda315a0d142046018c0cd95792b3ddfc39e99ad32,bbcc1ebc8a7e1755f1add163ac7f485ecfe1362be48cf89960c8c235c6f50911,186,186,libero_10/1,Move,Wrong Pose
01aeaa84a89b_rollout_put_the_black_bowl_in_the_bottom_drawer_of_the_cabinet_and_close_it_failure_ep3_step152_20260425_151719,libero/train/01aeaa84a89b_rollout_put_the_black_bowl_in_the_bottom_drawer_of_the_cabinet_and_close_it_failure_ep3_step152_20260425_151719.json,bebb4ec4c260c88ddddd94b2b6f1d85cdb18a81b7722f472ffbcdfe2d596029d,68af1326a6a1aa5380991ab3e12a5e91dc55482e26229c729cda0ec495f08a99,153,153,libero_10/3,Approach,Wrong Pose
8ebb820e5483_rollout_put_the_black_bowl_in_the_bottom_drawer_of_the_cabinet_and_close_it_failure_ep4_step137_20260425_151759,libero/train/8ebb820e5483_rollout_put_the_black_bowl_in_the_bottom_drawer_of_the_cabinet_and_close_it_failure_ep4_step137_20260425_151759.json,30add4d63f7811ac6927d412d8fce14ee952c02a04fcbc7c522495120502dcfd,8509957f15c5a292536ac56c54476d2a4663d00ace9c5962f07bf770e2490077,138,138,libero_10/3,Place,Wrong Pose
5fccc1c0c5a1_rollout_put_the_black_bowl_in_the_bottom_drawer_of_the_cabinet_and_close_it_failure_ep6_step112_20260425_152030,libero/train/5fccc1c0c5a1_rollout_put_the_black_bowl_in_the_bottom_drawer_of_the_cabinet_and_close_it_failure_ep6_step112_20260425_152030.json,535a6121f8ee075b00b1cc63bf58598a143a98159b0f52bf0a9d443907cca997,be7d012b2ec887da121786ff13e7157dc2952d0215641a03fde6ae48fbc76fab,113,113,libero_10/3,Place,Wrong Pose
30e62a475113_rollout_put_the_black_bowl_in_the_bottom_drawer_of_the_cabinet_and_close_it_failure_ep7_step115_20260425_152103,libero/train/30e62a475113_rollout_put_the_black_bowl_in_the_bottom_drawer_of_the_cabinet_and_close_it_failure_ep7_step115_20260425_152103.json,1bc3e4fbf97445d0079646360ae16d385ccbb251f238e84e930e96ab87934652,e433931f2d4d86879a9c42e98773fa496a2095e1a6b3d09c12d61364e94e143c,116,116,libero_10/3,Approach,Wrong Pose
f10a73c9f440_rollout_put_the_black_bowl_in_the_bottom_drawer_of_the_cabinet_and_close_it_failure_ep9_step78_20260425_152220,libero/train/f10a73c9f440_rollout_put_the_black_bowl_in_the_bottom_drawer_of_the_cabinet_and_close_it_failure_ep9_step78_20260425_152220.json,b2144d7dc44a946326e02752376fc9180c101d8021b30b3bbb4ee7c2ee5688ae,b4746cbee5f5e0546c90338d25b154a7cb4a0cf4b4e19be007541406ffd5a97e,79,79,libero_10/3,Approach,Wrong Pose
d67420a25b8c_rollout_put_the_white_mug_on_the_left_plate_and_put_the_yellow_and_white_mug_on_the_right_plate_failure_ep1_step92_20260425_152611,libero/train/d67420a25b8c_rollout_put_the_white_mug_on_the_left_plate_and_put_the_yellow_and_white_mug_on_the_right_plate_failure_ep1_step92_20260425_152611.json,4b3488fb63d47d9ff7da0988b561e4303bdddbe74213d34f6428bfac46cbfbfd,3579dc8d34dc26744eb61a467e92a8bfbc364de7d638f6f185f7a982703961ac,93,93,libero_10/4,Place,Wrong Pose
05098b0718d4_rollout_put_the_white_mug_on_the_left_plate_and_put_the_yellow_and_white_mug_on_the_right_plate_failure_ep2_step194_20260425_152710,libero/train/05098b0718d4_rollout_put_the_white_mug_on_the_left_plate_and_put_the_yellow_and_white_mug_on_the_right_plate_failure_ep2_step194_20260425_152710.json,3a30c669928f315ac76bd791fb6483b0c1159695b66fa1698688eec6e5f82547,4310204b6d0d9c3829e6b3d24c126d27b08edd2eb40b4851db68723979cd66e1,195,195,libero_10/4,Place,Wrong Target
6b17efebffe2_rollout_put_the_white_mug_on_the_left_plate_and_put_the_yellow_and_white_mug_on_the_right_plate_failure_ep3_step205_20260425_153801,libero/train/6b17efebffe2_rollout_put_the_white_mug_on_the_left_plate_and_put_the_yellow_and_white_mug_on_the_right_plate_failure_ep3_step205_20260425_153801.json,b9d0a6002c96b15a04ae3aa7a122550253b16287f8b7708d64b25c9a20342af6,9b4dff8cb9d1cbaedc938c2f63f5008f31b9b6dc00e864099811784de1d1f6d0,206,206,libero_10/4,Contact,Wrong Pose
6280e04a791d_rollout_put_the_white_mug_on_the_left_plate_and_put_the_yellow_and_white_mug_on_the_right_plate_failure_ep5_step178_20260425_154512,libero/train/6280e04a791d_rollout_put_the_white_mug_on_the_left_plate_and_put_the_yellow_and_white_mug_on_the_right_plate_failure_ep5_step178_20260425_154512.json,f93eb6c3a9027f50fdfd748fc34c4a3c122ddaee5b27127fd47a3642386f81fe,c0d653727f67d009c978ca69d15c7a47b4f3f7c140da3443cf670732f59088e0,179,179,libero_10/4,Place,Wrong Pose
5857ba2d07af_rollout_put_the_white_mug_on_the_left_plate_and_put_the_yellow_and_white_mug_on_the_right_plate_failure_ep8_step151_20260425_154900,libero/train/5857ba2d07af_rollout_put_the_white_mug_on_the_left_plate_and_put_the_yellow_and_white_mug_on_the_right_plate_failure_ep8_step151_20260425_154900.json,e265e59fd4cc933be15dc3e619a494099e8b292d6d03e91822b40914d4d6f978,831759bccb45c4d8d094a2142b0cf7e050c9b2a487adf2679db128fa67bf4055,152,152,libero_10/4,Place,Wrong Pose
84bb519d897e_rollout_put_the_white_mug_on_the_plate_and_put_the_chocolate_pudding_to_the_right_of_the_plate_failure_ep2_step97_20260425_155225,libero/train/84bb519d897e_rollout_put_the_white_mug_on_the_plate_and_put_the_chocolate_pudding_to_the_right_of_the_plate_failure_ep2_step97_20260425_155225.json,264aa7cba2ab432a6a56c6f0b8deffb90ad1f9a3167e95e45a244f1c35e95821,0b900b2b252b9f3eefa5b3354f17d1f27c714c538464d6faf1d082eb6d4c26fb,98,98,libero_10/6,Approach,Wrong Pose
80a5e9c6e493_rollout_put_the_white_mug_on_the_plate_and_put_the_chocolate_pudding_to_the_right_of_the_plate_failure_ep3_step111_20260425_155458,libero/train/80a5e9c6e493_rollout_put_the_white_mug_on_the_plate_and_put_the_chocolate_pudding_to_the_right_of_the_plate_failure_ep3_step111_20260425_155458.json,c84bab55b67e5e8af686e2e91a28e9051100878cac484c4ec412cac2094ab215,dbf159e32c81bd0adc8148c3f6742920fcb4696c079bbace2333bd3bb26b2f0e,112,112,libero_10/6,Place,Wrong Pose
261939769dbe_rollout_put_the_white_mug_on_the_plate_and_put_the_chocolate_pudding_to_the_right_of_the_plate_failure_ep4_step20_20260425_155750,libero/train/261939769dbe_rollout_put_the_white_mug_on_the_plate_and_put_the_chocolate_pudding_to_the_right_of_the_plate_failure_ep4_step20_20260425_155750.json,c92db681303add78ebf8d507b83383a55ea929778afecdf435b87e0b5cb5c2ae,7b7e28cbae61b3d2a48ce65232409057f78dc176d67d4865cc5aaa7362df47df,21,21,libero_10/6,Approach,Wrong Pose
9a055c7df715_rollout_put_the_white_mug_on_the_plate_and_put_the_chocolate_pudding_to_the_right_of_the_plate_failure_ep5_step116_20260425_160035,libero/train/9a055c7df715_rollout_put_the_white_mug_on_the_plate_and_put_the_chocolate_pudding_to_the_right_of_the_plate_failure_ep5_step116_20260425_160035.json,f06053a86ca69f2a57f680f2afb5122bf2366026a156810966998f8b9d6b62c3,e7cf6912ff2d5a9f95f5cfc5558e0728e920f5c4c94bbce0562b6524fe21883b,117,117,libero_10/6,Place,Wrong Target
ff9251aab769_rollout_put_the_white_mug_on_the_plate_and_put_the_chocolate_pudding_to_the_right_of_the_plate_failure_ep8_step59_20260425_160153,libero/train/ff9251aab769_rollout_put_the_white_mug_on_the_plate_and_put_the_chocolate_pudding_to_the_right_of_the_plate_failure_ep8_step59_20260425_160153.json,5aeced457572730344a74254d7bc3fcaf8b66bf2b5939e84fb3409df1a316ebd,a65634adb14e6c7197051897c296f893bdada96081264c5e1fbef7e2a228e86b,60,60,libero_10/6,Approach,Wrong Pose
a4281e335763_rollout_put_the_yellow_and_white_mug_in_the_microwave_and_close_it_failure_ep0_step157_20260425_160359,libero/train/a4281e335763_rollout_put_the_yellow_and_white_mug_in_the_microwave_and_close_it_failure_ep0_step157_20260425_160359.json,d41e6250eb033ee62ef72818f7b6b114888e310e66ee637f789333b71de36881,65c312ed7fc19def74056cb2f3e103bec2561dadf0f50422bdfe010d169640f7,158,158,libero_10/9,Move,Wrong Pose
5c7e40e897fa_rollout_put_the_yellow_and_white_mug_in_the_microwave_and_close_it_failure_ep1_step212_20260425_160436,libero/train/5c7e40e897fa_rollout_put_the_yellow_and_white_mug_in_the_microwave_and_close_it_failure_ep1_step212_20260425_160436.json,d103c45e78ba41f80684d4c7de5bbe219573140e1b399dd59cc1f1bc57ae36d1,ac0e0a85a762e450d0628ef68db4e82a09ed09528271a203b365221053367326,213,213,libero_10/9,Contact,Wrong Pose
759018cbb0fd_rollout_put_the_yellow_and_white_mug_in_the_microwave_and_close_it_failure_ep2_step193_20260425_160458,libero/train/759018cbb0fd_rollout_put_the_yellow_and_white_mug_in_the_microwave_and_close_it_failure_ep2_step193_20260425_160458.json,af77a3bf1cd3aaa699911393b768b91622a29be0c3a8ae0d880c0ab2d0338a6f,f93395b51d3ef2d908bef8bb3e51995cbedc78a7443a3f99a7616ac168b0df97,194,194,libero_10/9,Move,Wrong Pose
5748bc275ec8_rollout_put_the_yellow_and_white_mug_in_the_microwave_and_close_it_failure_ep4_step144_20260425_160609,libero/train/5748bc275ec8_rollout_put_the_yellow_and_white_mug_in_the_microwave_and_close_it_failure_ep4_step144_20260425_160609.json,86f0433f56f66194666361aee3225e37f437888312279b724383541b112561cb,022c87dcbb6f736f416ea30309a2db2591e0a940c99bf04f1904bb1ea489be2c,145,145,libero_10/9,Approach,Wrong Pose
75b7b256f97c_rollout_put_the_yellow_and_white_mug_in_the_microwave_and_close_it_failure_ep6_step336_20260425_160742,libero/train/75b7b256f97c_rollout_put_the_yellow_and_white_mug_in_the_microwave_and_close_it_failure_ep6_step336_20260425_160742.json,010f17753abea1811525977ccb0671976e14edde811309bd2bfd8e3807ac40da,227f0f876c0e288c243034e819df8c067ef36e5614c5fae283674b42cefb92f5,337,337,libero_10/9,Move,Wrong Pose
2d6729753a6d_rollout_put_the_yellow_and_white_mug_in_the_microwave_and_close_it_failure_ep9_step343_20260425_160906,libero/train/2d6729753a6d_rollout_put_the_yellow_and_white_mug_in_the_microwave_and_close_it_failure_ep9_step343_20260425_160906.json,6e6a1261cc683f5672c71208e91902ce9d6cee3d1fe5fd8dd19a3a1ed6af64fa,e34533cdb3d192f3021199cfb436554f811258512b03e0105cc304d88619bec1,344,344,libero_10/9,Move,Wrong Pose
992171012e3f_rollout_turn_on_the_stove_and_put_the_moka_pot_on_it_failure_ep5_step68_20260425_161221,libero/train/992171012e3f_rollout_turn_on_the_stove_and_put_the_moka_pot_on_it_failure_ep5_step68_20260425_161221.json,3a29f0011ed98369d45b32a7b00198745479dff0f8ea1b2be1de6a845e95ac83,6a970b66ee9dacfebeb4c5ee5e7e66236818a5413655e9d8954e43d36bb1ed9c,69,69,libero_10/2,Move,Wrong Pose
be0622f5f4dc_rollout_turn_on_the_stove_and_put_the_moka_pot_on_it_failure_ep7_step187_20260425_161349,libero/train/be0622f5f4dc_rollout_turn_on_the_stove_and_put_the_moka_pot_on_it_failure_ep7_step187_20260425_161349.json,3c4c9791be30f9c42ee51f51fd0f60dc026008c92d149c092ae89c2f499d3581,8ddb88aaf32286357c527774b1659bf59215c16518d5d3497eab6b673df7ba76,188,188,libero_10/2,Approach,Wrong Pose
7ec59866eaf8_rollout_turn_on_the_stove_and_put_the_moka_pot_on_it_failure_ep9_step72_20260425_161422,libero/train/7ec59866eaf8_rollout_turn_on_the_stove_and_put_the_moka_pot_on_it_failure_ep9_step72_20260425_161422.json,02f6234fa945ff289f4a8667c33affa48d8a317cd35ae1c0e4620b43d450e2df,4cc69759f58321b72dcea125f51b72630f64f827b2f7657b0c4f89341168a084,73,73,libero_10/2,Approach,Wrong Pose
b8f551912a9d_rollout_open_the_middle_drawer_of_the_cabinet_failure_ep16_step161_20260426_073747,libero/train/b8f551912a9d_rollout_open_the_middle_drawer_of_the_cabinet_failure_ep16_step161_20260426_073747.json,8de735b4860e3e61ae58944c6646e29771ce5ca5f6a55ae4e850286bc3ee0d7c,4f4987baf058f7b017eacf9bf7546cf2d1b118964458be5dc57f68eb9931a8f8,162,162,libero_goal/0,Move,Wrong Pose
02231d0cd06b_rollout_open_the_middle_drawer_of_the_cabinet_failure_ep17_step26_20260426_073826,libero/train/02231d0cd06b_rollout_open_the_middle_drawer_of_the_cabinet_failure_ep17_step26_20260426_073826.json,2af04a0db3b3d2a8aad8d74913f1036af13ed0e399467801d7ee4b6a006b3267,31a73bc209dee6daf3ebf909f40c82c4f0d415108ff2f343cccbd1f1ca6ef02f,27,27,libero_goal/0,Approach,Wrong Target
cbe245152d6d_rollout_open_the_middle_drawer_of_the_cabinet_failure_ep21_step133_20260426_074112,libero/train/cbe245152d6d_rollout_open_the_middle_drawer_of_the_cabinet_failure_ep21_step133_20260426_074112.json,e58a9776adae19cb9a8d6ad806d9796e195d6173cbb0d6ae81a54cf9ba2e4589,b35cac541feb5cfa1595240e7dd389a15a96e714df4eab10cf064f54ba90a201,134,134,libero_goal/0,Move,Wrong Pose
807fe7f635bd_rollout_open_the_middle_drawer_of_the_cabinet_failure_ep31_step93_20260426_074423,libero/train/807fe7f635bd_rollout_open_the_middle_drawer_of_the_cabinet_failure_ep31_step93_20260426_074423.json,f60c3b1de10bfada31a070f896cdf2f2b78b82925384297e28f638177be7a742,ad2fe686c57c007efc78a1f310e6886c1b76ba7884d75c32392ef66237faab3c,94,94,libero_goal/0,Move,Wrong Pose
8ec2bbf6f631_rollout_open_the_middle_drawer_of_the_cabinet_failure_ep35_step133_20260426_074754,libero/train/8ec2bbf6f631_rollout_open_the_middle_drawer_of_the_cabinet_failure_ep35_step133_20260426_074754.json,a9a312ea395b506a3b1a6782794cf1def6936aa705832686e99a6f1b1328a06d,3abe2818791d068b97b80cd405bb42ac4f2f34ebc7bdbbf6d583b6e5ddee52e5,134,134,libero_goal/0,Move,Wrong Pose
9d82dfd3c6fd_rollout_open_the_middle_drawer_of_the_cabinet_failure_ep43_step32_20260426_074935,libero/train/9d82dfd3c6fd_rollout_open_the_middle_drawer_of_the_cabinet_failure_ep43_step32_20260426_074935.json,9fa0713ebb10e8fc3ccb6f9ea7f02715229a516b04eca3748608e25e0f13042e,b5ccf4fc9844b1372cbab66182da10e6b5d46a382721e68bc0bb3691be343f80,33,33,libero_goal/0,Approach,Wrong Target
39ffd9f9708e_rollout_open_the_middle_drawer_of_the_cabinet_failure_ep44_step85_20260426_074959,libero/train/39ffd9f9708e_rollout_open_the_middle_drawer_of_the_cabinet_failure_ep44_step85_20260426_074959.json,f7ff5323a2d49abf51f47b9473801e3c0df940529b18f49da70f4dad0f3df89e,d1f77fd92b7a0e8450e2e3c03fa13a6cfe3402bbb20fd7eb29ed7b2fe13cf03f,86,86,libero_goal/0,Approach,Wrong Target
be49fdca856e_rollout_open_the_middle_drawer_of_the_cabinet_failure_ep8_step127_20260426_075251,libero/train/be49fdca856e_rollout_open_the_middle_drawer_of_the_cabinet_failure_ep8_step127_20260426_075251.json,1b5a254b1e1ad94ba5a98655bd40278bbace623636277ac6e419e5cef1afb60d,6e71a878e2944d6c21b70d6eef6a3473471d1f6de8d93e107da6c2c967f0d6ea,128,128,libero_goal/0,Move,Wrong Pose
bd8d9153855b_rollout_open_the_top_drawer_and_put_the_bowl_inside_failure_ep0_step34_20260426_075417,libero/train/bd8d9153855b_rollout_open_the_top_drawer_and_put_the_bowl_inside_failure_ep0_step34_20260426_075417.json,c936c8c957e470a2afb33be58220acd6f8d5525a2956a0056ec785e4d735c9d7,071a96348456ee8af5e45c3e1a473df6a5a26b94f61a9105da3969352d3c08b5,35,35,libero_goal/3,Approach,Wrong Pose
45343607aa11_rollout_open_the_top_drawer_and_put_the_bowl_inside_failure_ep14_step146_20260426_080813,libero/train/45343607aa11_rollout_open_the_top_drawer_and_put_the_bowl_inside_failure_ep14_step146_20260426_080813.json,67412e2c03191d49454c3fdedd2d496b2f466fa93ddf5269e408cf5cc5fc4468,b67e49acd46ea477ccb5369bb3d20bebc63d6431607065f77e3aa5e978f5475b,147,147,libero_goal/3,Move,Wrong Pose
56f5a71b80e3_rollout_open_the_top_drawer_and_put_the_bowl_inside_failure_ep15_step51_20260426_080843,libero/train/56f5a71b80e3_rollout_open_the_top_drawer_and_put_the_bowl_inside_failure_ep15_step51_20260426_080843.json,60b159839da2d5996be3e0715aeb21b208f71726f28e8a37fbd6e23fec02a2f9,878303ebeb2ddbde7c3bfd453c64cb49b7593cac96aa2804a7c2b4ef0f56309d,52,52,libero_goal/3,Approach,Wrong Target
23d072dafe55_rollout_open_the_top_drawer_and_put_the_bowl_inside_failure_ep18_step73_20260426_081036,libero/train/23d072dafe55_rollout_open_the_top_drawer_and_put_the_bowl_inside_failure_ep18_step73_20260426_081036.json,24c71526792c67cf7fe38bde7bd75a92f17e78ee258f0a0634248dda2da7b865,e2e0877d3489bcdfae31cfc3a81b43b62ebdc36f5f3d9deaabb219aeff0ade9e,74,74,libero_goal/3,Move,Wrong Pose
e42518e8035a_rollout_open_the_top_drawer_and_put_the_bowl_inside_failure_ep27_step176_20260426_081606,libero/train/e42518e8035a_rollout_open_the_top_drawer_and_put_the_bowl_inside_failure_ep27_step176_20260426_081606.json,3146da2e441ad7cc48edd6097a6021136133af7ba97d8c966f2a8f8ed93705f7,364f6e3ed64e7564b01d2de746e20b967c0c5374638b0c55395822ea26eac8ed,177,177,libero_goal/3,Move,Wrong Pose
ece0fb65c6c6_rollout_open_the_top_drawer_and_put_the_bowl_inside_failure_ep2_step78_20260426_081328,libero/train/ece0fb65c6c6_rollout_open_the_top_drawer_and_put_the_bowl_inside_failure_ep2_step78_20260426_081328.json,a5a593c34a1e679bc73e9e00dcd28063a336f0d722cf7021f0aa1354b38da429,ca374f85e526e7ba5d7e738aaaec5e59c8259ccc08788e5ac7eb85ccfb796554,79,79,libero_goal/3,Approach,Wrong Pose
ddf835a34af3_rollout_open_the_top_drawer_and_put_the_bowl_inside_failure_ep37_step38_20260426_081858,libero/train/ddf835a34af3_rollout_open_the_top_drawer_and_put_the_bowl_inside_failure_ep37_step38_20260426_081858.json,bb5e17c168b7a4878451d613ef9e43877426feb92eaee3f6781048b4cc3fa7fe,7a8cff81c45396c1cde8765b14607c8e609a5231a8de295c779782d1837e1625,39,39,libero_goal/3,Approach,Wrong Target
ac4edb413798_rollout_open_the_top_drawer_and_put_the_bowl_inside_failure_ep3_step49_20260426_081706,libero/train/ac4edb413798_rollout_open_the_top_drawer_and_put_the_bowl_inside_failure_ep3_step49_20260426_081706.json,a0cc9c20d918d8838be48da57687f47f8e19530efd6b6440532aff980d7984ef,7a4e1702d99d86ab7180416d202ad31620e9b9d729fc70fe60340a4f835d0825,50,50,libero_goal/3,Approach,Wrong Target
b8d467860c45_rollout_open_the_top_drawer_and_put_the_bowl_inside_failure_ep43_step31_20260426_082454,libero/train/b8d467860c45_rollout_open_the_top_drawer_and_put_the_bowl_inside_failure_ep43_step31_20260426_082454.json,2f6cc9c5dca4dc4243ba8f81e809f9577a298673939044b96da3418b42f6ba48,41a2a67d099a2bb8634b73ebe15529936322c1761bdbcfd902801c11311800db,32,32,libero_goal/3,Approach,Wrong Target
9840a5337cfb_rollout_push_the_plate_to_the_front_of_the_stove_failure_ep10_step106_20260426_082613,libero/train/9840a5337cfb_rollout_push_the_plate_to_the_front_of_the_stove_failure_ep10_step106_20260426_082613.json,2dca98b4d6a30b90a2ad180a4c33f230d872cf23cfe75faebfbbe29bd7bd3a2c,b697493a965b87fefc63d9886d554b94d4ec9d54b1cd839d80a0fc57cc1787de,107,107,libero_goal/5,Move,Wrong Pose
140c3296f39c_rollout_push_the_plate_to_the_front_of_the_stove_failure_ep11_step121_20260426_082731,libero/train/140c3296f39c_rollout_push_the_plate_to_the_front_of_the_stove_failure_ep11_step121_20260426_082731.json,94abfc6d72b8bcb984e9060263628ecf8cfb1f1706658aca5550a637230ac279,0057f98656177090f51d5499a5a87c6c66c62b1ba33058abf0e386cd96b493fb,122,122,libero_goal/5,Move,Wrong Pose
806a7da93a39_rollout_push_the_plate_to_the_front_of_the_stove_failure_ep12_step120_20260426_082750,libero/train/806a7da93a39_rollout_push_the_plate_to_the_front_of_the_stove_failure_ep12_step120_20260426_082750.json,2d9d47976a9927a74d4ed912344dd5a964881f67f752ec8f4bfe62f68dc759f0,f423c42cc1ff1be5e8de5ba45ac45d6f01373f5f9f31cb64ed343d9ee497ce41,121,121,libero_goal/5,Move,Wrong Pose
720cfada0dd6_rollout_push_the_plate_to_the_front_of_the_stove_failure_ep14_step204_20260426_082839,libero/train/720cfada0dd6_rollout_push_the_plate_to_the_front_of_the_stove_failure_ep14_step204_20260426_082839.json,3e49b67826eb3afcc33c9b90f2e3b2617199c779bfbab4e05938ec10cdb0fe3f,eac08e750b73e91c41ca43f547af1ed381fe1e783227c84968d10b5bf3eb1d50,205,205,libero_goal/5,Move,Wrong Pose
ccd74ff90a1f_rollout_push_the_plate_to_the_front_of_the_stove_failure_ep16_step34_20260426_082923,libero/train/ccd74ff90a1f_rollout_push_the_plate_to_the_front_of_the_stove_failure_ep16_step34_20260426_082923.json,7f8ffa269d2564112055695d90c55a9d1171abf6f1fa18436b032fdf9a670d2d,0887a073c251596e121d243f5be6e254b6f2b1da20dd82f39537c486550e18a0,35,35,libero_goal/5,Approach,Wrong Target
dfe95d48c235_rollout_push_the_plate_to_the_front_of_the_stove_failure_ep18_step104_20260426_082957,libero/train/dfe95d48c235_rollout_push_the_plate_to_the_front_of_the_stove_failure_ep18_step104_20260426_082957.json,6fe626ff500e24c06a4d7419cf05d85d79591e5a5ac16ff54a1285df69eaf9d9,de5708cb7adcbc9312438d6d1a231f7b4aa95a0c97a6df1191dfa57c94be9088,105,105,libero_goal/5,Move,Wrong Pose
5acf1bf33b05_rollout_push_the_plate_to_the_front_of_the_stove_failure_ep1_step102_20260426_082552,libero/train/5acf1bf33b05_rollout_push_the_plate_to_the_front_of_the_stove_failure_ep1_step102_20260426_082552.json,0b02cba3c485934287a5f58ff7213df571877fc9f3cdbc18d416d39e922d96e3,68c471f26736db932ad0bff7641fd3fc39f99026155575136662dd41c96d8dc9,103,103,libero_goal/5,Move,Wrong Pose
9dc26dca4164_rollout_push_the_plate_to_the_front_of_the_stove_failure_ep20_step76_20260426_083112,libero/train/9dc26dca4164_rollout_push_the_plate_to_the_front_of_the_stove_failure_ep20_step76_20260426_083112.json,f777264115d6ff58fd99c18c01675baa2d331c071aa440e0d7003bf1e09f3daa,77484ea409f67bb8f3c619ef280dbd7e90db586580637d3ca20977ce5b59b396,77,77,libero_goal/5,Approach,Wrong Pose
b89fdce4759d_rollout_push_the_plate_to_the_front_of_the_stove_failure_ep22_step110_20260426_083153,libero/train/b89fdce4759d_rollout_push_the_plate_to_the_front_of_the_stove_failure_ep22_step110_20260426_083153.json,f611f9a7b8542cc4f343cc32cc79a39b9063c2d76236f01168a654313446095d,b44c9734e5e1bbacb16999b604d74078c3b3109b96418d3c80be7ebb5b5134f9,111,111,libero_goal/5,Move,Wrong Pose
587e5c0d7f06_rollout_push_the_plate_to_the_front_of_the_stove_failure_ep23_step84_20260426_083215,libero/train/587e5c0d7f06_rollout_push_the_plate_to_the_front_of_the_stove_failure_ep23_step84_20260426_083215.json,c39414dd83e2ceeb1ff3b3bdc7c45532bb836d366b6e3fc0aea488a846a9323d,80549a5eb78bffb519f05982daeb9ffbe580dab60c268203202acecd2050e45d,85,85,libero_goal/5,Move,Wrong Pose
3bd9195fbf1d_rollout_push_the_plate_to_the_front_of_the_stove_failure_ep24_step76_20260426_083228,libero/train/3bd9195fbf1d_rollout_push_the_plate_to_the_front_of_the_stove_failure_ep24_step76_20260426_083228.json,c5b40bd2b36d998e4801b9d9f9db1a62197b2edc10afa8354e036b0af8e13163,5174da3c10ca00012c21c05844466ed217bed93f2cefa2045dc0103a11ed92d1,77,77,libero_goal/5,Move,Wrong Pose
2340ee5f0b4a_rollout_push_the_plate_to_the_front_of_the_stove_failure_ep29_step113_20260426_083344,libero/train/2340ee5f0b4a_rollout_push_the_plate_to_the_front_of_the_stove_failure_ep29_step113_20260426_083344.json,216c1e346daa091e4656590815c4542843b92d319a296f9e7ab06e87f80eece0,a1bc805d47f93c77dbf8e11c375005adf2e81c0c92ed2e5b0022d95bd6a60e78,114,114,libero_goal/5,Move,Wrong Pose
1cea138cdaab_rollout_push_the_plate_to_the_front_of_the_stove_failure_ep2_step139_20260426_083034,libero/train/1cea138cdaab_rollout_push_the_plate_to_the_front_of_the_stove_failure_ep2_step139_20260426_083034.json,fc858453431379019067a0e91859fbb547bbc5c7ed856fecbdd7bfa7e91b1633,617c8a5694acac1813321f81b7e3aae461b5368c508192dba1144005e8a46d61,140,140,libero_goal/5,Move,Wrong Pose
9434b634f8e5_rollout_push_the_plate_to_the_front_of_the_stove_failure_ep32_step75_20260426_083446,libero/train/9434b634f8e5_rollout_push_the_plate_to_the_front_of_the_stove_failure_ep32_step75_20260426_083446.json,1a7ebbdaa39f9ea8d4e0df0ff0971eda2ee142b410e01366c8d683d0583f20ea,6f22bac24c7898bcc199f47d110ab97da586393e899d424dacf8294130cc51e5,76,76,libero_goal/5,Approach,Wrong Pose
78b059fd2685_rollout_push_the_plate_to_the_front_of_the_stove_failure_ep37_step111_20260426_083554,libero/train/78b059fd2685_rollout_push_the_plate_to_the_front_of_the_stove_failure_ep37_step111_20260426_083554.json,be557ccb2e1612035bb605058fd55d120dcda5eb6f3b00e891d129cf935ba43a,44d9480c2d3b08deea3ba899e1f30119e36368cb2e08e96fd01c1306a888dc3b,112,112,libero_goal/5,Move,Wrong Pose
d71d4c7a5170_rollout_push_the_plate_to_the_front_of_the_stove_failure_ep39_step102_20260426_083629,libero/train/d71d4c7a5170_rollout_push_the_plate_to_the_front_of_the_stove_failure_ep39_step102_20260426_083629.json,936027d62c9d2e3d39c5099f00c0607335332aaaf17350c7ce545b3197c52779,eea81c0491a1fe3c95d438779e8beedcf68d0dbd4ec4cb9b6252281c652a048e,103,103,libero_goal/5,Move,Wrong Pose
ee57c900be60_rollout_push_the_plate_to_the_front_of_the_stove_failure_ep3_step92_20260426_083354,libero/train/ee57c900be60_rollout_push_the_plate_to_the_front_of_the_stove_failure_ep3_step92_20260426_083354.json,8e99eb7822dabe1dd78745c3dd8e4b3029e32088e7d5c51f5715b343b6cbbece,52d9ca990265e19caeeb426f4b7bc808f193a94ec1da55b15327119fdd79a67c,93,93,libero_goal/5,Move,Wrong Pose
70f6941f175c_rollout_put_the_bowl_on_the_plate_failure_ep17_step76_20260426_084614,libero/train/70f6941f175c_rollout_put_the_bowl_on_the_plate_failure_ep17_step76_20260426_084614.json,1cbdaf85b89e257191287a4cff2ddec7fb5a067b364436f8bfcee80dddd76651,2dfb67eff7584ef015a1e8817907f5edfeedccd7834f151c3be746ba0d0e2543,77,77,libero_goal/8,Place,Wrong Pose
aa2d934c5299_rollout_put_the_bowl_on_the_plate_failure_ep18_step80_20260426_084641,libero/train/aa2d934c5299_rollout_put_the_bowl_on_the_plate_failure_ep18_step80_20260426_084641.json,7b6799e99a6ea6711371a9124acb116a1ba5b9ca678df74108903692a253ab17,a336fae4b2e7b59151531c0927242cee03437e5395b6f012b0ad66832856c9bd,81,81,libero_goal/8,Approach,Stage Rollback
f03ba48c1fba_rollout_put_the_bowl_on_the_plate_failure_ep19_step78_20260426_084659,libero/train/f03ba48c1fba_rollout_put_the_bowl_on_the_plate_failure_ep19_step78_20260426_084659.json,c1d730ee9919fda85fbdb72d6f7750ec183b13eac3b82c3063b7924cd708c6ea,a30200c8dbd0bd7daf1abecef67bee50085e72f93dac05aef0dec8c76e53aa06,79,79,libero_goal/8,Place,Wrong Pose
95851691bf11_rollout_put_the_bowl_on_the_plate_failure_ep25_step114_20260426_085055,libero/train/95851691bf11_rollout_put_the_bowl_on_the_plate_failure_ep25_step114_20260426_085055.json,d8a9921bf13d173b09ed55141e8776ff96d481c0073dc090ceb127017fe74884,c54197df42a8dc8ac1bcc3b251367c335d3e7318210de9cee4078990421740b9,115,115,libero_goal/8,Approach,Wrong Pose
a89810a35e74_rollout_put_the_bowl_on_the_plate_failure_ep29_step77_20260426_085150,libero/train/a89810a35e74_rollout_put_the_bowl_on_the_plate_failure_ep29_step77_20260426_085150.json,d4522672fabc233f40ec0f622e62b9ccf52ea14632c920f7a027372983ac2297,4bf7d42d687057c53452e9a26bb194a27e216835d3693ca3d71be86ed001cfd5,78,78,libero_goal/8,Place,Wrong Pose
224d9ad9062a_rollout_put_the_bowl_on_the_plate_failure_ep2_step90_20260426_084945,libero/train/224d9ad9062a_rollout_put_the_bowl_on_the_plate_failure_ep2_step90_20260426_084945.json,d890b68e448101ae4bb2682858d330a7c8fc3b4ebd5526d854080750e3f61948,256ff562fae31973bab52d008307833608524399c50488bdc9a8d18e8f3cfae5,91,91,libero_goal/8,Place,Wrong Pose
1b861aee15ee_rollout_put_the_bowl_on_the_plate_failure_ep31_step83_20260426_085845,libero/train/1b861aee15ee_rollout_put_the_bowl_on_the_plate_failure_ep31_step83_20260426_085845.json,7f95faa8aff536de5da81467311dfbb39aa97da8f61847ee4ff90c6b5edb9ad0,9cf8eb6fed9e048f72921799061b2a2fe97f9bba099d3482386e6fd94345db5a,84,84,libero_goal/8,Place,Wrong Pose
1cc0480404a9_rollout_put_the_bowl_on_the_plate_failure_ep34_step92_20260426_090220,libero/train/1cc0480404a9_rollout_put_the_bowl_on_the_plate_failure_ep34_step92_20260426_090220.json,0c41385812962fc9e63ff77e0284a22af221bbc70f46fb42ed5a29b8b3a34591,36484d71d222f486ce0a6bc70b1f4d049e664461c587b7ff2c0a43b14f6cef56,93,93,libero_goal/8,Place,Wrong Pose
3fbbff61af36_rollout_put_the_bowl_on_the_plate_failure_ep35_step79_20260426_090231,libero/train/3fbbff61af36_rollout_put_the_bowl_on_the_plate_failure_ep35_step79_20260426_090231.json,b53535a71ac4af0ce17272c3675afe39b4553b8b7dba9fa727a51ed76ad6602c,f4d30f64b0de149bc73443baaea8a22e373bb8be37ef891f18eb0939ed0ca753,80,80,libero_goal/8,Place,Wrong Pose
f494c84e5c80_rollout_put_the_bowl_on_the_plate_failure_ep44_step114_20260426_092022,libero/train/f494c84e5c80_rollout_put_the_bowl_on_the_plate_failure_ep44_step114_20260426_092022.json,34e885210da8065ef3a2ad3b9f9251899372984af3917f4b7d71374fd3b0178f,161dd4f24dd33e99a7a1ee81454fa37d7702c2d5d7df795493815d652b20b6b0,115,115,libero_goal/8,Place,Wrong Pose
73b64de369f0_rollout_put_the_bowl_on_the_plate_failure_ep4_step215_20260426_091511,libero/train/73b64de369f0_rollout_put_the_bowl_on_the_plate_failure_ep4_step215_20260426_091511.json,de6f90e7ff2bd8bb25079c1d0f385df385533a608cd29fc6de40e5bf7f691237,34ed88ee1c5c5d65f32487da3b1dfed46f30f314b95db6f5d1293837981021d3,216,216,libero_goal/8,Place,Wrong Target
4f12db5c65c2_rollout_put_the_bowl_on_the_plate_failure_ep9_step103_20260426_092238,libero/train/4f12db5c65c2_rollout_put_the_bowl_on_the_plate_failure_ep9_step103_20260426_092238.json,411ed3e4ca093f052d83d231602eb7b330c01ad92db9a1907e31555a8d093e0f,0741a84a91e272695ed87052a29a307c06c59317b986063248f633052306a6c5,104,104,libero_goal/8,Place,Wrong Pose
571e06281d63_rollout_put_the_bowl_on_the_plate_success_ep30_step159_20260426_092846,libero/train/571e06281d63_rollout_put_the_bowl_on_the_plate_success_ep30_step159_20260426_092846.json,4005fff007e67129ce8c3441e16d2d057fd6e8092849db692e0e1e93c14f7fdd,144c9efc16a6231a755e66f2847b5536b5c72c0bbd993c342ce13542054d98d4,160,160,libero_goal/8,Approach,Wrong Pose
08b8c48c0927_rollout_put_the_bowl_on_the_stove_failure_ep13_step24_20260426_093105,libero/train/08b8c48c0927_rollout_put_the_bowl_on_the_stove_failure_ep13_step24_20260426_093105.json,c00ae9461c0922b67eeb099be6091ea3c25a5ca17a88ca8a76da7b1e270df60d,9b93701daff5f482179c863e28dc4e409d663189b6d9274f2332b30efd4b78eb,25,25,libero_goal/1,Approach,Wrong Target
85af65b51247_rollout_put_the_bowl_on_the_stove_failure_ep18_step43_20260426_095705,libero/train/85af65b51247_rollout_put_the_bowl_on_the_stove_failure_ep18_step43_20260426_095705.json,ddea94b2aa89f1f8536892063e7aaf50e99418324bfbc8dcf9a21764a9822c83,168c2de9e8cdd82f3f8e22a3325006106f4fbd1ce49eb63e58cb1d881f0c3683,44,44,libero_goal/1,Approach,Wrong Target
ebc947808e42_rollout_put_the_bowl_on_the_stove_failure_ep19_step33_20260426_095736,libero/train/ebc947808e42_rollout_put_the_bowl_on_the_stove_failure_ep19_step33_20260426_095736.json,caed7b07ce4c9c1fb0c592628344ff634a6bbf2f3d6c3a87b89d1e3bd7595130,06efe3a8f7febd3fdaab34d4c80431a2f412c51dd6fa4f791675a9c41f68f238,34,34,libero_goal/1,Approach,Wrong Target
4f18f904aa2c_rollout_put_the_bowl_on_the_stove_failure_ep22_step83_20260426_095857,libero/train/4f18f904aa2c_rollout_put_the_bowl_on_the_stove_failure_ep22_step83_20260426_095857.json,d5b4005dfeaf906cc431d4b8eafe0cffbfdad15e9f736ebe43ab67de81bc8715,d10363670448d4e2c862681c05e40a141cc972f355f4a0a6079c1723c983dc0a,84,84,libero_goal/1,Approach,Wrong Pose
256f4c1f014a_rollout_put_the_bowl_on_the_stove_failure_ep23_step30_20260426_095919,libero/train/256f4c1f014a_rollout_put_the_bowl_on_the_stove_failure_ep23_step30_20260426_095919.json,4f7c90e61e22c288061b68d02c5995da261e423b64af1a23aaae50bef447f906,eb03370317563f93d506b36f38430f50f7711023ec71196e59599cfc1d8710b1,31,31,libero_goal/1,Approach,Wrong Target
2b8c33c3e611_rollout_put_the_bowl_on_the_stove_failure_ep28_step86_20260426_095957,libero/train/2b8c33c3e611_rollout_put_the_bowl_on_the_stove_failure_ep28_step86_20260426_095957.json,37d73e8ac5d4c67500fccc6d972c7a9beb3d539675178484af14dc461caffe73,7b6052f429dfd5f5ae1cef741a1f2e76a5ed3bf43aaff62cc6a4acb271a1610d,87,87,libero_goal/1,Place,Wrong Pose
2d5e3d36268a_rollout_put_the_bowl_on_the_stove_failure_ep30_step36_20260426_100025,libero/train/2d5e3d36268a_rollout_put_the_bowl_on_the_stove_failure_ep30_step36_20260426_100025.json,3501f08a94b547adb2044923da5f89ffdf185c69597b1e0ebd95a64c18668867,d3772bb3a9b12af940564c9737ea10dea3f31e85354234cb522d1601f9ad6273,37,37,libero_goal/1,Approach,Wrong Pose
0df8763f0cb4_rollout_put_the_bowl_on_the_stove_failure_ep32_step119_20260426_100120,libero/train/0df8763f0cb4_rollout_put_the_bowl_on_the_stove_failure_ep32_step119_20260426_100120.json,0e427702568ef4551dc86625ae085e721267e857ac71987beb8edef9200a96f2,c7719d7bfc2755738368eb0047c30f5e65902f9aede6ad34ccd5ed9c2af3edbc,120,120,libero_goal/1,Approach,Scene Change
5a9c594ee923_rollout_put_the_bowl_on_the_stove_failure_ep40_step103_20260426_100619,libero/train/5a9c594ee923_rollout_put_the_bowl_on_the_stove_failure_ep40_step103_20260426_100619.json,aa5fa3ffade5a71fee975e34e2a57fee826f3edf5da69d6edb04ed7c3204f074,c1717b141e66130e7b3d81afc8c655620276ad0f49134002170004787a92b432,104,104,libero_goal/1,Approach,Wrong Target
db4895131465_rollout_put_the_bowl_on_the_stove_failure_ep45_step35_20260426_100818,libero/train/db4895131465_rollout_put_the_bowl_on_the_stove_failure_ep45_step35_20260426_100818.json,7a600d341fc1ced6538cde685b192c049dafb665d697f44f0c7e94b218111269,186b785cacb965aabad710e6125ea8be7ba65f0c28cf8bb9bcde328447f8feea,36,36,libero_goal/1,Approach,Wrong Target
c103e95d592a_rollout_put_the_bowl_on_the_stove_failure_ep46_step86_20260426_100854,libero/train/c103e95d592a_rollout_put_the_bowl_on_the_stove_failure_ep46_step86_20260426_100854.json,a782cadbb54a28c9f38313c7fccb35148e7dc10160d0a5026ac026513defd40d,d58d2dd736bf4d8f9e8c07677f22bdb24641db9927a5576a761c8c746357b3ed,87,87,libero_goal/1,Place,Wrong Pose
07e6036d8e8c_rollout_put_the_bowl_on_the_stove_failure_ep47_step27_20260426_100924,libero/train/07e6036d8e8c_rollout_put_the_bowl_on_the_stove_failure_ep47_step27_20260426_100924.json,b3d9e50afb021c6e0890b91bf1e85950c107b36a5dbe1defea3121c0243dd5ad,2a3df66f50e5613fc9985d714d05f05a9c5d9a69a3e5825077f3ad191c1dc8ae,28,28,libero_goal/1,Approach,Wrong Target
d6f45bfd55bc_rollout_put_the_bowl_on_the_stove_failure_ep4_step72_20260426_100156,libero/train/d6f45bfd55bc_rollout_put_the_bowl_on_the_stove_failure_ep4_step72_20260426_100156.json,58a0b5d3f12790dfb4f3db6260dbb21cc8748cf322e0a2d2e7befe2935832bcc,9006930be9f4374b2c9bc86b84a03c2f43c7f0180900bb052be6ebd6e2361964,73,73,libero_goal/1,Approach,Wrong Target
133585d89a15_rollout_put_the_bowl_on_the_stove_failure_ep7_step99_20260426_101014,libero/train/133585d89a15_rollout_put_the_bowl_on_the_stove_failure_ep7_step99_20260426_101014.json,97ff5ffd36e30b705eea6937c17f97742186954fce7f8542a43d72c10b173bbe,e76bdcf68de83ab4f85ce1ceb2831f07ade3f2500a5f9cebb1b4fd4ac11a63f9,100,100,libero_goal/1,Approach,Stage Rollback
cee62977b9f6_rollout_put_the_bowl_on_the_stove_failure_ep8_step28_20260426_101138,libero/train/cee62977b9f6_rollout_put_the_bowl_on_the_stove_failure_ep8_step28_20260426_101138.json,837338211340b4c2118ce9d3fbb7e962e7c939325943014df647f8317ba23bf7,8f7722ed7589265783bd0978f4c180efc08f6bcc67ffd548dd1daea104ad6d92,29,29,libero_goal/1,Approach,Wrong Target
907c562067a8_rollout_put_the_bowl_on_top_of_the_cabinet_failure_ep24_step28_20260426_101937,libero/train/907c562067a8_rollout_put_the_bowl_on_top_of_the_cabinet_failure_ep24_step28_20260426_101937.json,ee3028d290020b55e478df896a0ff543b7ed3b0e44a3c56011105bbb4cc0b242,2763d1853cb3235c383ffe38ad939be7325fa290cdd94c8f3bda7cf8acfeb2c6,29,29,libero_goal/4,Approach,Wrong Target
15ba70852440_rollout_put_the_bowl_on_top_of_the_cabinet_failure_ep30_step87_20260426_102112,libero/train/15ba70852440_rollout_put_the_bowl_on_top_of_the_cabinet_failure_ep30_step87_20260426_102112.json,07157b9467bf0a118968b9eb17382cbdaa06841e57582408793c574e43c88e8b,e75c4801174090cd06c53d071184aac20dd6652ee49c47f33e2d4d522849b67d,88,88,libero_goal/4,Move,Wrong Pose
a3d40cef758a_rollout_put_the_bowl_on_top_of_the_cabinet_failure_ep31_step131_20260426_102142,libero/train/a3d40cef758a_rollout_put_the_bowl_on_top_of_the_cabinet_failure_ep31_step131_20260426_102142.json,22c5dc9f10e0bcb44f601bb08c083852a0fc20026c7386550833fc40154ccefd,77890f92a4d727ca9875c27e1aea8fa7284945f20bce96ab69bedb7533ab43a2,132,132,libero_goal/4,Approach,Wrong Target
798bcefc82c7_rollout_put_the_bowl_on_top_of_the_cabinet_failure_ep33_step46_20260426_102201,libero/train/798bcefc82c7_rollout_put_the_bowl_on_top_of_the_cabinet_failure_ep33_step46_20260426_102201.json,c824022a439bc1069ef2598bacc31a58df56c9c10573ac64533dd5547012fad9,a50411c31934cfd16f3891dbc3cde98164c2c1e33c40be4de51c0d58c5d09572,47,47,libero_goal/4,Approach,Wrong Target
7fe94768e732_rollout_put_the_bowl_on_top_of_the_cabinet_failure_ep34_step133_20260426_102244,libero/train/7fe94768e732_rollout_put_the_bowl_on_top_of_the_cabinet_failure_ep34_step133_20260426_102244.json,0e5ceb23c476a2d3b4bb09266af760b3b76f1e8f26f3188e0f1df279eab2f13f,4794ab79d7a45b0d472b1e9cf25699c47d412d67127be9159df9bc1c654b1c58,134,134,libero_goal/4,Approach,Wrong Target
b4094186d40b_rollout_put_the_bowl_on_top_of_the_cabinet_failure_ep3_step116_20260426_102019,libero/train/b4094186d40b_rollout_put_the_bowl_on_top_of_the_cabinet_failure_ep3_step116_20260426_102019.json,1dd848fedb832f956042186e5d02bd3b79b1e6ee86d4beadd91a1d80ab463031,a5bf8cf6eda7e3f264f26a971313604f04afe1bf177deab737502018d1509bb2,117,117,libero_goal/4,Approach,Wrong Target
391bb51058a5_rollout_put_the_bowl_on_top_of_the_cabinet_failure_ep40_step91_20260426_102318,libero/train/391bb51058a5_rollout_put_the_bowl_on_top_of_the_cabinet_failure_ep40_step91_20260426_102318.json,8efcf6116c2446bf798088f13e714a655a818ee2622b110ff4bc557ccd1adc36,e9dbb363e394427a0113e238029ac34437f07d4677e8069af6fc0eec5813d4cf,92,92,libero_goal/4,Place,Wrong Pose
0d5e891c90cd_rollout_put_the_bowl_on_top_of_the_cabinet_failure_ep41_step78_20260426_102343,libero/train/0d5e891c90cd_rollout_put_the_bowl_on_top_of_the_cabinet_failure_ep41_step78_20260426_102343.json,4bb5ca96234e6d757b882602d8036518b0c7d65b6a2709e1c903b003b6787a56,0f71544e1717f2babac0a8042b0941b76ba0d2374a99c48249dc1d828ecbed58,79,79,libero_goal/4,Approach,Wrong Target
cee86f000bf9_rollout_put_the_bowl_on_top_of_the_cabinet_failure_ep8_step28_20260426_102431,libero/train/cee86f000bf9_rollout_put_the_bowl_on_top_of_the_cabinet_failure_ep8_step28_20260426_102431.json,305028f6dd388b88d82bfc8db7b1e6208063769ba6a2b8d51cac0ad6b68cfb3e,ca9ddfdc1e806d08ae2ac434a6d5fed4c01e9f58ec3ce5805ff9421ab63474dd,29,29,libero_goal/4,Approach,Wrong Target
4c8ec0de3c8e_rollout_put_the_cream_cheese_in_the_bowl_failure_ep0_step46_20260426_104632,libero/train/4c8ec0de3c8e_rollout_put_the_cream_cheese_in_the_bowl_failure_ep0_step46_20260426_104632.json,e8f96499821b67ac532b5ceac78d0be435664814f63ca42fdb9069c91278e70b,0c6c7eedcde518bc2b6f857c62e4f6b807da991da8f0f9cb5ee8139e814dac7b,47,47,libero_goal/6,Approach,Wrong Target
f8126155c42e_rollout_put_the_cream_cheese_in_the_bowl_failure_ep10_step48_20260426_104800,libero/train/f8126155c42e_rollout_put_the_cream_cheese_in_the_bowl_failure_ep10_step48_20260426_104800.json,d071036c58def4a77cd2005dc4bd30683290a5825489bb3e8bd3e84e03f3eff5,4ed49f5f8f1ead220adb7be7ef4c6824f60a3919ff10c928f7c96db113640f58,49,49,libero_goal/6,Approach,Wrong Target
6db6cc56e847_rollout_put_the_cream_cheese_in_the_bowl_failure_ep11_step115_20260426_104912,libero/train/6db6cc56e847_rollout_put_the_cream_cheese_in_the_bowl_failure_ep11_step115_20260426_104912.json,c503c3d78d3c373a7530d3fd421f2ec1f15ea2359e54e8d7ac20e4e531f3d6d4,b2a6ec27f13d617d23e28a93fbce4642d1fa77ad2a438449fa6f4d9e0a7b1ed9,116,116,libero_goal/6,Approach,Wrong Target
7167e6c924da_rollout_put_the_cream_cheese_in_the_bowl_failure_ep14_step70_20260426_105144,libero/train/7167e6c924da_rollout_put_the_cream_cheese_in_the_bowl_failure_ep14_step70_20260426_105144.json,e2928a57e464bff6995654e24e9765c56d475e3875b2efc2ce97430dfc85fa18,901239eb3e79d903715bff1f67bdfaf4e8a5aae495b6f79d19175d98dce8ad08,71,71,libero_goal/6,Approach,Wrong Target
ab2b980370db_rollout_put_the_cream_cheese_in_the_bowl_failure_ep21_step135_20260426_105753,libero/train/ab2b980370db_rollout_put_the_cream_cheese_in_the_bowl_failure_ep21_step135_20260426_105753.json,36fc8f899925a2a54ae8c893701b2e6118d4f8146c8bb961893bd7ea9e29b981,c4b4babde8e4806e75384b150a79d1da5ab54e5987e77a630cf4b1cfa6ccc878,136,136,libero_goal/6,Approach,Wrong Target
f3f95b695c40_rollout_put_the_cream_cheese_in_the_bowl_failure_ep24_step140_20260426_110010,libero/train/f3f95b695c40_rollout_put_the_cream_cheese_in_the_bowl_failure_ep24_step140_20260426_110010.json,fde4ca47592beb6db4d1ef535d4a52af45d5586b0e8a09a7d01dcbca3a1dcfc8,06a0db1fe966ca3d28b787ff671789473198fe6507aef65cae8857f5444f3c5b,141,141,libero_goal/6,Approach,Wrong Pose
07abca1454a8_rollout_put_the_cream_cheese_in_the_bowl_failure_ep25_step141_20260426_110053,libero/train/07abca1454a8_rollout_put_the_cream_cheese_in_the_bowl_failure_ep25_step141_20260426_110053.json,391b4d53cf3154669b5b004cafe52a6268def93e907949ec9439b6808f987bda,8e57bfbbf528f9a198ff49d7b75adae004395c9f573d40cf8a52659c230e115b,142,142,libero_goal/6,Place,Wrong Target
f577fefd73fb_rollout_put_the_cream_cheese_in_the_bowl_failure_ep26_step71_20260426_110144,libero/train/f577fefd73fb_rollout_put_the_cream_cheese_in_the_bowl_failure_ep26_step71_20260426_110144.json,215820416f26f5ab18f86aa7c1439f134ec1e636fdcc79744ad786585f159e58,4ef33fa28b8d1ed9627021d87490c6eedc263a17660a6bd4980b2d4e3817997b,72,72,libero_goal/6,Approach,Wrong Target
2eb3ba63b02c_rollout_put_the_cream_cheese_in_the_bowl_failure_ep29_step58_20260426_110720,libero/train/2eb3ba63b02c_rollout_put_the_cream_cheese_in_the_bowl_failure_ep29_step58_20260426_110720.json,75fb147677b7dc4cfa9af6699cb6d03dcdae0013dcc23adcf4f9ab3a1b03a404,3b675f1014ac5a8838142c6a35bab113023cd66585535b016460dd81d9379c51,59,59,libero_goal/6,Approach,Wrong Target
fa23fd0f967b_rollout_put_the_cream_cheese_in_the_bowl_failure_ep30_step47_20260426_111232,libero/train/fa23fd0f967b_rollout_put_the_cream_cheese_in_the_bowl_failure_ep30_step47_20260426_111232.json,6d18dc985ccdd8db261cf21a4b9c543ba0e81a9b2360ff13fdb75ca3c8f01845,3cef661e708db8c7ac3f1a7fe86aab40c8784154ca6d2c69d7119657077c5db9,48,48,libero_goal/6,Approach,Wrong Target
d7c8dccd87cc_rollout_put_the_cream_cheese_in_the_bowl_failure_ep32_step99_20260426_111333,libero/train/d7c8dccd87cc_rollout_put_the_cream_cheese_in_the_bowl_failure_ep32_step99_20260426_111333.json,4134f6378e9c40144a35786827ae7a9d989db0aed6a70a4a54af82712dcb130b,2cac3f5222cc79c977c4c561a6d9e3ccc64a55d3339cd0b2cae2a9c22b1a65ca,100,100,libero_goal/6,Place,Wrong Pose
3d89c8d0e05b_rollout_put_the_cream_cheese_in_the_bowl_failure_ep34_step117_20260426_111440,libero/train/3d89c8d0e05b_rollout_put_the_cream_cheese_in_the_bowl_failure_ep34_step117_20260426_111440.json,adbab465a54be93c9c615d3a3aceaba437b0e247052a3b2d6c33d00f673c57dd,e8dbe0113cf5fd16b71026711d1e3a5a95304dd7029772c61b5ca89a509d2809,118,118,libero_goal/6,Place,Wrong Pose
e7f197366f6c_rollout_put_the_cream_cheese_in_the_bowl_failure_ep36_step55_20260426_111519,libero/train/e7f197366f6c_rollout_put_the_cream_cheese_in_the_bowl_failure_ep36_step55_20260426_111519.json,0474c4a2ddb4de717a6ddd82bb58453b77b2b20aaf883724a389b2b8e993f96a,4d29ab6d63fb418dfcad1c662629f8e552f9e6686d181f19c47fc752a2038c5c,56,56,libero_goal/6,Approach,Wrong Target
1f34f47dcd05_rollout_put_the_cream_cheese_in_the_bowl_failure_ep37_step46_20260426_111539,libero/train/1f34f47dcd05_rollout_put_the_cream_cheese_in_the_bowl_failure_ep37_step46_20260426_111539.json,c54237cfc08eb3455154863033d05b9664eec6151c3f11914581b08139ead7bf,87d8642401cd5a02ec4b489b671ce517b76e20fa4abcfceb265ce2795b7beac3,47,47,libero_goal/6,Approach,Wrong Target
d8317dafb01e_rollout_put_the_cream_cheese_in_the_bowl_failure_ep39_step98_20260426_111628,libero/train/d8317dafb01e_rollout_put_the_cream_cheese_in_the_bowl_failure_ep39_step98_20260426_111628.json,def110c0a725f6160a1657b6dc9aede261ac40d88642afabd987883a911644b4,4a30168a8a8da04a372cfe24c3e4fdcb40d06f5b9626473b15f398464fa5d537,99,99,libero_goal/6,Approach,Wrong Pose
06711e8b8383_rollout_put_the_cream_cheese_in_the_bowl_failure_ep3_step159_20260426_110745,libero/train/06711e8b8383_rollout_put_the_cream_cheese_in_the_bowl_failure_ep3_step159_20260426_110745.json,a9feef9ab991bb9ff566497f5f5ae33338b228749018b27a36a7d065a33a1061,9627a240fee75282bb4551ff7ce60c755e57ec807c70f907d7d2895e31b19ffe,160,160,libero_goal/6,Approach,Wrong Pose
4ba43174eabb_rollout_put_the_cream_cheese_in_the_bowl_failure_ep45_step98_20260426_111912,libero/train/4ba43174eabb_rollout_put_the_cream_cheese_in_the_bowl_failure_ep45_step98_20260426_111912.json,0e3e1cc6d91193df8a1fb1f8c92c48d9c6504b226d203c3f776c5ac95e6a9f7e,49ed4414970fee105494ccd39ae0ded6e2e0b74f77ea6b9ab7cf155168d7f5c3,99,99,libero_goal/6,Place,Wrong Pose
00b8cf1d6b56_rollout_put_the_cream_cheese_in_the_bowl_failure_ep46_step48_20260426_111936,libero/train/00b8cf1d6b56_rollout_put_the_cream_cheese_in_the_bowl_failure_ep46_step48_20260426_111936.json,130427e6ff1f41bbf7988ee4e9a8276e24a445b0e4ba3c292213d4c180dc78b9,603d2b6ae355152b874238cb39d7d3f6e203533711b68eef2615c92566ab4752,49,49,libero_goal/6,Approach,Wrong Target
7a2bdc6cb6f7_rollout_put_the_cream_cheese_in_the_bowl_failure_ep48_step111_20260426_112023,libero/train/7a2bdc6cb6f7_rollout_put_the_cream_cheese_in_the_bowl_failure_ep48_step111_20260426_112023.json,a9355c6edfd0bf9e1ea39756c6f224e001f29c1c38301f24b565dcf8ea16846e,e093b98a8e47a94ad2334386076aafae63996275d4aa8b3bf075c727a9dfe437,112,112,libero_goal/6,Place,Wrong Target
159de7e090ba_rollout_put_the_wine_bottle_on_the_rack_failure_ep10_step71_20260426_112253,libero/train/159de7e090ba_rollout_put_the_wine_bottle_on_the_rack_failure_ep10_step71_20260426_112253.json,e5412fa9eac2f54b1570f85b1276fd4013cfcc8808773cace5049828b15307ec,56280980b930b41c26b4d7e03cd7db5e26fe6e26401fc14d8aae12b126616791,72,72,libero_goal/9,Approach,Wrong Pose
4d49332b0eea_rollout_put_the_wine_bottle_on_the_rack_failure_ep11_step76_20260426_112306,libero/train/4d49332b0eea_rollout_put_the_wine_bottle_on_the_rack_failure_ep11_step76_20260426_112306.json,bdc7c5601f2fea24bf5898cfcc9fc063ecbcee462744860e394e8486fef2df24,530e8104d9521473f43e414b06377bb667c5e5e33e54d93034a7e1a9d23fdce5,77,77,libero_goal/9,Approach,Wrong Pose
c91e9ba42f97_rollout_put_the_wine_bottle_on_the_rack_failure_ep12_step53_20260426_112330,libero/train/c91e9ba42f97_rollout_put_the_wine_bottle_on_the_rack_failure_ep12_step53_20260426_112330.json,a633302aadc65471be6e051619ffdd52f27dd5f1c3c0ee89beaa6b33493cec27,ad0ba73f838c731fd5752b4a4a6f98df7d15dcf63991588e466bc3ad7999b6c1,54,54,libero_goal/9,Approach,Wrong Pose
b261244bd5c8_rollout_put_the_wine_bottle_on_the_rack_failure_ep13_step55_20260426_112354,libero/train/b261244bd5c8_rollout_put_the_wine_bottle_on_the_rack_failure_ep13_step55_20260426_112354.json,777bf894179d5d95321b14954fdbe3855f8924d5a24568bae5de9762f2a7a64e,cf22c245324d7252d422c0959278586b7a3576897d4aee3f175339a86755962e,56,56,libero_goal/9,Approach,Wrong Pose
a4f9d10476cf_rollout_put_the_wine_bottle_on_the_rack_failure_ep16_step127_20260426_112453,libero/train/a4f9d10476cf_rollout_put_the_wine_bottle_on_the_rack_failure_ep16_step127_20260426_112453.json,947fc8902ed46cae5920d42f2ebf6a11d4a5767c618f9ba0495edaa15b77b17a,335e9e593e93f0e922dd951e890ccbae270e963f2ba4349c99820e2e19ce7944,128,128,libero_goal/9,Place,Wrong Pose
1cbb9fdb9265_rollout_put_the_wine_bottle_on_the_rack_failure_ep19_step166_20260426_112534,libero/train/1cbb9fdb9265_rollout_put_the_wine_bottle_on_the_rack_failure_ep19_step166_20260426_112534.json,b53e4c0833f2f3594cbf123af2e89d53443868bf4df0eccaa8235d9f79d494f7,cc4248f4a19f3cbc725b6fc3e3633a4e259fdeb2493df071ab2cc13208074178,167,167,libero_goal/9,Place,Wrong Pose
cbc3ea8937f0_rollout_put_the_wine_bottle_on_the_rack_failure_ep23_step71_20260426_112709,libero/train/cbc3ea8937f0_rollout_put_the_wine_bottle_on_the_rack_failure_ep23_step71_20260426_112709.json,46875eac7ee53065ebc37707ac4fbab6aea96f8862541f41fa8a0da0ff88b992,e1433336b5196450887310c5407752514e29b5db624ac387f44180549c72bc7b,72,72,libero_goal/9,Approach,Wrong Pose
91d00ab788e5_rollout_put_the_wine_bottle_on_the_rack_failure_ep25_step135_20260426_112733,libero/train/91d00ab788e5_rollout_put_the_wine_bottle_on_the_rack_failure_ep25_step135_20260426_112733.json,8a34363765e8474a6711dcd1db1a2d6978928d7aa841776b33a3ca5180352be6,04ab96f239656ea41d18253974baa76c9bb5bac579fd79db9a7e27dfaaaa9e9f,136,136,libero_goal/9,Place,Wrong Pose
dbeef56b0597_rollout_put_the_wine_bottle_on_the_rack_failure_ep26_step134_20260426_112753,libero/train/dbeef56b0597_rollout_put_the_wine_bottle_on_the_rack_failure_ep26_step134_20260426_112753.json,438b70d7a4f9ca90c8532a3e7c18229d1097a3f676af04e62a060fc8993a1fbf,810229efd26edb4ce4caa6a4880688b1b9f9042199eba2e0d1bccc1d4a098017,135,135,libero_goal/9,Place,Wrong Pose
e7848813f1fd_rollout_put_the_wine_bottle_on_the_rack_failure_ep27_step101_20260426_112816,libero/train/e7848813f1fd_rollout_put_the_wine_bottle_on_the_rack_failure_ep27_step101_20260426_112816.json,459d08b8c2bd06f2a140a7b0bef0482cd701e24acedc36a47d3cde92193f256f,f6a71695a971229fa9a1490911a90001c40541e6bcc3e28debdb945b9e65d86f,102,102,libero_goal/9,Approach,Stage Rollback
0de3bbcd1f6c_rollout_put_the_wine_bottle_on_the_rack_failure_ep29_step142_20260426_112900,libero/train/0de3bbcd1f6c_rollout_put_the_wine_bottle_on_the_rack_failure_ep29_step142_20260426_112900.json,7785e722c7bbac4f2d39a8cda495027586aa7b38572246e7d168e1f218c1df74,0e7f50bb088277b8df988045a07b3592f0f6d9f13373f110c2a744fc8d1415bb,143,143,libero_goal/9,Place,Wrong Pose
d2b0e72e7b3e_rollout_put_the_wine_bottle_on_the_rack_failure_ep32_step128_20260426_113109,libero/train/d2b0e72e7b3e_rollout_put_the_wine_bottle_on_the_rack_failure_ep32_step128_20260426_113109.json,4e1fd809fd94481fb8047da9b772b2b5d41a2adfb819948e609298e696c4f8a2,5c847efdffb89231b591f3c74f5917b553e86e8e2acc1b19de17d23480e74fcb,129,129,libero_goal/9,Place,Wrong Pose
a6edc469eb06_rollout_put_the_wine_bottle_on_the_rack_failure_ep34_step50_20260426_113150,libero/train/a6edc469eb06_rollout_put_the_wine_bottle_on_the_rack_failure_ep34_step50_20260426_113150.json,b5a0ed4aa9134757bc28a2214edea18211333d2f63e75aaa38927d327a1f9a8b,b593205c90acae09423019dbc12deb699e17529dc30483976648e0f7f7e59cda,51,51,libero_goal/9,Approach,Wrong Pose
a604fe41ed3c_rollout_put_the_wine_bottle_on_the_rack_failure_ep35_step72_20260426_113652,libero/train/a604fe41ed3c_rollout_put_the_wine_bottle_on_the_rack_failure_ep35_step72_20260426_113652.json,b1fa49e0357131aba16603bfc366d9a6a984569befede81ea4eaf86bcdcccaa1,2ca4fee743aada4384de9d594eee5c6d4c1caa680a5da7c6d74c03a06ea2c3ee,73,73,libero_goal/9,Approach,Wrong Pose
d8d86b8edb4c_rollout_put_the_wine_bottle_on_the_rack_failure_ep39_step139_20260426_113729,libero/train/d8d86b8edb4c_rollout_put_the_wine_bottle_on_the_rack_failure_ep39_step139_20260426_113729.json,c2e129306538d6f1d30f24050e75c0a9d98eaddf0fbe95d98b8f9ccc08f254ba,61854c2d2323d383be9831794ff7a85ae78f38d8cebcc0b768bddee1d3e34ee6,140,140,libero_goal/9,Place,Wrong Pose
570e1f448a80_rollout_put_the_wine_bottle_on_the_rack_failure_ep42_step126_20260426_113839,libero/train/570e1f448a80_rollout_put_the_wine_bottle_on_the_rack_failure_ep42_step126_20260426_113839.json,27c7dbd7c51d51e79f5c1ab8cfe05a5c3bed13a24de931cc19e353e63e66cec1,86462112b0a6c3f92598d0b8a09c051e413005aeb72deae41ce795207f2087d2,127,127,libero_goal/9,Place,Wrong Pose
82df206dfa6a_rollout_put_the_wine_bottle_on_the_rack_failure_ep44_step121_20260426_113913,libero/train/82df206dfa6a_rollout_put_the_wine_bottle_on_the_rack_failure_ep44_step121_20260426_113913.json,fde7abf3e01c4350972bcca3a40bf566293f35416d40b8b5029b305dc0188632,46dd6d08a83c57f8dc3bb6f70a9defccaf737fd27855ab5530a74af5b86b7539,122,122,libero_goal/9,Place,Wrong Pose
4ae189dceaca_rollout_put_the_wine_bottle_on_the_rack_failure_ep49_step129_20260426_114022,libero/train/4ae189dceaca_rollout_put_the_wine_bottle_on_the_rack_failure_ep49_step129_20260426_114022.json,4e542bec3bbf20446361227fe459d8fa04cf0f0e98550fd3dbd83c437a8832fe,2e18d5d7bb4943d8e95cbd553485f6a262bf934788d56253b609a6a05df2920a,130,130,libero_goal/9,Place,Wrong Pose
154f923b4cc5_rollout_put_the_wine_bottle_on_the_rack_failure_ep6_step97_20260426_114053,libero/train/154f923b4cc5_rollout_put_the_wine_bottle_on_the_rack_failure_ep6_step97_20260426_114053.json,2765330dae3eceef5c20f6950fe35c4cd979761a41ffe11e0bc226b2b88d7169,e212a5aafe558a7a1c1d5dfd510ee7a895e22f0224e5647098f88de4225b3c62,98,98,libero_goal/9,Contact,Wrong Pose
71e4e870daa6_rollout_put_the_wine_bottle_on_the_rack_failure_ep7_step56_20260426_114108,libero/train/71e4e870daa6_rollout_put_the_wine_bottle_on_the_rack_failure_ep7_step56_20260426_114108.json,7d447cf4de80a015b566f1e78cb2e0deae1d5b7703aab4362338f635201c1351,826cf39bb3764ff2c6a3a7f99c630c7f4b2bff2adfd999a292287e705881dbd0,57,57,libero_goal/9,Approach,Wrong Target
f98edb413625_rollout_put_the_wine_bottle_on_top_of_the_cabinet_failure_ep18_step89_20260426_155609,libero/train/f98edb413625_rollout_put_the_wine_bottle_on_top_of_the_cabinet_failure_ep18_step89_20260426_155609.json,f9c25105c3da409da587a3d932e703eaba99a9ddc2b346bf8c8598eba2dd023c,54de64f85658e67bc896592147e5902d2f61cb777a417c0e29ef70dd0df579a6,90,90,libero_goal/2,Approach,Scene Change
18ee88d6db44_rollout_put_the_wine_bottle_on_top_of_the_cabinet_failure_ep19_step68_20260426_155619,libero/train/18ee88d6db44_rollout_put_the_wine_bottle_on_top_of_the_cabinet_failure_ep19_step68_20260426_155619.json,bc9cbf3d5258b9008ade0c432cd06826763717f2f2672425bf3b473eb7e94799,df48af1685f18e50ce3b3e9361e6f97202bb42955fac5bd8c3e1b8d015f0d144,69,69,libero_goal/2,Approach,Scene Change
93d29ecfc84c_rollout_put_the_wine_bottle_on_top_of_the_cabinet_failure_ep20_step116_20260426_155648,libero/train/93d29ecfc84c_rollout_put_the_wine_bottle_on_top_of_the_cabinet_failure_ep20_step116_20260426_155648.json,6859e2ef8b9c56b062df2801cc865c916e8b26135095d4b74b104315e21ef963,78640f0ff354f97158ad073d5c05dcb34259ca281bad9dc9964409c192f8d96a,117,117,libero_goal/2,Approach,Scene Change
edf116e6fe4a_rollout_put_the_wine_bottle_on_top_of_the_cabinet_failure_ep37_step87_20260426_160240,libero/train/edf116e6fe4a_rollout_put_the_wine_bottle_on_top_of_the_cabinet_failure_ep37_step87_20260426_160240.json,c4f9774859e768a623dd4596b499da2dd579d62a99ffcff09dcd1a5eaf920e8e,e8ccbc277a4d8f911e2d0b73e3c70831873293a436cdec8939909b37e35b0819,88,88,libero_goal/2,Approach,Scene Change
b8315bf7c158_rollout_put_the_wine_bottle_on_top_of_the_cabinet_failure_ep40_step82_20260426_160327,libero/train/b8315bf7c158_rollout_put_the_wine_bottle_on_top_of_the_cabinet_failure_ep40_step82_20260426_160327.json,07221f92ae568f1957fd9021fdc89836f29a5c739d46f7c39e5fd99ad69fddeb,a0a69b5c3beff8188308944fa2a85fb3e1e0c7dddfe95f8db45fa0e90d60872b,83,83,libero_goal/2,Approach,Scene Change
9d4d1f2dd9d8_rollout_put_the_wine_bottle_on_top_of_the_cabinet_failure_ep45_step88_20260426_160401,libero/train/9d4d1f2dd9d8_rollout_put_the_wine_bottle_on_top_of_the_cabinet_failure_ep45_step88_20260426_160401.json,6fe18c02445ddc9412da55fe26caa805f4a3b6cce4b8ce50da9b58b23e184b8b,f49a9e954c68f866aee37541a3ac11ff52eb4d583c0c3442db919a68bee6f87e,89,89,libero_goal/2,Approach,Scene Change
3635cc5ca043_rollout_put_the_wine_bottle_on_top_of_the_cabinet_success_ep6_step36_20260426_160558,libero/train/3635cc5ca043_rollout_put_the_wine_bottle_on_top_of_the_cabinet_success_ep6_step36_20260426_160558.json,beca68c5672145f7b4b76d9381df702c59adaaeba0fadf9728a956a699d0a0c0,4b6c6a7f0866d940ac3b9ebb0f053f2b266ee3dad323b708087f2d57548cfc9f,37,37,libero_goal/2,Approach,Wrong Target
97f218f1d3b4_rollout_turn_on_the_stove_failure_ep30_step102_20260426_161216,libero/train/97f218f1d3b4_rollout_turn_on_the_stove_failure_ep30_step102_20260426_161216.json,51e16a575a768801bb8c9f6341eaddbe36f518d948991f7246dd19d0c29b3356,c07e9c4dcd768ab2bb3fbdc072906764d9b3004e181d7e790a94742d07eb0171,103,103,libero_goal/7,Approach,Wrong Pose
2fb9e6b7e319_rollout_turn_on_the_stove_success_ep15_step77_20260426_161634,libero/train/2fb9e6b7e319_rollout_turn_on_the_stove_success_ep15_step77_20260426_161634.json,3fc6d89fc942e38da1f449565fb09cacec7b482474065bc0a4d2fa98b79c4872,17b9bfede9833e6907954505327ad9aaa4ebd9809342a1c0c1ba3d3dda40e41e,78,78,libero_goal/7,Approach,Stage Rollback
c49f1a96bd69_rollout_pick_up_the_alphabet_soup_and_place_it_in_the_basket_failure_ep12_step185_20260422_155157,libero/train/c49f1a96bd69_rollout_pick_up_the_alphabet_soup_and_place_it_in_the_basket_failure_ep12_step185_20260422_155157.json,dcec1e6c6a24c91d29dfe341b34bfb61bdba85be1f7e74fca4e57045282d847e,bcef05f69345cc49f3acceba93168f921f30886033ad2849644b42bf755c288c,186,186,libero_object/0,Place,Wrong Pose
bf787c80812d_rollout_pick_up_the_alphabet_soup_and_place_it_in_the_basket_failure_ep13_step129_20260422_155249,libero/train/bf787c80812d_rollout_pick_up_the_alphabet_soup_and_place_it_in_the_basket_failure_ep13_step129_20260422_155249.json,6e819e8bbae20c9c9037d078b6554627f9de772e674f0ccbef4065352114c2c2,be8693f57694e1732c203c3249bbbe687ac29fb65a62fdc49840ce9b2cac1841,130,130,libero_object/0,Approach,Scene Change
b5aee9c81d94_rollout_pick_up_the_alphabet_soup_and_place_it_in_the_basket_failure_ep17_step192_20260422_160247,libero/train/b5aee9c81d94_rollout_pick_up_the_alphabet_soup_and_place_it_in_the_basket_failure_ep17_step192_20260422_160247.json,91e05f41349d7aa4dd6f8792f24aff40e30b7c3807a352047d3208d6d0a6c102,d4601f47cc2e8c99f75eced9e14c94d9c631f94b025c32822fd2fad7b0f4b867,193,193,libero_object/0,Approach,Wrong Pose
77d3cf192342_rollout_pick_up_the_alphabet_soup_and_place_it_in_the_basket_failure_ep23_step207_20260422_160901,libero/train/77d3cf192342_rollout_pick_up_the_alphabet_soup_and_place_it_in_the_basket_failure_ep23_step207_20260422_160901.json,70681b92a4fb9a3b1bace601c3910dcdef5478f5ae82c85c53d2be1bb905e741,1528f070ac54b3078aadd49959f79cc4dab5ffe9a65eac083fd911570393a8fc,208,208,libero_object/0,Place,Wrong Pose
da93a444f985_rollout_pick_up_the_alphabet_soup_and_place_it_in_the_basket_failure_ep35_step109_20260422_160519,libero/train/da93a444f985_rollout_pick_up_the_alphabet_soup_and_place_it_in_the_basket_failure_ep35_step109_20260422_160519.json,120cbae8bd5de72c40dd871f5faf5ef832c26b9a27d9d3c10c3ced94f4c58048,e1b0e62ee3b8da518f07737aa8219b4f0ae619b5fa4fa125cef96f1f2b432dae,110,110,libero_object/0,Approach,Wrong Pose
5af09f6326d0_rollout_pick_up_the_alphabet_soup_and_place_it_in_the_basket_failure_ep38_step128_20260422_160731,libero/train/5af09f6326d0_rollout_pick_up_the_alphabet_soup_and_place_it_in_the_basket_failure_ep38_step128_20260422_160731.json,5338439b153ea35176bfe3706ee673ce6e50241bb9c29e2fa0b1c59524b101c8,80ebcdf89c7d2c2f674f57a249853b5dfcdc8c7bc4078a99a9811fddeda2aadf,129,129,libero_object/0,Approach,Wrong Pose
c656ac06d9dc_rollout_pick_up_the_bbq_sauce_and_place_it_in_the_basket_failure_ep10_step209_20260422_161228,libero/train/c656ac06d9dc_rollout_pick_up_the_bbq_sauce_and_place_it_in_the_basket_failure_ep10_step209_20260422_161228.json,a6270e2de1980d5e1a74250e6fa39656d71d4e16ec00a8d7c8b5fac614d85cd1,b5ca63f84cfcd7ca3d430084f56d0ae56ed25e62fefdc85a24951a189cf1d1aa,210,210,libero_object/3,Approach,Scene Change
fe877f3f5201_rollout_pick_up_the_bbq_sauce_and_place_it_in_the_basket_failure_ep11_step106_20260422_161252,libero/train/fe877f3f5201_rollout_pick_up_the_bbq_sauce_and_place_it_in_the_basket_failure_ep11_step106_20260422_161252.json,db9db130e453c10c3b5485f03d42ee0f7c7c4e74433a725c945fe7b74a9face9,0164c347d40ebedb3a3d006bf8bd9785f5cfac5e6e3bcf8e0d38c74dcdc1700f,107,107,libero_object/3,Approach,Stage Rollback
b6ad1b3ea989_rollout_pick_up_the_bbq_sauce_and_place_it_in_the_basket_failure_ep12_step93_20260422_161319,libero/train/b6ad1b3ea989_rollout_pick_up_the_bbq_sauce_and_place_it_in_the_basket_failure_ep12_step93_20260422_161319.json,66b72b69dc230fb91e907aee665e9fe1f1435b0f62fbc1d2d26605dd3c66b13c,4a9891b7d6e2e09a74a1585d00d0be7a62c12e3d5cd224de14a65d0e206f3405,94,94,libero_object/3,Approach,Wrong Pose
daf1c5b0b86c_rollout_pick_up_the_bbq_sauce_and_place_it_in_the_basket_failure_ep1_step104_20260422_160422,libero/train/daf1c5b0b86c_rollout_pick_up_the_bbq_sauce_and_place_it_in_the_basket_failure_ep1_step104_20260422_160422.json,ce19f797431009c9c20fc7a8af9f28154e6c54e60183f39faa5d963496afeca6,629a9051462183279b3c8fc0fc62f76388c8b226cb943c48ae27becf1f8c0e13,105,105,libero_object/3,Approach,Wrong Target
c6d1ff1f43e2_rollout_pick_up_the_bbq_sauce_and_place_it_in_the_basket_failure_ep21_step93_20260422_161552,libero/train/c6d1ff1f43e2_rollout_pick_up_the_bbq_sauce_and_place_it_in_the_basket_failure_ep21_step93_20260422_161552.json,289309dd0780a5acec58bb5a2a0641284a9b69126e64b5a688df5207b7910a1e,24013f7c2690a595d9a5b3dce0abf1963a4d05c00557fd81698a4a88d66caa0e,94,94,libero_object/3,Approach,Wrong Target
8ba75fbfe8e8_rollout_pick_up_the_bbq_sauce_and_place_it_in_the_basket_failure_ep25_step152_20260422_161722,libero/train/8ba75fbfe8e8_rollout_pick_up_the_bbq_sauce_and_place_it_in_the_basket_failure_ep25_step152_20260422_161722.json,721137ff1cc2963c8c06f4869053f68c816ab6c4bb946f74059acd391348b6a0,080a580fd1a58c43cb1a19d42c11f31a81481c970979735d48dfa513dd86470b,153,153,libero_object/3,Place,Wrong Pose
6a1dcaf36600_rollout_pick_up_the_butter_and_place_it_in_the_basket_failure_ep16_step162_20260423_022645,libero/train/6a1dcaf36600_rollout_pick_up_the_butter_and_place_it_in_the_basket_failure_ep16_step162_20260423_022645.json,63cf3b4a052e6f918b4a4a746d472517743bf86ffe54a333d13734df0673f86c,ff20b9cf8186cf37b5f3dc6c10ba21615136b1faceb394352ac57c0325cef90f,163,163,libero_object/6,Place,Wrong Pose
dbc609290c6b_rollout_pick_up_the_butter_and_place_it_in_the_basket_failure_ep21_step158_20260423_022743,libero/train/dbc609290c6b_rollout_pick_up_the_butter_and_place_it_in_the_basket_failure_ep21_step158_20260423_022743.json,f4d68909a2544f9139b638e470fe60152da114c264ff4d75f5eb5f028f2b7b46,b7a547f75b662f542db7d56230f8229b56932efc055f499197ed3236153d32cc,159,159,libero_object/6,Approach,Wrong Pose
00192891c37e_rollout_pick_up_the_butter_and_place_it_in_the_basket_failure_ep23_step125_20260423_022803,libero/train/00192891c37e_rollout_pick_up_the_butter_and_place_it_in_the_basket_failure_ep23_step125_20260423_022803.json,11cba356e8bd43f1673cb451449b016ea3f79997931b91154ad7695f818bd4b9,96fab3232bc875ad1220d64a073b1886a0b135c17f8cd98133cde6af8c49fe5d,126,126,libero_object/6,Approach,Scene Change
87f7266afc61_rollout_pick_up_the_butter_and_place_it_in_the_basket_failure_ep24_step29_20260423_022830,libero/train/87f7266afc61_rollout_pick_up_the_butter_and_place_it_in_the_basket_failure_ep24_step29_20260423_022830.json,3ea1a44b76a96fd507e07bf0c312e34db8e8d183eb920da582863f108d50cd73,d0bc61091ea205cc22d9e0b248e9ea4f6145c5d493623514bddcddf26352fb0d,30,30,libero_object/6,Approach,Wrong Target
d5997cd32c7b_rollout_pick_up_the_chocolate_pudding_and_place_it_in_the_basket_failure_ep10_step170_20260423_024742,libero/train/d5997cd32c7b_rollout_pick_up_the_chocolate_pudding_and_place_it_in_the_basket_failure_ep10_step170_20260423_024742.json,4269be91c55d24e45580a963b35759a4fbe665d85eab1f9944f36589a318d6a2,fa9412ec7be76167c4198aa045118275deb7edc249958d9efa7b7c671b2b4512,171,171,libero_object/8,Approach,Scene Change
eed5763f9169_rollout_pick_up_the_chocolate_pudding_and_place_it_in_the_basket_failure_ep11_step123_20260423_040721,libero/train/eed5763f9169_rollout_pick_up_the_chocolate_pudding_and_place_it_in_the_basket_failure_ep11_step123_20260423_040721.json,de81a0207e14795556cbb12a221f54b77f0c92e5834ca73f83016c4919a8fadf,5fa3140ffb2745f009f4e40d2110c85e32852db612647f6ef09530c9a5e83b14,124,124,libero_object/8,Approach,Scene Change
0844ae6db7de_rollout_pick_up_the_chocolate_pudding_and_place_it_in_the_basket_failure_ep12_step76_20260423_040739,libero/train/0844ae6db7de_rollout_pick_up_the_chocolate_pudding_and_place_it_in_the_basket_failure_ep12_step76_20260423_040739.json,8697fa3281be219b24b4713612fd9a826c9f3bd41ecb48a5bd2fc2ec778ff6f5,40724ab5804c2805ddd7d1127c73e2862f95cadc61c79a6fa3d3a6d9a27f5b4d,77,77,libero_object/8,Approach,Wrong Pose
a22f5ff78343_rollout_pick_up_the_chocolate_pudding_and_place_it_in_the_basket_failure_ep1_step186_20260423_024656,libero/train/a22f5ff78343_rollout_pick_up_the_chocolate_pudding_and_place_it_in_the_basket_failure_ep1_step186_20260423_024656.json,4bf36d15ae4de29a647cc8e3a6704db7cfcc4560d7b0cc7272dd96ba5c7fd5df,9d99b51fa3bde6a6118698e911ed1ce05e4e9f770d2c0db152b290df224d8f92,187,187,libero_object/8,Place,Wrong Pose
cdd3111d2bb7_rollout_pick_up_the_chocolate_pudding_and_place_it_in_the_basket_failure_ep8_step139_20260423_041127,libero/train/cdd3111d2bb7_rollout_pick_up_the_chocolate_pudding_and_place_it_in_the_basket_failure_ep8_step139_20260423_041127.json,29ccf18bc3edd3c41c8862f91089cc6b6696b742a3eb0a95654d0a89fd3fc617,63dc513b44d43b3bbfff2308215f0e8b6a738650136b81b7d8c5b450eed8eaac,140,140,libero_object/8,Approach,Scene Change
37befe1af1e9_rollout_pick_up_the_chocolate_pudding_and_place_it_in_the_basket_failure_ep9_step125_20260423_041148,libero/train/37befe1af1e9_rollout_pick_up_the_chocolate_pudding_and_place_it_in_the_basket_failure_ep9_step125_20260423_041148.json,465ebcf13933ce4f743e3d19ef25c9e3e9be30331a4db9f47231b9178a317b31,14e16c5570d5e1a89e88558fb74915e82975c7162ba8434bb3a71d2550b06eb7,126,126,libero_object/8,Approach,Wrong Pose
52d600a570c2_rollout_pick_up_the_cream_cheese_and_place_it_in_the_basket_failure_ep13_step117_20260423_053657,libero/train/52d600a570c2_rollout_pick_up_the_cream_cheese_and_place_it_in_the_basket_failure_ep13_step117_20260423_053657.json,5817bcb9211df1935687ab7345cf03cddbbf47a0a7517de569271164f2016f32,f3475294e25f1ecfef518b0ee7b51b86c45161e046a5682805ad6c3d13d47baa,118,118,libero_object/1,Approach,Wrong Pose
fd0a5ec2fe04_rollout_pick_up_the_cream_cheese_and_place_it_in_the_basket_failure_ep15_step48_20260423_053747,libero/train/fd0a5ec2fe04_rollout_pick_up_the_cream_cheese_and_place_it_in_the_basket_failure_ep15_step48_20260423_053747.json,d532a302d8a23c989134de590783eaf061d4e16b5c997991b4f05568752daf12,61c5435344785b371bd3d1d56bd666141c73fe0233480fd2e93a30e991458a7a,49,49,libero_object/1,Approach,Wrong Target
773d1105a1fe_rollout_pick_up_the_cream_cheese_and_place_it_in_the_basket_failure_ep20_step141_20260423_053924,libero/train/773d1105a1fe_rollout_pick_up_the_cream_cheese_and_place_it_in_the_basket_failure_ep20_step141_20260423_053924.json,6cc529da262281b0c9fcb4a65e4e5c015a9a174394c88ea1ead85ff60de29357,60d5849fd3e329497ef09ba7d3da9d5828db3f161393b54167c8fdc67e395cb7,142,142,libero_object/1,Place,Wrong Pose
de4c19b3adb0_rollout_pick_up_the_cream_cheese_and_place_it_in_the_basket_failure_ep24_step153_20260423_053957,libero/train/de4c19b3adb0_rollout_pick_up_the_cream_cheese_and_place_it_in_the_basket_failure_ep24_step153_20260423_053957.json,4b5ccf833ae0152643a69c78b5163da1bb709e83d0ecde0e063e3e3b2be13a8e,877324a155566031896657024571a58f18b2f9dbd405cb196eb66af4649c5745,154,154,libero_object/1,Place,Wrong Pose
22a9ffdc8acb_rollout_pick_up_the_cream_cheese_and_place_it_in_the_basket_failure_ep35_step101_20260423_054049,libero/train/22a9ffdc8acb_rollout_pick_up_the_cream_cheese_and_place_it_in_the_basket_failure_ep35_step101_20260423_054049.json,cf779afb60c56d5095e18774f08556b120a91e1b78e803594340643a739dfa66,624baf995d0d90d84e74677c010456dc7047eac80c9e298ece99c72b1f3aeacc,102,102,libero_object/1,Approach,Wrong Target
39e0999002a6_rollout_pick_up_the_cream_cheese_and_place_it_in_the_basket_failure_ep8_step131_20260423_054225,libero/train/39e0999002a6_rollout_pick_up_the_cream_cheese_and_place_it_in_the_basket_failure_ep8_step131_20260423_054225.json,3de2ed39471ede8a5ebecf30d79470fd891a47d9bda117606df6a7f2d093f96e,040ef1783d6f7b9fbe385fd7905146044f1a3641f630fdf962dd3b1b29569560,132,132,libero_object/1,Approach,Scene Change
125e2b32aeb2_rollout_pick_up_the_ketchup_and_place_it_in_the_basket_failure_ep0_step115_20260423_061827,libero/train/125e2b32aeb2_rollout_pick_up_the_ketchup_and_place_it_in_the_basket_failure_ep0_step115_20260423_061827.json,a5ddb988f80035903d7f695ebef264f3ef0807342e3bd6147e4e73f15f9fc008,f25fab5a71a1254038036220c2e7332a6093b345fa4f9b3ba7593e1cbc576649,116,116,libero_object/4,Approach,Scene Change
39964d54d397_rollout_pick_up_the_ketchup_and_place_it_in_the_basket_failure_ep15_step133_20260423_062434,libero/train/39964d54d397_rollout_pick_up_the_ketchup_and_place_it_in_the_basket_failure_ep15_step133_20260423_062434.json,400f9b39131b2ea85b9bf50ef25f7b40b010b8383b2ed2bd693bc64ad87d382a,4fa1af8d5330ff94581366337a674e649c823764c665b57f4853c608f5e38127,134,134,libero_object/4,Approach,Scene Change
84a7e31b5cf3_rollout_pick_up_the_ketchup_and_place_it_in_the_basket_failure_ep19_step124_20260423_062518,libero/train/84a7e31b5cf3_rollout_pick_up_the_ketchup_and_place_it_in_the_basket_failure_ep19_step124_20260423_062518.json,ed8d21c6722632483bfe148852791ae1f1035ea15cc9cd4828ae49f364d1134e,c47cda6f2d9269e8ac0ca861a04c34996339733df5b4961fd8a038d3d3b7ffa1,125,125,libero_object/4,Approach,Scene Change
5a26f095b396_rollout_pick_up_the_milk_and_place_it_in_the_basket_failure_ep0_step73_20260423_063231,libero/train/5a26f095b396_rollout_pick_up_the_milk_and_place_it_in_the_basket_failure_ep0_step73_20260423_063231.json,b488499da9366667373cc1f9b1ca9d8052387c83c584ca6b0696c6ead7f42085,22d052e4e8e0edf54ecee07231cf12949f0410a44ca3dc9b7c9126919c15c5d5,74,74,libero_object/7,Approach,Wrong Pose
f27a8bb9ecbd_rollout_pick_up_the_milk_and_place_it_in_the_basket_failure_ep12_step148_20260423_063310,libero/train/f27a8bb9ecbd_rollout_pick_up_the_milk_and_place_it_in_the_basket_failure_ep12_step148_20260423_063310.json,587db0534c7989f38e5c171b21c5d9798ca5f20fdbb81257368dead1f8d413e6,7c2eb92f73537171abc4521c82c236f8b817c2f68c4ad429993c55b0df93d7ec,149,149,libero_object/7,Approach,Scene Change
a1782a0e1080_rollout_pick_up_the_milk_and_place_it_in_the_basket_failure_ep40_step188_20260423_063622,libero/train/a1782a0e1080_rollout_pick_up_the_milk_and_place_it_in_the_basket_failure_ep40_step188_20260423_063622.json,c8acd9c0c71f4f51e04a1d052f89dc0976bf7261179934d5857c1f41e9235c50,da04b74ece21322c3afd326a34cb76ade5a1594b77789bc387e02ae7b1f5b4ef,189,189,libero_object/7,Place,Wrong Pose
d27b12f62253_rollout_pick_up_the_milk_and_place_it_in_the_basket_failure_ep42_step238_20260423_063714,libero/train/d27b12f62253_rollout_pick_up_the_milk_and_place_it_in_the_basket_failure_ep42_step238_20260423_063714.json,0eb2044f151fa852dc50d62998c5047d2e24c1ab7b6c896cde13e7d04514af4c,a1e188654adf8e4fc37eb7e90b4cf8ed967a7fb72715c99e418968696865bad7,239,239,libero_object/7,Place,Wrong Pose
2fbcaa0d0f92_rollout_pick_up_the_milk_and_place_it_in_the_basket_failure_ep43_step142_20260423_063739,libero/train/2fbcaa0d0f92_rollout_pick_up_the_milk_and_place_it_in_the_basket_failure_ep43_step142_20260423_063739.json,937fc93b787fc69657a3640fa157a6173f7ea1d1801fdcab871c12221d086c88,a16de1de2e06374bac2ac7b50f59c49fc400ffaf3762eb38351bae4691ecd874,143,143,libero_object/7,Approach,Wrong Pose
5fa6b6f9c9e2_rollout_pick_up_the_milk_and_place_it_in_the_basket_failure_ep47_step203_20260423_063849,libero/train/5fa6b6f9c9e2_rollout_pick_up_the_milk_and_place_it_in_the_basket_failure_ep47_step203_20260423_063849.json,6f870273b90243f93c9631c03b8660483f8174f627cde92ccce1b110ab8c1b0c,11cc6313e13380451efef185dba463a1f073ccc560da4ecb8e8f5d4779b7f257,204,204,libero_object/7,Contact,Wrong Pose
4e6c5b2d25a8_rollout_pick_up_the_orange_juice_and_place_it_in_the_basket_failure_ep10_step66_20260423_063946,libero/train/4e6c5b2d25a8_rollout_pick_up_the_orange_juice_and_place_it_in_the_basket_failure_ep10_step66_20260423_063946.json,a2cde25c4d73b09e0560a5a89a5f0d50f6cfd0830692af9bd7320e2482c03363,d4d617be6a9b278ac92f74afd90d01472215de63922a81d162e1a5a16b61bc06,67,67,libero_object/9,Approach,Wrong Target
ea0fb32fc762_rollout_pick_up_the_salad_dressing_and_place_it_in_the_basket_failure_ep14_step90_20260423_064724,libero/train/ea0fb32fc762_rollout_pick_up_the_salad_dressing_and_place_it_in_the_basket_failure_ep14_step90_20260423_064724.json,766d33076ccf1ef6dfbfa6fa63cafeadf5330e1f25e1f46b496a3f95d7534fbf,a3b874bd579f0020be8e6aca47965859003bc7a669da37514f28f72aaa35deee,91,91,libero_object/2,Approach,Wrong Pose
e0da48aecd14_rollout_pick_up_the_salad_dressing_and_place_it_in_the_basket_failure_ep18_step35_20260423_064825,libero/train/e0da48aecd14_rollout_pick_up_the_salad_dressing_and_place_it_in_the_basket_failure_ep18_step35_20260423_064825.json,f422babbb3fbcd35a4a6c42c4738473f85a95ca8743a7a16d990e85ed4b5536c,0b17bc3f2bdd408e4735fbe8f7de7d5d85aa6a4af47424c4cf6831af993d2f38,36,36,libero_object/2,Approach,Wrong Target
dbaaf2e9e9bb_rollout_pick_up_the_salad_dressing_and_place_it_in_the_basket_failure_ep22_step131_20260423_064854,libero/train/dbaaf2e9e9bb_rollout_pick_up_the_salad_dressing_and_place_it_in_the_basket_failure_ep22_step131_20260423_064854.json,d3793bf3b78ecd30e274080c28fb85f09852db5ee2e1966222267c5b104cc104,8fe1b19bd8e94df8c99d0d0a452b6adc8dcdcb8f2dab53271178fc4016787ee0,132,132,libero_object/2,Place,Wrong Pose
70be104288ef_rollout_pick_up_the_tomato_sauce_and_place_it_in_the_basket_failure_ep16_step79_20260423_065320,libero/train/70be104288ef_rollout_pick_up_the_tomato_sauce_and_place_it_in_the_basket_failure_ep16_step79_20260423_065320.json,0bae5e1be1f827a2ddb014c1a54eb57dc2a767f60db9d5ddf004dffc02772746,211a257657c6ed3ec18aebc9b44ca9b9770339b9328b3e4db0e8a73226f557d0,80,80,libero_object/5,Approach,Wrong Target
6e6ce80982e6_rollout_pick_up_the_tomato_sauce_and_place_it_in_the_basket_failure_ep35_step91_20260423_065513,libero/train/6e6ce80982e6_rollout_pick_up_the_tomato_sauce_and_place_it_in_the_basket_failure_ep35_step91_20260423_065513.json,8b720346446eaab3b27d903a43c36927e0f22ede68b848d7c7c276288c07e87e,46c154cf4ee1858e1989705cfdcbded7ab6bd34a29e8c00a87cf9dabb8990c2b,92,92,libero_object/5,Approach,Wrong Pose
0d816699370a_rollout_pick_up_the_tomato_sauce_and_place_it_in_the_basket_failure_ep42_step192_20260423_065623,libero/train/0d816699370a_rollout_pick_up_the_tomato_sauce_and_place_it_in_the_basket_failure_ep42_step192_20260423_065623.json,b1ba73c65f0203d6d8505619cd686f89b50af56e42c4f17a49487d866146e272,c77659ce1630f2eccd11c3d0e47967137b8129fa2fa5b4bd3ed1280a7a144d03,193,193,libero_object/5,Approach,Scene Change
3e81b1b237d0_rollout_pick_up_the_black_bowl_between_the_plate_and_the_ramekin_and_place_it_on_the_plate_failure_ep7_step154_20260426_164614,libero/train/3e81b1b237d0_rollout_pick_up_the_black_bowl_between_the_plate_and_the_ramekin_and_place_it_on_the_plate_failure_ep7_step154_20260426_164614.json,76414fcf85649fb2e01ff2482a4887ac47a08f57ac0bad51f1097c5d42108868,9364d0b894d9cfa0d3f32852a8c34f4a185052560ba110a65bd66bd1c26de456,155,155,libero_spatial/0,Contact,Wrong Pose
19a2db4ab8d1_rollout_pick_up_the_black_bowl_from_table_center_and_place_it_on_the_plate_failure_ep8_step116_20260426_165445,libero/train/19a2db4ab8d1_rollout_pick_up_the_black_bowl_from_table_center_and_place_it_on_the_plate_failure_ep8_step116_20260426_165445.json,36be8645431f5bacc87e95670bfd36515b53d8fd7ad89484e55334d5fe64af55,d7160dfb9bae7d7a7b601f1ff11459143cc315a7994a62907286fe6b395c670e,117,117,libero_spatial/2,Approach,Wrong Target
3c97a4c0ad28_rollout_pick_up_the_black_bowl_in_the_top_drawer_of_the_wooden_cabinet_and_place_it_on_the_plate_failure_ep6_step125_20260426_165551,libero/train/3c97a4c0ad28_rollout_pick_up_the_black_bowl_in_the_top_drawer_of_the_wooden_cabinet_and_place_it_on_the_plate_failure_ep6_step125_20260426_165551.json,361c3bc94167bdd267d48c0145fa1351b3c06f2066a8236c03aec19634b6f324,e15e834a867c189732e8e096def281249a21bf0407daf87b7726efb83748dfa7,126,126,libero_spatial/4,Approach,Wrong Target
258ec8c4cb2e_rollout_pick_up_the_black_bowl_in_the_top_drawer_of_the_wooden_cabinet_and_place_it_on_the_plate_failure_ep7_step51_20260426_165611,libero/train/258ec8c4cb2e_rollout_pick_up_the_black_bowl_in_the_top_drawer_of_the_wooden_cabinet_and_place_it_on_the_plate_failure_ep7_step51_20260426_165611.json,f3b40ffa8b96b5099fd3ae08b39ecfd70876f2f5bcc5ef10a7c910e659500ebc,7bba24a4fd521b286b1e32744b2da370d074383a64aac404d4526fc82b459226,52,52,libero_spatial/4,Approach,Wrong Pose
83cc4ea39e20_rollout_pick_up_the_black_bowl_in_the_top_drawer_of_the_wooden_cabinet_and_place_it_on_the_plate_failure_ep8_step137_20260426_165629,libero/train/83cc4ea39e20_rollout_pick_up_the_black_bowl_in_the_top_drawer_of_the_wooden_cabinet_and_place_it_on_the_plate_failure_ep8_step137_20260426_165629.json,566a359e7bb583e65cf5c6cbacf0b54c19b95521ace321e0411e6362862566be,9018feeaa142bd41d3614008fd361c09a3a9f801bf4f8acc66d26fbff7c570a8,138,138,libero_spatial/4,Place,Wrong Pose
cb66f5b1838b_rollout_pick_up_the_black_bowl_next_to_the_plate_and_place_it_on_the_plate_failure_ep1_step214_20260426_170133,libero/train/cb66f5b1838b_rollout_pick_up_the_black_bowl_next_to_the_plate_and_place_it_on_the_plate_failure_ep1_step214_20260426_170133.json,dbc530d4ac7b7032896e5c8c26352e3c16ec1d5a72369d3aa89bc4363eceebb7,e685a8ec0cde8edde6f41d354de263a72d5619a14c477bda83f5d0057cf9cb31,215,215,libero_spatial/8,Place,Scene Change
07e2b954671a_rollout_pick_up_the_black_bowl_next_to_the_plate_and_place_it_on_the_plate_failure_ep3_step42_20260426_170207,libero/train/07e2b954671a_rollout_pick_up_the_black_bowl_next_to_the_plate_and_place_it_on_the_plate_failure_ep3_step42_20260426_170207.json,3fba2f2e2c2092382a0717ffaff2b3504a267e38d5e9b05223925ca1f63fa542,862cb4eff20022f8f4b38ec250ee7cb87e545056a369694667e9de65075d722d,43,43,libero_spatial/8,Approach,Wrong Target
9cccd83ad713_rollout_pick_up_the_black_bowl_next_to_the_plate_and_place_it_on_the_plate_failure_ep4_step41_20260426_170232,libero/train/9cccd83ad713_rollout_pick_up_the_black_bowl_next_to_the_plate_and_place_it_on_the_plate_failure_ep4_step41_20260426_170232.json,5bc367759ddd5b9329e1a1ffd3127332368dd35cff5ba883165d7a2ba4c4f14f,ff2e88dba4bde4f1da50bded63ba63bb83094da604e47d088e1196761459d79f,42,42,libero_spatial/8,Approach,Wrong Target
687eddf05f85_rollout_pick_up_the_black_bowl_next_to_the_ramekin_and_place_it_on_the_plate_failure_ep3_step205_20260426_170508,libero/train/687eddf05f85_rollout_pick_up_the_black_bowl_next_to_the_ramekin_and_place_it_on_the_plate_failure_ep3_step205_20260426_170508.json,20be79755dc21010694b051eeb24d92fae90243678c7fb6113cd79f0e31e9517,e6448e7d9ba6bde2edbaf1dbbb1623ab30a1773c596eb5f38477416f7410c14f,206,206,libero_spatial/1,Approach,Wrong Pose
586f1b6c7b3b_rollout_pick_up_the_black_bowl_next_to_the_ramekin_and_place_it_on_the_plate_failure_ep4_step225_20260426_170529,libero/train/586f1b6c7b3b_rollout_pick_up_the_black_bowl_next_to_the_ramekin_and_place_it_on_the_plate_failure_ep4_step225_20260426_170529.json,997172206534ad045822fc028f27e6ef6060c0ef43360d4d17c17678d752f215,6f66ed71c0051cb7fa9804befd0b231c16aca50b61ac0ed6eea2d94619e2e415,226,226,libero_spatial/1,Approach,Wrong Pose
4b0b2270180f_rollout_pick_up_the_black_bowl_next_to_the_ramekin_and_place_it_on_the_plate_failure_ep6_step78_20260426_170552,libero/train/4b0b2270180f_rollout_pick_up_the_black_bowl_next_to_the_ramekin_and_place_it_on_the_plate_failure_ep6_step78_20260426_170552.json,a4bc1f1285156401524167c33d22153e56b217107cba132f7f2d2c5691f1544e,11b37a4665b060ed8971f78b9f85344d2cb9012bd7140c7b82cebc2f36731952,79,79,libero_spatial/1,Approach,Wrong Pose
a0345ee911ee_rollout_pick_up_the_black_bowl_on_the_cookie_box_and_place_it_on_the_plate_failure_ep4_step52_20260426_170729,libero/train/a0345ee911ee_rollout_pick_up_the_black_bowl_on_the_cookie_box_and_place_it_on_the_plate_failure_ep4_step52_20260426_170729.json,e2bc54055f42aedcd97e56b5a6d4f0362c3c6c6574d339fd186f9db37ae0b46c,e359be3719b3fbbb0b06f67bbde3e27cdda00226bc4aed0c53b666f8fe6cb480,53,53,libero_spatial/3,Approach,Wrong Target
83ca1075a252_rollout_pick_up_the_black_bowl_on_the_ramekin_and_place_it_on_the_plate_failure_ep1_step109_20260426_170832,libero/train/83ca1075a252_rollout_pick_up_the_black_bowl_on_the_ramekin_and_place_it_on_the_plate_failure_ep1_step109_20260426_170832.json,39a54ac61a8b11c751f8e5a62fdb0d79f9044dc14aafa53409cb901c4bca991b,0118afbfc144c4b7bb8f99c9d6d37eb9d00e32d29d0be060ade117973b6ffc7f,110,110,libero_spatial/5,Place,Wrong Target
dbf68b304ee7_rollout_pick_up_the_black_bowl_on_the_ramekin_and_place_it_on_the_plate_failure_ep4_step108_20260426_170856,libero/train/dbf68b304ee7_rollout_pick_up_the_black_bowl_on_the_ramekin_and_place_it_on_the_plate_failure_ep4_step108_20260426_170856.json,32d90a46f022d945a0d2934d9137d341e311ca5d492843c23b6840057d98da9b,ec984571146172868eaf36ac7509d92c16898b992f497305d707c99463d1afc6,109,109,libero_spatial/5,Place,Wrong Target
c9910eb7afce_rollout_pick_up_the_black_bowl_on_the_ramekin_and_place_it_on_the_plate_failure_ep7_step109_20260426_171114,libero/train/c9910eb7afce_rollout_pick_up_the_black_bowl_on_the_ramekin_and_place_it_on_the_plate_failure_ep7_step109_20260426_171114.json,496f9a9256267f2fbeda7bc3186f780ac6b71a09300a990002fa5246b71621c0,a181de9d83a034ae318a636bcd08b4f6a310ff50fa1f2dbeffc74f029fd26805,110,110,libero_spatial/5,Place,Wrong Target
7140c25b78f0_rollout_pick_up_the_black_bowl_on_the_ramekin_and_place_it_on_the_plate_failure_ep8_step47_20260426_171140,libero/train/7140c25b78f0_rollout_pick_up_the_black_bowl_on_the_ramekin_and_place_it_on_the_plate_failure_ep8_step47_20260426_171140.json,752046cb3cfc735fd5633c319091b423b6fca2f09a0d17e6d30f5c66ba8c64f0,59270b9a3d45a950c5dd087f6d5854533e6b29346a19d3bb322e3dea6d44010b,48,48,libero_spatial/5,Approach,Wrong Target
9ad04bdacca2_rollout_pick_up_the_black_bowl_on_the_stove_and_place_it_on_the_plate_failure_ep2_step60_20260426_171233,libero/train/9ad04bdacca2_rollout_pick_up_the_black_bowl_on_the_stove_and_place_it_on_the_plate_failure_ep2_step60_20260426_171233.json,cb5a2dc968e66d936f5daa73dbcaf636ae382f49d576dd862e6e6e3543690bea,b82b92f10007a0fc75f0b4d3ba0ff65976b7fba69c0926071118a5b35a3e83e4,61,61,libero_spatial/7,Approach,Wrong Target
14ee687e089a_rollout_pick_up_the_black_bowl_on_the_stove_and_place_it_on_the_plate_failure_ep4_step137_20260426_171306,libero/train/14ee687e089a_rollout_pick_up_the_black_bowl_on_the_stove_and_place_it_on_the_plate_failure_ep4_step137_20260426_171306.json,6f93820fc472aa8de9d21daeb264f9f340170c7462935bbef17bde4b78dd77e0,3ef3b4116bbcf9e79dd7db7d995436082b5fafe1106703de79242df9b948473c,138,138,libero_spatial/7,Approach,Scene Change
2e2dd03fa533_rollout_pick_up_the_black_bowl_on_the_stove_and_place_it_on_the_plate_failure_ep9_step78_20260426_171345,libero/train/2e2dd03fa533_rollout_pick_up_the_black_bowl_on_the_stove_and_place_it_on_the_plate_failure_ep9_step78_20260426_171345.json,4eadf2b18a90655029c420b84c2ec1518bd6099b04d3474eb195e63065cb8249,cf86449f68c353b903f961a065ba94717b4f11f6ebacafaebbf0d709911a5909,79,79,libero_spatial/7,Approach,Stage Rollback
6af723a3ae9c_rollout_pick_up_the_black_bowl_on_the_wooden_cabinet_and_place_it_on_the_plate_failure_ep3_step80_20260426_171543,libero/train/6af723a3ae9c_rollout_pick_up_the_black_bowl_on_the_wooden_cabinet_and_place_it_on_the_plate_failure_ep3_step80_20260426_171543.json,e3ec639d15e692fa86d0d3b85af190b03be7ae83cbcfeb2a6ed8c82e21929eac,da0980feac3d9b221e80e7a4582c1a68c5bfcb3f8e95a5c96b463c3385d2adaa,81,81,libero_spatial/9,Approach,Wrong Pose
b506d1d891da_rollout_pick_up_the_black_bowl_on_the_wooden_cabinet_and_place_it_on_the_plate_failure_ep5_step145_20260426_171623,libero/train/b506d1d891da_rollout_pick_up_the_black_bowl_on_the_wooden_cabinet_and_place_it_on_the_plate_failure_ep5_step145_20260426_171623.json,91e0d37eb1c565bd6636a8255d80126418300fd56d64bee27dfecbf0a8fc2468,d8967e9572c7c8c3e4620137e0d12e8aac6bbed9857f46c4174aeef0c94c4378,146,146,libero_spatial/9,Approach,Wrong Pose
e04599ff7f32_rollout_task0_put_both_the_alphabet_soup_and_the_tomato_sauce_in_failure_ep44_step113_20260408_121518,libero/train/e04599ff7f32_rollout_task0_put_both_the_alphabet_soup_and_the_tomato_sauce_in_failure_ep44_step113_20260408_121518.json,66f99495cbce871939d40772f8cf298f6def30c63cbc2fb5370a563330e33ac4,5d5013c7528f8b7c869ec9b6b4ee06ff551b0850ab86aad4f4c683e39c00d2f7,114,114,libero_10/0,Approach,Scene Change
d2de04b53c60_rollout_task1_put_both_the_cream_cheese_box_and_the_butter_in_th_failure_ep41_step177_20260408_122852,libero/train/d2de04b53c60_rollout_task1_put_both_the_cream_cheese_box_and_the_butter_in_th_failure_ep41_step177_20260408_122852.json,a5db7f03bba3d139f25cf9cc078e5b78a9a3eb5e249d1082e8465a766e4d0fbf,5f0de8834fa573c7a684643f09472f6b9765e3c9701890dd36919d3be8b72b1a,178,178,libero_10/1,Approach,Wrong Pose
83758154d4f0_rollout_task2_turn_on_the_stove_and_put_the_moka_pot_on_it_failure_ep44_step167_20260408_122937,libero/train/83758154d4f0_rollout_task2_turn_on_the_stove_and_put_the_moka_pot_on_it_failure_ep44_step167_20260408_122937.json,4596b6fbaff406766ab466ea8d54bb864c430fee389dedd6e0609fee696a9646,ee8ae2c71cd81230bdbc071ba92c85fcdd8341e5c48b2dd598524734bd7fce3a,168,168,libero_10/2,Approach,Wrong Pose
29c9657e0156_rollout_task3_put_the_black_bowl_in_the_bottom_drawer_of_the_cab_failure_ep43_step141_20260408_123001,libero/train/29c9657e0156_rollout_task3_put_the_black_bowl_in_the_bottom_drawer_of_the_cab_failure_ep43_step141_20260408_123001.json,482d55132ea9d5338aab03e9ab4d585ce683b623282cd63ded0ceff97337e92c,96c61abaa3c7e64f47ab1f48fe9673d8704335c54db15736f715971a04df2d09,142,142,libero_10/3,Place,Wrong Pose
cff312680fac_rollout_task8_put_both_moka_pots_on_the_stove_failure_ep18_step287_20260408_123036,libero/train/cff312680fac_rollout_task8_put_both_moka_pots_on_the_stove_failure_ep18_step287_20260408_123036.json,0beb8075e1a90e29eb9cb9e0fce54f75fc7793fa1b5c7070b0e68c4c759760cb,fd1d6c052fb40f3fd4625b38bd9fe247682a20960df70faa72cdd334a8cc102c,288,288,libero_10/8,Approach,Wrong Pose
c0f103b93837_rollout_task8_put_both_moka_pots_on_the_stove_failure_ep38_step125_20260408_123132,libero/train/c0f103b93837_rollout_task8_put_both_moka_pots_on_the_stove_failure_ep38_step125_20260408_123132.json,0b3ffe127f1582aa715a960f719944ed2807c6b643e10921f24c9e028a1bb12a,7492d2ab7960da375482640b501b690323c2864eb4214becb6239c755c1e8d19,126,126,libero_10/8,Contact,Wrong Pose
48f6cd33b704_rollout_task8_put_both_moka_pots_on_the_stove_failure_ep44_step283_20260408_123141,libero/train/48f6cd33b704_rollout_task8_put_both_moka_pots_on_the_stove_failure_ep44_step283_20260408_123141.json,c0ba8c48451d7ac8f9d1b7c706c899ccbc6d9ecddb02b51bb185ec56832f37ea,2ca929ab6f4d45badebd4344c04d8bc8d105358b0375a87e524cbfeb09f05515,284,284,libero_10/8,Approach,Wrong Pose
899ba2b47400_rollout_task8_put_both_moka_pots_on_the_stove_failure_ep47_step403_20260408_123158,libero/train/899ba2b47400_rollout_task8_put_both_moka_pots_on_the_stove_failure_ep47_step403_20260408_123158.json,61eca789092eab48bbb9ea45e4938aab12c8325b21271df45de21728e98de147,6f53d2bf7fc77ca363be737df58e2aad75fbac9a248b470c059155898b07b0ec,404,404,libero_10/8,Approach,Wrong Pose
c42bd90eaa09_rollout_task8_put_both_moka_pots_on_the_stove_failure_ep49_step346_20260408_123233,libero/train/c42bd90eaa09_rollout_task8_put_both_moka_pots_on_the_stove_failure_ep49_step346_20260408_123233.json,db24571c66800f73c066c342d069231488db122beb0fc7d0e7959586ef891fdc,381a5b554e1af7937f7d8f1b42fcec316418a25220b63521d1558f3cff55a684,347,347,libero_10/8,Approach,Stage Rollback
87bdadd678bd_rollout_task8_put_both_moka_pots_on_the_stove_failure_ep6_step113_20260408_123311,libero/train/87bdadd678bd_rollout_task8_put_both_moka_pots_on_the_stove_failure_ep6_step113_20260408_123311.json,ad55d4eb02cc6c4f9fcea261a9421d8ae0a89244733acd238c9bee69747814e8,a0aa83eacce4f1bd8b5673570703a08658b2be09e9a7ee0756634f21ed4a03dc,114,114,libero_10/8,Approach,Wrong Pose
a32c70addeca_rollout_task9_put_the_yellow_and_white_mug_in_the_microwave_and__failure_ep1_step171_20260408_123345,libero/train/a32c70addeca_rollout_task9_put_the_yellow_and_white_mug_in_the_microwave_and__failure_ep1_step171_20260408_123345.json,05e9d009901adc52242a4548f98eabebbcd5cb8127e0cad2d46b6f91b2c05543,70878b57256a3e48c1048895f140ac660f8fa9c2f69287fa1d7e7f1a0b842f14,172,172,libero_10/9,Place,Wrong Pose
6c948fe598b4_rollout_task9_put_the_yellow_and_white_mug_in_the_microwave_and__failure_ep6_step118_20260408_123454,libero/train/6c948fe598b4_rollout_task9_put_the_yellow_and_white_mug_in_the_microwave_and__failure_ep6_step118_20260408_123454.json,51d6419c8c94bf044f15ac665016293fa6e87cbc2643a4677397c6f1b967af65,060bebc9b48c008960ff53b2f584356b54f05c3957b41d53fe9fd0c112b6da30,119,119,libero_10/9,Place,Wrong Pose
824ab5e96d94_rollout_task2_put_the_wine_bottle_on_top_of_the_cabinet_failure_ep13_step37_20260408_123551,libero/train/824ab5e96d94_rollout_task2_put_the_wine_bottle_on_top_of_the_cabinet_failure_ep13_step37_20260408_123551.json,0fee083215ef21230eafe532d3583bb76cdf9f452ed819a69939f87de83e9485,0813885edbb0f8dc8d3daefb501d18de617a1c9a994b7b8c0cad59109686006e,38,38,libero_goal/2,Approach,Wrong Pose
7df1145f798e_rollout_task2_put_the_wine_bottle_on_top_of_the_cabinet_failure_ep20_step37_20260408_123758,libero/train/7df1145f798e_rollout_task2_put_the_wine_bottle_on_top_of_the_cabinet_failure_ep20_step37_20260408_123758.json,8602afaeadb134fe1ced3f0c073d9d3cc0e79919ea51afdad8cacf4c13c8eb08,77bbfc2cdcae5ea311a9f9d644e68787f4d4bd31caa7c94222922fe9784208d2,38,38,libero_goal/2,Approach,Wrong Pose
2c711608fc7a_rollout_task2_put_the_wine_bottle_on_top_of_the_cabinet_failure_ep43_step37_20260408_123819,libero/train/2c711608fc7a_rollout_task2_put_the_wine_bottle_on_top_of_the_cabinet_failure_ep43_step37_20260408_123819.json,b3cee73d27d8f337b898df90ad6454ec9c6c86285533011298ecba6dac950d26,39ab5191cfc6f2c265b797d0f81cdb89cc43721ba103bb1943b4ea4d874d6bbc,38,38,libero_goal/2,Approach,Wrong Pose
6252600f59eb_rollout_task2_put_the_wine_bottle_on_top_of_the_cabinet_failure_ep45_step28_20260408_123908,libero/train/6252600f59eb_rollout_task2_put_the_wine_bottle_on_top_of_the_cabinet_failure_ep45_step28_20260408_123908.json,cb46c7ea86fee173badc90cba18bacb3c446cd86c9d30360828da3c4717edeb9,ac3b089c1311ce20fa726d83f0a393a53210b5538dce22eca87c062576678fcf,29,29,libero_goal/2,Approach,Wrong Pose
a205be692419_rollout_task3_open_the_top_drawer_and_put_the_bowl_inside_failure_ep0_step95_20260408_124020,libero/train/a205be692419_rollout_task3_open_the_top_drawer_and_put_the_bowl_inside_failure_ep0_step95_20260408_124020.json,c914293470bcaecdead29378861ba5443fc0c064246c9344996509447ecfdd18,2e2fa2def5bbeca5481ee020e2eb2ef588d05f13867ef9bfdd5f7953a01adb4f,96,96,libero_goal/3,Approach,Wrong Pose
4042b6bb332e_rollout_task3_open_the_top_drawer_and_put_the_bowl_inside_failure_ep17_step131_20260408_124051,libero/train/4042b6bb332e_rollout_task3_open_the_top_drawer_and_put_the_bowl_inside_failure_ep17_step131_20260408_124051.json,4bbc6efe8eec9a8588f2d6dc1d92098f72a0418eb5ee9871c3f7796b0c6b365a,696a3dc4ec8df8384a668677c2a5e3e405935a40dc288cda5262e1ea90326bc6,132,132,libero_goal/3,Move,Wrong Pose
2120027f0031_rollout_task3_open_the_top_drawer_and_put_the_bowl_inside_failure_ep37_step127_20260408_124112,libero/train/2120027f0031_rollout_task3_open_the_top_drawer_and_put_the_bowl_inside_failure_ep37_step127_20260408_124112.json,e4863bfeaa17027ec93606a540c32e0ac6b5d2d6d815c8b7d23558f377027294,1e7d1041a7ae58291c00784a390ce824ea2472ff88ebdf95783c80b97167b2d4,128,128,libero_goal/3,Move,Wrong Pose
37c1d9576137_rollout_task3_pick_up_the_bbq_sauce_and_place_it_in_the_basket_failure_ep33_step81_20260408_124947,libero/train/37c1d9576137_rollout_task3_pick_up_the_bbq_sauce_and_place_it_in_the_basket_failure_ep33_step81_20260408_124947.json,5aa4a0c3a6d2768ca6a29c57eb83df41bce18a11c4b74c6d129b25db54d74211,9bb21716be0282a4815592adcf31fac7e2d5337ce02615429e604c27753d357c,82,82,libero_object/3,Approach,Stage Rollback
4cb4fe0dd177_rollout_task9_pick_up_the_orange_juice_and_place_it_in_the_baske_failure_ep14_step269_20260408_125113,libero/train/4cb4fe0dd177_rollout_task9_pick_up_the_orange_juice_and_place_it_in_the_baske_failure_ep14_step269_20260408_125113.json,2a95642ba378c3f0a921d395e6134f5592712f2427e278fa5a2a61c9c8932c1e,c5696d4ecdb774e679ff027f762fd393e566c6d29fe5301f369ba0174181ff2f,270,270,libero_object/9,Approach,Scene Change
5ca94f87918c_rollout_task3_pick_up_the_black_bowl_on_the_cookie_box_and_place_failure_ep15_step73_20260408_124514,libero/train/5ca94f87918c_rollout_task3_pick_up_the_black_bowl_on_the_cookie_box_and_place_failure_ep15_step73_20260408_124514.json,46cd4cced0933deffe5ed8dd7e26c750ebc7c92962cd2366d70f48920b189fb4,90e65772a0c5fb432fee11740ca3cd0ed21b032b855422285f48c6ccfc454dbe,74,74,libero_spatial/3,Approach,Stage Rollback
0a0dcdffcff3_rollout_task5_pick_up_the_black_bowl_on_the_ramekin_and_place_it_failure_ep33_step41_20260408_124617,libero/train/0a0dcdffcff3_rollout_task5_pick_up_the_black_bowl_on_the_ramekin_and_place_it_failure_ep33_step41_20260408_124617.json,1ab7053bebf4df9752af35482a43a428ddb1d9b2a68977e296692713a34cb5a4,5810ec0978232f88974641c3ec1902544ae7a829a82379428d20c27ef8eedf92,42,42,libero_spatial/5,Approach,Wrong Pose
7ff7a8575e42_rollout_task5_pick_up_the_black_bowl_on_the_ramekin_and_place_it_failure_ep39_step38_20260408_124632,libero/train/7ff7a8575e42_rollout_task5_pick_up_the_black_bowl_on_the_ramekin_and_place_it_failure_ep39_step38_20260408_124632.json,0c7efdafec73eb0b523825c734634846339c11b69718f7b59f897f0844dc4b2e,65e2c764a071139edbc469228bd7ffd31e97989689644b14d82b89352f325aab,39,39,libero_spatial/5,Approach,Wrong Pose
074f1c91c0c7_rollout_task9_pick_up_the_black_bowl_on_the_wooden_cabinet_and_p_failure_ep41_step34_20260408_124743,libero/train/074f1c91c0c7_rollout_task9_pick_up_the_black_bowl_on_the_wooden_cabinet_and_p_failure_ep41_step34_20260408_124743.json,b7a41d6ca3f60798246914fc5bcaddc057022d3cdaf0a4c82f91bfcd45a81f17,dd81a660a953895715d8f07b6c47ce3bf2fdc88d70761a3da96ceb67330b7074,35,35,libero_spatial/9,Approach,Wrong Pose
b8a7efd04370_rollout_task6_put_the_white_mug_on_the_plate_and_put_the_chocolate_pudding_to_the_right_of_the_failure_ep14_step108_20260413_080723,libero/train/b8a7efd04370_rollout_task6_put_the_white_mug_on_the_plate_and_put_the_chocolate_pudding_to_the_right_of_the_failure_ep14_step108_20260413_080723.json,1f77f11e581b807debfde0b3f5b82277985ba05e61246fc09c667e4482432892,8a2627749d57b80fe07c37cca9dd68893d893a498ffe5b64d1f7f83d28b96a83,108,108,libero_10/6,Place,Wrong Pose
0b3747d42f28_rollout_task6_put_the_white_mug_on_the_plate_and_put_the_chocolate_pudding_to_the_right_of_the_failure_ep21_step188_20260413_080811,libero/train/0b3747d42f28_rollout_task6_put_the_white_mug_on_the_plate_and_put_the_chocolate_pudding_to_the_right_of_the_failure_ep21_step188_20260413_080811.json,8f78ef64115137deaeefab05da0733c258ba53f03bdc4999f81ce7692453c1dd,0f9f32f04b34245bfc9bf00ca07d7eeaf6db91e062a548c5ab608db75234b9b8,188,188,libero_10/6,Approach,Wrong Pose
44c937659a6e_rollout_task6_put_the_white_mug_on_the_plate_and_put_the_chocolate_pudding_to_the_right_of_the_failure_ep29_step184_20260413_080834,libero/train/44c937659a6e_rollout_task6_put_the_white_mug_on_the_plate_and_put_the_chocolate_pudding_to_the_right_of_the_failure_ep29_step184_20260413_080834.json,b71ac05995d450e91e8cee89f4c73215b67b884cb5cb032eb9c02bd213ba5518,9fd237f02d4c04e9b40bc2ac521bcf487363f0ff0882eeeebc3ba9b7f92dc016,184,184,libero_10/6,Approach,Wrong Pose
e0400e6ff193_rollout_task6_put_the_white_mug_on_the_plate_and_put_the_chocolate_pudding_to_the_right_of_the_failure_ep32_step222_20260413_080905,libero/train/e0400e6ff193_rollout_task6_put_the_white_mug_on_the_plate_and_put_the_chocolate_pudding_to_the_right_of_the_failure_ep32_step222_20260413_080905.json,8220bafeefcddd29c8d6bcc591d9477f6910510258bd5c05e9440634c0e365ca,b6761c1c71a5bf5888f404c1e6af69a62b76fe77458368c332e182f8d0b900ba,222,222,libero_10/6,Place,Wrong Pose
44bfad4be8c9_rollout_task7_put_both_the_alphabet_soup_and_the_cream_cheese_box_in_the_basket_failure_ep5_step549_20260413_081112,libero/train/44bfad4be8c9_rollout_task7_put_both_the_alphabet_soup_and_the_cream_cheese_box_in_the_basket_failure_ep5_step549_20260413_081112.json,1f7b432c1d96d2eed4349e276640e02d0f774078c707571e63c7a8b2407f9d92,03b425fa5d8c2af770b019c03cc3e6c7453c721bcb796f266113bf3488f1ab52,549,549,libero_10/7,Approach,Scene Change
0f417ceba47f_rollout_task8_put_both_moka_pots_on_the_stove_failure_ep24_step293_20260413_081323,libero/train/0f417ceba47f_rollout_task8_put_both_moka_pots_on_the_stove_failure_ep24_step293_20260413_081323.json,522ea36bcfeb3144b45f27fd4ca00923a83e7e69a0576743c6051ff7e220bae9,b9b5998121d9c39927e5fa929577a25130d83b7912a963cbfbe3a106091c108e,293,293,libero_10/8,Approach,Wrong Pose
94b8f5496fb3_rollout_task8_put_both_moka_pots_on_the_stove_failure_ep6_step186_20260413_081347,libero/train/94b8f5496fb3_rollout_task8_put_both_moka_pots_on_the_stove_failure_ep6_step186_20260413_081347.json,1ed47459fd1628d3220ff01e98bbdba321cb793cbe26d35f8b16476c04be5cbb,57a36846e1964b1e801c1c057b9d7478912f88415eab14f95f96144370e4e691,186,186,libero_10/8,Place,Wrong Pose
65837214a6b1_rollout_task3_open_the_top_drawer_and_put_the_bowl_inside_failure_ep45_step155_20260413_075719,libero/train/65837214a6b1_rollout_task3_open_the_top_drawer_and_put_the_bowl_inside_failure_ep45_step155_20260413_075719.json,c166b36de5e7fc3d9dff885e01d78f55eb510a75fc74705866cb02222cb2ea74,06b754217f8d49e25a2c7bf81ce8052f0f7ac2f09ea411e2af1354a8100cc259,155,155,libero_goal/3,Move,Wrong Pose
3e0ce2550987_rollout_task9_put_the_wine_bottle_on_the_rack_failure_ep16_step87_20260413_075914,libero/train/3e0ce2550987_rollout_task9_put_the_wine_bottle_on_the_rack_failure_ep16_step87_20260413_075914.json,da808ff3cc4d7d664c87c253878bcefc019f552e799601b3a722a0ed5b290c74,17900aaea41504b26682ec90b8119bdb6e68e648f84d6e6cf075010cffab28d6,87,87,libero_goal/9,Approach,Wrong Pose
faa46f7dd98c_rollout_task9_put_the_wine_bottle_on_the_rack_failure_ep3_step90_20260413_080011,libero/train/faa46f7dd98c_rollout_task9_put_the_wine_bottle_on_the_rack_failure_ep3_step90_20260413_080011.json,15b8783bd3e9ba46d61d32424602f37f939b175e5ab510bba8043778475ee00f,121a2805a9d05d4f3c4d4731f1d223f2afd919e7d712f0223c85d1105872c738,90,90,libero_goal/9,Approach,Wrong Pose
a7eab03bd1e8_rollout_task9_put_the_wine_bottle_on_the_rack_failure_ep42_step147_20260413_080047,libero/train/a7eab03bd1e8_rollout_task9_put_the_wine_bottle_on_the_rack_failure_ep42_step147_20260413_080047.json,51a2ca2293b29ad6011041fd338bf157efbaaaf2c9f837fd8eaf36489a074981,6e176b10c23cbf3200e0b499c55977be3ce1d835d9396c425ff9cb99a11c23d2,147,147,libero_goal/9,Place,Wrong Pose
6d46abba5398_rollout_task0_pick_up_the_alphabet_soup_and_place_it_in_the_basket_failure_ep3_step156_20260413_073342,libero/train/6d46abba5398_rollout_task0_pick_up_the_alphabet_soup_and_place_it_in_the_basket_failure_ep3_step156_20260413_073342.json,13e4beb04616d9208b47e7600e3ca6ae9ab94bd5a530e32496a7bb376f902848,9e3464a1d86c798a532a9b0acb736c40f534c36dec6b7a4644ea7ea6d4151acb,156,156,libero_object/0,Approach,Stage Rollback
54e8b08c8112_rollout_task3_pick_up_the_bbq_sauce_and_place_it_in_the_basket_failure_ep48_step144_20260413_073618,libero/train/54e8b08c8112_rollout_task3_pick_up_the_bbq_sauce_and_place_it_in_the_basket_failure_ep48_step144_20260413_073618.json,0d6163c97df08bb48e080f118aeaa7a63b182465ec2096e24e958089027e8495,024ab1fea0664f6830625ef56bb347401e8effd7ef08b78b937e69063fbf5929,144,144,libero_object/3,Approach,Stage Rollback
ccd3ccb985f2_rollout_task5_pick_up_the_tomato_sauce_and_place_it_in_the_basket_failure_ep37_step70_20260413_073836,libero/train/ccd3ccb985f2_rollout_task5_pick_up_the_tomato_sauce_and_place_it_in_the_basket_failure_ep37_step70_20260413_073836.json,c1fec1a6a4e59be077f9c5cf96bf554316b7a3547238bcb4a4b4755fa94c0eec,3ddd1cf888b5ec07800f6316666fccb27e29730a1752f1df4100da1c3d01bddb,70,70,libero_object/5,Approach,Wrong Pose
557a66cb8b5d_rollout_task7_pick_up_the_milk_and_place_it_in_the_basket_failure_ep33_step59_20260413_073948,libero/train/557a66cb8b5d_rollout_task7_pick_up_the_milk_and_place_it_in_the_basket_failure_ep33_step59_20260413_073948.json,e55814db89bd0e88c4aa0ac73697d42202271087782c73f9b469698ef512009b,981d2fe5590ada8f4c93bbfcc869239a1c49d5fac4808471fa7a226e374f419f,59,59,libero_object/7,Approach,Wrong Pose
271b1bdde50a_rollout_task1_pick_up_the_black_bowl_next_to_the_ramekin_and_place_it_on_the_plate_failure_ep20_step117_20260413_074127,libero/train/271b1bdde50a_rollout_task1_pick_up_the_black_bowl_next_to_the_ramekin_and_place_it_on_the_plate_failure_ep20_step117_20260413_074127.json,26d6bc13739b83390aba8458bf70ca6039f310211d281f38e27ee236dc2e2d07,a1a9d79d440d8f97911124ff77200887d1446b455e8251833bcc4bb2b4ee5b97,117,117,libero_spatial/1,Place,Wrong Pose
f9bbc2ebd83c_rollout_task1_pick_up_the_black_bowl_next_to_the_ramekin_and_place_it_on_the_plate_failure_ep24_step115_20260413_074242,libero/train/f9bbc2ebd83c_rollout_task1_pick_up_the_black_bowl_next_to_the_ramekin_and_place_it_on_the_plate_failure_ep24_step115_20260413_074242.json,17e06c89c0c414f7c39c924b5f5133eb72b17edaab06d4a806e297ec15de907f,2d56668e92f5200924de83a244285bc0373fe37afc5587986e419680392de86a,115,115,libero_spatial/1,Approach,Stage Rollback
c40568d004e3_rollout_task3_pick_up_the_black_bowl_on_the_cookie_box_and_place_it_on_the_plate_failure_ep43_step91_20260413_074534,libero/train/c40568d004e3_rollout_task3_pick_up_the_black_bowl_on_the_cookie_box_and_place_it_on_the_plate_failure_ep43_step91_20260413_074534.json,d54946af2bee7d1d873dccf7591535a68d4f8359238766ad1fe6bac22cc660ad,908064684f0578e0814259672ba3279decd4817a829e17c40e7225315c31269b,91,91,libero_spatial/3,Approach,Stage Rollback
a6a28c8f9a7a_rollout_task4_pick_up_the_black_bowl_in_the_top_drawer_of_the_wooden_cabinet_and_place_it_on_t_failure_ep20_step64_20260413_074637,libero/train/a6a28c8f9a7a_rollout_task4_pick_up_the_black_bowl_in_the_top_drawer_of_the_wooden_cabinet_and_place_it_on_t_failure_ep20_step64_20260413_074637.json,2bd2c412df25e1a25bdc56d36aaeafb68ad880c620dee49f0e3db959bcabb9c8,08d528da568363b3d5f03fe446cabd4afce7cf552932df150f1e54f6f71a5ccc,64,64,libero_spatial/4,Approach,Wrong Pose
d8dd1e8c3f3c_rollout_task4_pick_up_the_black_bowl_in_the_top_drawer_of_the_wooden_cabinet_and_place_it_on_t_failure_ep27_step60_20260413_074734,libero/train/d8dd1e8c3f3c_rollout_task4_pick_up_the_black_bowl_in_the_top_drawer_of_the_wooden_cabinet_and_place_it_on_t_failure_ep27_step60_20260413_074734.json,8d1ca427b6c09224436f270d97e0180f3032041ddbe86adef81df26028c3ae7f,72bce69015539449f929c849460b1ed88861e9956c8dd9839348d43cc5bdedc5,60,60,libero_spatial/4,Approach,Wrong Pose
14b4483f377e_rollout_task7_pick_up_the_black_bowl_on_the_stove_and_place_it_on_the_plate_failure_ep33_step129_20260413_074932,libero/train/14b4483f377e_rollout_task7_pick_up_the_black_bowl_on_the_stove_and_place_it_on_the_plate_failure_ep33_step129_20260413_074932.json,9a3beb8a8535cf74a5183c55e8d012589feeba8721b55a673013b5ac91a0e349,6c6a2a12ed7bcd2941d389b13664ec68c3863ce3274879511849ca196f175c74,129,129,libero_spatial/7,Place,Wrong Pose
93d085334b4d_rollout_task8_pick_up_the_black_bowl_next_to_the_plate_and_place_it_on_the_plate_failure_ep43_step62_20260413_075139,libero/train/93d085334b4d_rollout_task8_pick_up_the_black_bowl_next_to_the_plate_and_place_it_on_the_plate_failure_ep43_step62_20260413_075139.json,54f6ce3232988070e38961d383bc712fc03cdca072a42641c1dacc1399d23667,10aeda1d3173a1ea354744647982798d0a297954e6ee0e0b8715aa27ec9adfab,62,62,libero_spatial/8,Approach,Wrong Pose
c372dda10318_rollout_task8_pick_up_the_black_bowl_next_to_the_plate_and_place_it_on_the_plate_failure_ep4_step60_20260413_075006,libero/train/c372dda10318_rollout_task8_pick_up_the_black_bowl_next_to_the_plate_and_place_it_on_the_plate_failure_ep4_step60_20260413_075006.json,b6d4d6453bcbbb5ebcd9513e776f7fdeb625d6c09aaa8d80a83c6ac3ae9c50f5,8a492bcab818c75192b5bc9317ff6e4bc2c54d01927828ae39031cd2a088137c,60,60,libero_spatial/8,Approach,Wrong Pose
c7c466b6f0ef_rollout_task9_pick_up_the_black_bowl_on_the_wooden_cabinet_and_place_it_on_the_plate_failure_ep41_step103_20260413_075304,libero/train/c7c466b6f0ef_rollout_task9_pick_up_the_black_bowl_on_the_wooden_cabinet_and_place_it_on_the_plate_failure_ep41_step103_20260413_075304.json,875abc330cbab7f6d745af7fb7b0563f2fabbbc31e494dbdb2bbc29d63fa82e7,f7c5f0353d330e9978fd01da7b780e7fa5d3e03cf2d8b3af154865ac150f9679,103,103,libero_spatial/9,Approach,Wrong Pose
715fdfbc8f84_rollout_put_both_moka_pots_on_the_stove_failure_ep12_step263_20260408_112153,libero/train/715fdfbc8f84_rollout_put_both_moka_pots_on_the_stove_failure_ep12_step263_20260408_112153.json,cb7f9b126ce8eca93afcc7e3d512a057a5f7f81abe855915fa253cdcb6a81f7b,3fdaa843f20768654bc15160f534d66316a7abf0373b3e71e2ec047ebc1c17a2,264,264,libero_10/8,Approach,Wrong Pose
4dcbd7033e6d_rollout_put_both_moka_pots_on_the_stove_failure_ep16_step186_20260408_112340,libero/train/4dcbd7033e6d_rollout_put_both_moka_pots_on_the_stove_failure_ep16_step186_20260408_112340.json,9d784b370b837d94d40087fe8a398b4c8973749c69b3f2eac7808c3cd633aade,f2a787f6d7099f3595a71a4eb61b9003e919ecf6c094edc38746ceaec82fd8ab,187,187,libero_10/8,Move,Wrong Pose
fb820689762f_rollout_put_both_moka_pots_on_the_stove_failure_ep28_step289_20260408_113508,libero/train/fb820689762f_rollout_put_both_moka_pots_on_the_stove_failure_ep28_step289_20260408_113508.json,2b3beefa761df45e74d85864f0bee183e82be2b5604cbed95739ad5807eca7d9,0f70ace9e1ecf918d6969a4d5c16d96bade7d2ae3ee16eb5ba8cc582be366a50,290,290,libero_10/8,Approach,Wrong Pose
27d14a2f0c1d_rollout_put_both_moka_pots_on_the_stove_failure_ep31_step260_20260408_113548,libero/train/27d14a2f0c1d_rollout_put_both_moka_pots_on_the_stove_failure_ep31_step260_20260408_113548.json,d7c2d27e6005f7f55359c83cbab388fbc5fdb2412709e93dbb0a50f88d699232,1591dd7a8873f70875fcfe4d43725dcf500b8a22c3d4c402b38047ffaa5c5bb4,261,261,libero_10/8,Place,Wrong Pose
a3b9218ca47b_rollout_put_both_moka_pots_on_the_stove_failure_ep34_step314_20260408_113607,libero/train/a3b9218ca47b_rollout_put_both_moka_pots_on_the_stove_failure_ep34_step314_20260408_113607.json,34a8ed598a904ec00f66eac62141bf5c6ca05ffbf7596f453c172293c0e36026,ed72d05b3cffabd00eb2269f01fb90731d1e1493bcd7e7f4760e9b403cd980c4,315,315,libero_10/8,Move,Wrong Pose
b2971e189698_rollout_put_both_moka_pots_on_the_stove_failure_ep35_step296_20260408_113721,libero/train/b2971e189698_rollout_put_both_moka_pots_on_the_stove_failure_ep35_step296_20260408_113721.json,acba3ad3044055510e2823f71f9c6c04bd59d9323230f016c1b22ae2474ea2c1,da65fc06ad2bc2367b11d930298e18ab76cf655b574d9b1d325e3c0b97474386,297,297,libero_10/8,Approach,Wrong Pose
a00c3d79bf7a_rollout_put_both_moka_pots_on_the_stove_failure_ep38_step131_20260408_113758,libero/train/a00c3d79bf7a_rollout_put_both_moka_pots_on_the_stove_failure_ep38_step131_20260408_113758.json,0f389e03db51c97b3b2cc69ea21d85ab697387fa8372a04d7f6811754b1754cb,0bf8afead3109b73f0876c354a095db8329f809753cd710c8dc0599434e27ec4,132,132,libero_10/8,Move,Wrong Pose
d2ec1c7dff9a_rollout_put_both_moka_pots_on_the_stove_failure_ep44_step198_20260408_113902,libero/train/d2ec1c7dff9a_rollout_put_both_moka_pots_on_the_stove_failure_ep44_step198_20260408_113902.json,a6a19de24cb7ec46ed300f911e2ce8a4025935418ce111c8d1b969dae1a33af0,bd10473410f3c305b41f1656409d6a68cd9daa1c3483cdeb3f4b12576ecabc6e,199,199,libero_10/8,Place,Wrong Pose
22558d92dfba_rollout_put_both_moka_pots_on_the_stove_failure_ep49_step415_20260408_113956,libero/train/22558d92dfba_rollout_put_both_moka_pots_on_the_stove_failure_ep49_step415_20260408_113956.json,6dc8072f30bcf6e226be435f937dfbdbb9ab9a8259046c491d03811bcc295b44,91bfe91fec5a5fe588087c162064155a79663d391048e0f7f0c21b8f9e32a562,416,416,libero_10/8,Approach,Wrong Pose
b676ca6e82f1_rollout_put_both_the_alphabet_soup_and_the_tomato_sauce_in_the_basket_failure_ep18_step42_20260408_110049,libero/train/b676ca6e82f1_rollout_put_both_the_alphabet_soup_and_the_tomato_sauce_in_the_basket_failure_ep18_step42_20260408_110049.json,b603d4d62a41d41eaf7ceee1588d379215e08a41053a0edf86e3309eabaec9af,47ef982a56f796e6c31290ebc3cf13c5bf3170cd5fab853180d2ad9d92e6c677,43,43,libero_10/0,Approach,Wrong Pose
07e587ef9d14_rollout_put_the_white_mug_on_the_plate_and_put_the_chocolate_pudding_to_the_right_of_the_plate_failure_ep23_step231_20260408_114236,libero/train/07e587ef9d14_rollout_put_the_white_mug_on_the_plate_and_put_the_chocolate_pudding_to_the_right_of_the_plate_failure_ep23_step231_20260408_114236.json,79aedefc7b514f5979570cdb8051d88f602ebec35045cb0303706b48e915f5ce,f1066fc6c2b2e76ae4c54361b98b89c50a808210c86e65bcac9708eeb851bfd2,232,232,libero_10/6,Place,Wrong Pose
60eab07e9867_rollout_turn_on_the_stove_and_put_the_moka_pot_on_it_failure_ep35_step258_20260408_110532,libero/train/60eab07e9867_rollout_turn_on_the_stove_and_put_the_moka_pot_on_it_failure_ep35_step258_20260408_110532.json,e2f154442723c5c3e8a75642c05377d54fdcbe74ab1d70cf2b05512889029e03,104ab6534e7292b78a202d5ca1e19a32daa2aa6668e7e2c01ca2985c69229548,259,259,libero_10/2,Approach,Wrong Pose
b56113639843_rollout_turn_on_the_stove_and_put_the_moka_pot_on_it_failure_ep38_step167_20260408_110559,libero/train/b56113639843_rollout_turn_on_the_stove_and_put_the_moka_pot_on_it_failure_ep38_step167_20260408_110559.json,58e6bbd5e2e90ae6f3d4115ad209b46a1a89bc529093973196d3cc24b06b4828,c949c30cf9ebdf8e6090ca027a18e617bcbffc0c7d73c12c3ab61e63b728e99e,168,168,libero_10/2,Approach,Wrong Pose
ddb2a3140feb_rollout_turn_on_the_stove_and_put_the_moka_pot_on_it_failure_ep47_step166_20260408_111747,libero/train/ddb2a3140feb_rollout_turn_on_the_stove_and_put_the_moka_pot_on_it_failure_ep47_step166_20260408_111747.json,ec5658137a8645d4ff02f8d1e35942d9f9eb70df458a469aa4b61f2b5d7fe5cc,827ba5c9802c192128cae53cf0aade27ae8952018af6d6d78cc4f76acace5dc9,167,167,libero_10/2,Approach,Wrong Pose
cfac6e7c8bb1_rollout_put_the_wine_bottle_on_top_of_the_cabinet_failure_ep17_step34_20260408_114635,libero/train/cfac6e7c8bb1_rollout_put_the_wine_bottle_on_top_of_the_cabinet_failure_ep17_step34_20260408_114635.json,9f93436ff3d32316fea529c8a43794e3d2c785b52d3f1d2870ef7117f4fae23b,97d14c97ad28f51b9820bff00dbe22266519ccd8ab8ff481fb5b94924fdf046b,35,35,libero_goal/2,Approach,Wrong Pose
5b5bb49d1a24_rollout_put_the_wine_bottle_on_top_of_the_cabinet_failure_ep26_step34_20260408_114707,libero/train/5b5bb49d1a24_rollout_put_the_wine_bottle_on_top_of_the_cabinet_failure_ep26_step34_20260408_114707.json,a3d66dd036b63a548767c3412595f4af839ec0b1c316e8daa232ba36b87e24b7,a4055a68f7e5af85da7287c65a9a52d2d43e94d59ec132d48379ed263b9a49f7,35,35,libero_goal/2,Approach,Wrong Pose
09cc7dd4b27f_rollout_put_the_wine_bottle_on_top_of_the_cabinet_failure_ep43_step40_20260408_114755,libero/train/09cc7dd4b27f_rollout_put_the_wine_bottle_on_top_of_the_cabinet_failure_ep43_step40_20260408_114755.json,4723e9eb48d93f08dc780cfa52f1bc3d7aca32cde18656274f140cbf9019715d,661f0aaaa73e7bcafabdd4fcd95fa15a44b5181f23ae68813cdb40e3954f661b,41,41,libero_goal/2,Approach,Wrong Pose
b5e6b7efce91_rollout_pick_up_the_black_bowl_in_the_top_drawer_of_the_wooden_cabinet_and_place_it_on_the_plate_failure_ep25_step39_20260408_115211,libero/train/b5e6b7efce91_rollout_pick_up_the_black_bowl_in_the_top_drawer_of_the_wooden_cabinet_and_place_it_on_the_plate_failure_ep25_step39_20260408_115211.json,23708e00a03ff28503479fbfe377afc2f9f72f0e655496e8786108791171d6aa,56ea6c80b17c7128b99b13c6237a2c8368e72a36bbfa3db637815a75a4b796f9,40,40,libero_spatial/4,Approach,Wrong Pose
3e2588e1adb2_rollout_pick_up_the_black_bowl_on_the_ramekin_and_place_it_on_the_plate_failure_ep19_step96_20260408_132310,libero/train/3e2588e1adb2_rollout_pick_up_the_black_bowl_on_the_ramekin_and_place_it_on_the_plate_failure_ep19_step96_20260408_132310.json,97fecb44933847c12971d803dcf64416f1b456c1d1c1cb8c71ed57ed2b5d1cb7,c9730bae1c3979e2b127f1059f00051d54e4e56cc21ed84227016d56d66cffd6,97,97,libero_spatial/5,Approach,Stage Rollback
31d952993126_rollout_pick_up_the_black_bowl_on_the_ramekin_and_place_it_on_the_plate_failure_ep22_step90_20260408_115525,libero/train/31d952993126_rollout_pick_up_the_black_bowl_on_the_ramekin_and_place_it_on_the_plate_failure_ep22_step90_20260408_115525.json,e93957047d1148655c187a257ef43e1466911f999e35ae8bbd003f8fc877ca93,3b6bbf1c1d43f66c2ca063054ab93ed955c31e4c7cf3d2ebed25862eb7cb98f2,91,91,libero_spatial/5,Place,Wrong Pose
dd70e495d1c6_rollout_pick_up_the_black_bowl_on_the_ramekin_and_place_it_on_the_plate_failure_ep27_step25_20260408_115539,libero/train/dd70e495d1c6_rollout_pick_up_the_black_bowl_on_the_ramekin_and_place_it_on_the_plate_failure_ep27_step25_20260408_115539.json,4b26bec44bf1004947b0d032d1e1ef307378e8c0ab14f4863e9f4c95d23716c6,07f8dba1c5b56e73582fc536eeb695b08c017682ffd9e760f2c8eaf7ba8f2bf5,26,26,libero_spatial/5,Approach,Wrong Target
02e19b231298_rollout_pick_up_the_black_bowl_on_the_ramekin_and_place_it_on_the_plate_failure_ep42_step21_20260408_115653,libero/train/02e19b231298_rollout_pick_up_the_black_bowl_on_the_ramekin_and_place_it_on_the_plate_failure_ep42_step21_20260408_115653.json,e33fb96d5b7c54f7f4547812d348a4312aca4b1f280d41894a841adddc9a1b59,ca207591bb87c01efcc1ad76c8e0b29b8d094718fad53147abdf249c54d15cf9,22,22,libero_spatial/5,Approach,Wrong Target
b521341e2daf_rollout_pick_up_the_book_and_place_it_in_the_back_compartment_of_the_caddy_failure_ep14_step179_20260408_092932,libero/train/b521341e2daf_rollout_pick_up_the_book_and_place_it_in_the_back_compartment_of_the_caddy_failure_ep14_step179_20260408_092932.json,8e3f3dc4b4790dff26e413c93834218eccdbf7c3188510410e82cfbee6533eec,4dd402ba6229867afeddf605ad68b76f2edb2aa2c07a84c5e38a12a20bea4a93,180,180,libero_10/5,Place,Wrong Pose
a70ada22305f_rollout_pick_up_the_book_and_place_it_in_the_back_compartment_of_the_caddy_failure_ep44_step57_20260408_092944,libero/train/a70ada22305f_rollout_pick_up_the_book_and_place_it_in_the_back_compartment_of_the_caddy_failure_ep44_step57_20260408_092944.json,dee1e7de681a4a4c775e56727872ba2335dd0a61cc4707e5a7fedd80c636fb58,4e43df67ca797196b330bf6e896c6521b6708d1016d9f114d59b3b56569b3d59,58,58,libero_10/5,Approach,Wrong Pose
41b3e0049866_rollout_put_both_moka_pots_on_the_stove_failure_ep11_step221_20260408_093807,libero/train/41b3e0049866_rollout_put_both_moka_pots_on_the_stove_failure_ep11_step221_20260408_093807.json,1ddad76110c439c0122b14b04feb5f0e21c4f33ed2c50cb503bfa62e6a79534a,891c8055e47fa0613b1bc47b0fa578309f928838afb6f89ad0dfa1cebfeed337,222,222,libero_10/8,Place,Wrong Pose
ff3fa04128fd_rollout_put_both_moka_pots_on_the_stove_failure_ep14_step402_20260408_093905,libero/train/ff3fa04128fd_rollout_put_both_moka_pots_on_the_stove_failure_ep14_step402_20260408_093905.json,0355dca74c4ba752ce7053bc42a40e4e77f37b30848b8f4dd1c884ec8d771e9d,d0027221b7eb678bfbe60975aa54796c1b948fe5ae7d34d0eee5cb46f336628c,403,403,libero_10/8,Place,Wrong Pose
8f15b332000d_rollout_put_both_moka_pots_on_the_stove_failure_ep16_step89_20260408_093920,libero/train/8f15b332000d_rollout_put_both_moka_pots_on_the_stove_failure_ep16_step89_20260408_093920.json,9968401acc778c26e9e5f04c930bf816d20dabd50b199d0d73e25509884ff045,54e04bdb5c265fdbd02d16b67f7382eda7c4cc8df549cdfe62709e25184e043e,90,90,libero_10/8,Approach,Wrong Pose
1b1a5b325a4d_rollout_put_both_moka_pots_on_the_stove_failure_ep18_step211_20260408_093958,libero/train/1b1a5b325a4d_rollout_put_both_moka_pots_on_the_stove_failure_ep18_step211_20260408_093958.json,313bd5050633cb13e39d30a6ea349c8cf85c4ce9fe10e6c5a29c073b6f9ccfa3,8d3524076d14f56e014d2a4877bcd2ca63130ca3300425c368379181a69c741a,212,212,libero_10/8,Approach,Wrong Pose
3666c195db25_rollout_put_both_moka_pots_on_the_stove_failure_ep20_step47_20260408_094127,libero/train/3666c195db25_rollout_put_both_moka_pots_on_the_stove_failure_ep20_step47_20260408_094127.json,abb4c4695dcbe51835acef78e938eb2fb5c8155f118146e6470e740a12d8f06c,cb71532c115ab0e9dbd75d8e7c5aa95cf2de53537883dc5539e5a626da08d6b9,48,48,libero_10/8,Approach,Wrong Pose
6738f08e499a_rollout_put_both_moka_pots_on_the_stove_failure_ep27_step269_20260408_094236,libero/train/6738f08e499a_rollout_put_both_moka_pots_on_the_stove_failure_ep27_step269_20260408_094236.json,5ee1cd58a658e5de58de9ded3c56cec018b36155bb87acbf39bd47cdc2748c9a,31e0b4cfa1601d3c63af98378f0570342e75772b79fba826963c944b74fb108d,270,270,libero_10/8,Approach,Wrong Pose
a5d7be7d6fb1_rollout_put_both_moka_pots_on_the_stove_failure_ep29_step284_20260408_094307,libero/train/a5d7be7d6fb1_rollout_put_both_moka_pots_on_the_stove_failure_ep29_step284_20260408_094307.json,e65a9f6c483967baffbeb414d2f16a0b0d3cf272c71f67f3440291e7c4178ce1,f0e404e0051353a92adf80358e0df4f42805905bf1f723966fb64ed7436d8d29,285,285,libero_10/8,Place,Wrong Pose
42d9414f56d7_rollout_put_both_moka_pots_on_the_stove_failure_ep32_step317_20260408_094346,libero/train/42d9414f56d7_rollout_put_both_moka_pots_on_the_stove_failure_ep32_step317_20260408_094346.json,53e34e313ec52093c0eb6a76fa782edd73cb0c110af6dcd16ee87f300cccc27a,9188ef9702d8297b37bb488515e12ad25a2dd3a1b40cdb45ffd4d9d6424f8782,318,318,libero_10/8,Approach,Wrong Pose
fc2b6c14d28d_rollout_put_both_moka_pots_on_the_stove_failure_ep36_step88_20260408_094515,libero/train/fc2b6c14d28d_rollout_put_both_moka_pots_on_the_stove_failure_ep36_step88_20260408_094515.json,567e509fda7fbb98e4b4605bcfbae60805c9e137f401ef5a3a440120fa8e3ea5,761fcee8f0378c3d0b7b29f24c172aa3c8a5b1b115def7942f0ae151f53c3950,89,89,libero_10/8,Approach,Wrong Pose
fdac84096c1f_rollout_put_both_moka_pots_on_the_stove_failure_ep42_step283_20260408_094833,libero/train/fdac84096c1f_rollout_put_both_moka_pots_on_the_stove_failure_ep42_step283_20260408_094833.json,5cdba5e4f901887b6e797c8d3e48bdb4cb0c4aaa64adb2b03aaea8df02abe897,ecee32f1cbd2e11f2578b807033e9c98af5770e8f5cc49b4aa2b97025678879a,284,284,libero_10/8,Approach,Wrong Pose
b32601e10625_rollout_put_both_moka_pots_on_the_stove_failure_ep43_step377_20260408_094901,libero/train/b32601e10625_rollout_put_both_moka_pots_on_the_stove_failure_ep43_step377_20260408_094901.json,c8dbada76577627e0a4efbc0a69cee40f1fb8e0db7ae2eab3ea42ea3e403937c,faf3fb3c954994bd6f2bff65330b2dc9a1073a7e53a98d9f11d4072b0bb8a904,378,378,libero_10/8,Approach,Wrong Pose
34b1fbe84de6_rollout_put_both_moka_pots_on_the_stove_failure_ep46_step70_20260408_095019,libero/train/34b1fbe84de6_rollout_put_both_moka_pots_on_the_stove_failure_ep46_step70_20260408_095019.json,d9fa0a970103619c1e35fb9e2dc80b8619ec08b22de30d26b290c5d4cbebbd26,8bf8fa11cff5c5f729a9cebea9f92fcec006c7988a5a093681330d103cdc16aa,71,71,libero_10/8,Approach,Wrong Pose
5c7eceb742dc_rollout_put_both_moka_pots_on_the_stove_failure_ep4_step231_20260408_094801,libero/train/5c7eceb742dc_rollout_put_both_moka_pots_on_the_stove_failure_ep4_step231_20260408_094801.json,133b9531a5965f1026730976135612326c89145e0d1b61e319bdb165c5c339e6,efd6a9f167f8925a8dc0e805607008525fd638cface9d9f0d605d3ae0c647900,232,232,libero_10/8,Place,Wrong Pose
5bfde6476926_rollout_put_both_moka_pots_on_the_stove_failure_ep5_step360_20260408_095109,libero/train/5bfde6476926_rollout_put_both_moka_pots_on_the_stove_failure_ep5_step360_20260408_095109.json,f2df4228bd124fe624463eb10260fc3feae9772a42f95ddc5661617a60250a0b,97fa716496a164e6b514fb2024542a211f9620f1f7b081a9637e90cd2253aff7,361,361,libero_10/8,Approach,Wrong Pose
441619721c17_rollout_put_both_moka_pots_on_the_stove_failure_ep9_step337_20260408_095647,libero/train/441619721c17_rollout_put_both_moka_pots_on_the_stove_failure_ep9_step337_20260408_095647.json,4b311ae85f9459a0db5abbffde9e7522705e5841dbc511ad56dba022af329c5a,aa07feca5c9dd13fc2661ffdd013bea3e264d348d529e73e171119f5622179b2,338,338,libero_10/8,Approach,Wrong Pose
07ffc84a22cd_rollout_put_both_the_alphabet_soup_and_the_cream_cheese_box_in_the_basket_failure_ep4_step61_20260408_100359,libero/train/07ffc84a22cd_rollout_put_both_the_alphabet_soup_and_the_cream_cheese_box_in_the_basket_failure_ep4_step61_20260408_100359.json,2659c7b889c018f52adf7b8952618e57038f8a34615f85900e2fd24e4207c14d,8ce6359a5ba416e0819d7722b57e8e987e4f7ee33b04b60a8518d752632d2315,62,62,libero_10/7,Approach,Wrong Pose
c89f8a4c8fa3_rollout_put_both_the_alphabet_soup_and_the_tomato_sauce_in_the_basket_failure_ep33_step53_20260408_090359,libero/train/c89f8a4c8fa3_rollout_put_both_the_alphabet_soup_and_the_tomato_sauce_in_the_basket_failure_ep33_step53_20260408_090359.json,b83e4aaf530a34f1a7b6d8748e9c3a08c888586eb56d544e28e15b23c0491055,3afde8809c8ce2e353667ba78f43e5e1ece0a92eef9fef05f7373182db187960,54,54,libero_10/0,Approach,Wrong Pose
462b9ef76194_rollout_put_both_the_alphabet_soup_and_the_tomato_sauce_in_the_basket_failure_ep37_step264_20260408_091018,libero/train/462b9ef76194_rollout_put_both_the_alphabet_soup_and_the_tomato_sauce_in_the_basket_failure_ep37_step264_20260408_091018.json,a7ee3964a2146870501ab595cfa34befc163844f307aa2e4e498d2d2796c8fa1,f1a9a70606121003580487932292a41020e9bd05b237865f6f07690d7fc3937e,265,265,libero_10/0,Approach,Stage Rollback
cd96dbfea9df_rollout_put_both_the_alphabet_soup_and_the_tomato_sauce_in_the_basket_failure_ep41_step309_20260408_091350,libero/train/cd96dbfea9df_rollout_put_both_the_alphabet_soup_and_the_tomato_sauce_in_the_basket_failure_ep41_step309_20260408_091350.json,a3fd526bea735f58864b39ea178ac7f72ae2a3c20bb48d5a45ccaa4d77882060,94535292c168d011cce9df0ad07f428c0d767fe272add6ff824999b972a87f84,310,310,libero_10/0,Approach,Wrong Pose
8528fb6d2e0c_rollout_put_both_the_alphabet_soup_and_the_tomato_sauce_in_the_basket_failure_ep43_step233_20260408_091430,libero/train/8528fb6d2e0c_rollout_put_both_the_alphabet_soup_and_the_tomato_sauce_in_the_basket_failure_ep43_step233_20260408_091430.json,429c9f341776b1a601e58d4bd02e76dd7942081ca7b3a31bdd4a5410d5af548d,ac037e20011a909642d6a94d27d8133fd06fcac74d71c2ac04c13d5ac10e7bd1,234,234,libero_10/0,Approach,Wrong Pose
8f30cbe98203_rollout_put_both_the_alphabet_soup_and_the_tomato_sauce_in_the_basket_failure_ep49_step201_20260408_091539,libero/train/8f30cbe98203_rollout_put_both_the_alphabet_soup_and_the_tomato_sauce_in_the_basket_failure_ep49_step201_20260408_091539.json,f4f260fbeb41ac98f69b519e72855af7f635c5a9ab0181befe1207afacc3a1f3,2e22a41620fdc6f07c0738cdf5df4fffbad831cf247a7c353859cc9127cc4d89,202,202,libero_10/0,Approach,Wrong Target
b0d84aadb073_rollout_put_both_the_alphabet_soup_and_the_tomato_sauce_in_the_basket_failure_ep4_step57_20260408_091049,libero/train/b0d84aadb073_rollout_put_both_the_alphabet_soup_and_the_tomato_sauce_in_the_basket_failure_ep4_step57_20260408_091049.json,958f722cfd1a296e27595ff0f871e820dd9cd5316195a1bfb5111b4d3e31f785,1ecd723d9df4b874fac28e04e3934993a130250f6ecd554cdb48fb78b67ea701,58,58,libero_10/0,Approach,Wrong Pose
e5e30ca33914_rollout_put_both_the_alphabet_soup_and_the_tomato_sauce_in_the_basket_failure_ep6_step246_20260408_091618,libero/train/e5e30ca33914_rollout_put_both_the_alphabet_soup_and_the_tomato_sauce_in_the_basket_failure_ep6_step246_20260408_091618.json,99d465f84d0b385d14e851f63037564175df05eab644a8485f919dbd5417dc56,635173c176de070a65348cb91bc47f9cd1cbf15e77d380923e8ecfb835ae2a0a,247,247,libero_10/0,Approach,Wrong Pose
fde9278a77ea_rollout_put_both_the_cream_cheese_box_and_the_butter_in_the_basket_failure_ep17_step88_20260408_091657,libero/train/fde9278a77ea_rollout_put_both_the_cream_cheese_box_and_the_butter_in_the_basket_failure_ep17_step88_20260408_091657.json,5e55b957d03dd6fd7d38c47e5db181cd3c6fb179f2e552c568f6a7c19fcfeb02,3029745916f4cd7b155a19083d044963791865ae32e54bd92b86e61774f8c61c,89,89,libero_10/1,Approach,Wrong Target
84bbe8c6aa3c_rollout_put_both_the_cream_cheese_box_and_the_butter_in_the_basket_failure_ep32_step455_20260408_091845,libero/train/84bbe8c6aa3c_rollout_put_both_the_cream_cheese_box_and_the_butter_in_the_basket_failure_ep32_step455_20260408_091845.json,10e699dcc251b66971e4680d4e8645e852fc8a6481008017ef1f96e0f12e3004,608285df0cf56b53d3117fe202028fddc508698a03d91fed9463b20c71459824,456,456,libero_10/1,Place,Scene Change
72c731fe02ae_rollout_put_both_the_cream_cheese_box_and_the_butter_in_the_basket_failure_ep43_step185_20260408_091941,libero/train/72c731fe02ae_rollout_put_both_the_cream_cheese_box_and_the_butter_in_the_basket_failure_ep43_step185_20260408_091941.json,7c26acf0ebe2a463cd35bf43caa676a5dea824acf2d54432c819da34d05663ed,0e9ff8c6e27b466cb7f85d0004cdd261ca4bdf41b9400168659b0436edeb5e04,186,186,libero_10/1,Approach,Wrong Pose
228bd5c7c43c_rollout_put_the_white_mug_on_the_left_plate_and_put_the_yellow_and_white_mug_on_the_right_plate_failure_ep18_step91_20260408_093415,libero/train/228bd5c7c43c_rollout_put_the_white_mug_on_the_left_plate_and_put_the_yellow_and_white_mug_on_the_right_plate_failure_ep18_step91_20260408_093415.json,5b6479bb4a581a746ae81a0096ec5b53a848d3458d06ff4b11166a57f1a36495,45d212da46e2ad2deb2acf18a3afa79bc0706d58872d53d23a5b997facb7f4f9,92,92,libero_10/4,Place,Wrong Pose
f3c7867bf3cb_rollout_put_the_white_mug_on_the_left_plate_and_put_the_yellow_and_white_mug_on_the_right_plate_failure_ep49_step95_20260408_093512,libero/train/f3c7867bf3cb_rollout_put_the_white_mug_on_the_left_plate_and_put_the_yellow_and_white_mug_on_the_right_plate_failure_ep49_step95_20260408_093512.json,560c32bae610e14fb500809562816caa681d4dcf47289844cf868263615203e8,ac7b5b34c8c2192c76b28ca232542b2b1a5cbe2e92b0f28ac029e1c2b526520e,96,96,libero_10/4,Place,Wrong Pose
18bf25621e42_rollout_put_the_white_mug_on_the_left_plate_and_put_the_yellow_and_white_mug_on_the_right_plate_failure_ep6_step78_20260408_093538,libero/train/18bf25621e42_rollout_put_the_white_mug_on_the_left_plate_and_put_the_yellow_and_white_mug_on_the_right_plate_failure_ep6_step78_20260408_093538.json,a1dc96a52f70795c904fc3c43d27f3d9ac2a0bd564624dcf8e718c75ec187590,6e0549beaa1169d1796e1db8e87d080286e62f792aa260ec9021ae1281596141,79,79,libero_10/4,Place,Wrong Pose
918b016cb4a8_rollout_put_the_white_mug_on_the_plate_and_put_the_chocolate_pudding_to_the_right_of_the_plate_failure_ep11_step105_20260408_100624,libero/train/918b016cb4a8_rollout_put_the_white_mug_on_the_plate_and_put_the_chocolate_pudding_to_the_right_of_the_plate_failure_ep11_step105_20260408_100624.json,b61202105cf10d3ce9165ff364a613d269d24e4989a348cdbecb29d85ed293bd,549ebe949b0a4fa30ded28b8ae5e4d4b35299a1aeb657903c923beb0fe8df34e,106,106,libero_10/6,Place,Wrong Pose
113fc5355101_rollout_put_the_white_mug_on_the_plate_and_put_the_chocolate_pudding_to_the_right_of_the_plate_failure_ep15_step192_20260408_100708,libero/train/113fc5355101_rollout_put_the_white_mug_on_the_plate_and_put_the_chocolate_pudding_to_the_right_of_the_plate_failure_ep15_step192_20260408_100708.json,2ae2728f90aaa54b8deb2273bb9b03f2876ccbbf097da43aa5c9442a3f865c57,bfa445cbab23ba907b650efb18e501a1fc5adf12d537c40d5c073350f8c6cf0a,193,193,libero_10/6,Approach,Wrong Pose
b0f53c61ef65_rollout_put_the_white_mug_on_the_plate_and_put_the_chocolate_pudding_to_the_right_of_the_plate_failure_ep20_step168_20260408_100753,libero/train/b0f53c61ef65_rollout_put_the_white_mug_on_the_plate_and_put_the_chocolate_pudding_to_the_right_of_the_plate_failure_ep20_step168_20260408_100753.json,3b81dadfeadf34c45fc5c8506b9b916c572860576fe0c3a2e26e5298c7e012bc,139c6f22d7a39321a66f40c18ead101c6876430eae1e3a3af44feb7605e51222,169,169,libero_10/6,Place,Wrong Pose
a4efb93aa791_rollout_put_the_white_mug_on_the_plate_and_put_the_chocolate_pudding_to_the_right_of_the_plate_failure_ep28_step190_20260408_100824,libero/train/a4efb93aa791_rollout_put_the_white_mug_on_the_plate_and_put_the_chocolate_pudding_to_the_right_of_the_plate_failure_ep28_step190_20260408_100824.json,78366890815c9d5729b5cae7feeefc1a0507a190446a81982f9e6b95d6cca5e3,882511327d9dcfabdc29107ff5ef615463420af620969c497823d9acbcbd1fa2,191,191,libero_10/6,Approach,Wrong Pose
38c1318160ea_rollout_put_the_white_mug_on_the_plate_and_put_the_chocolate_pudding_to_the_right_of_the_plate_failure_ep30_step177_20260408_100846,libero/train/38c1318160ea_rollout_put_the_white_mug_on_the_plate_and_put_the_chocolate_pudding_to_the_right_of_the_plate_failure_ep30_step177_20260408_100846.json,86635ec8bf946582ece156b43e04812ed4d0cfa11d1fab1fb807be10ea005bd5,168c75853a1bffe5fb38293d4e6f6c3c94dc54718a9b6016b7f437aa806a3cf3,178,178,libero_10/6,Approach,Wrong Pose
8bb2ceaf4ebd_rollout_put_the_white_mug_on_the_plate_and_put_the_chocolate_pudding_to_the_right_of_the_plate_failure_ep31_step184_20260408_100857,libero/train/8bb2ceaf4ebd_rollout_put_the_white_mug_on_the_plate_and_put_the_chocolate_pudding_to_the_right_of_the_plate_failure_ep31_step184_20260408_100857.json,f3d0cad3045673de65bca6d6d8a6020b88c915405d589e126782548d949efd57,02b1a1788b3d9f1fdc05f1712f28ce5d86ab36e1449a6416a63810e5e1311d86,185,185,libero_10/6,Place,Wrong Pose
78b5abab067e_rollout_put_the_white_mug_on_the_plate_and_put_the_chocolate_pudding_to_the_right_of_the_plate_failure_ep36_step251_20260408_101026,libero/train/78b5abab067e_rollout_put_the_white_mug_on_the_plate_and_put_the_chocolate_pudding_to_the_right_of_the_plate_failure_ep36_step251_20260408_101026.json,00daabfd10f3b10fb25a855de29802b683621c1eb29b30ef1745d8ceb05f0ca5,38caf532d472eba749900434640ecc7e84e6018deeaa4a04deb383abebe8427f,252,252,libero_10/6,Place,Wrong Pose
cd3d41dab3a8_rollout_put_the_white_mug_on_the_plate_and_put_the_chocolate_pudding_to_the_right_of_the_plate_failure_ep40_step221_20260408_101115,libero/train/cd3d41dab3a8_rollout_put_the_white_mug_on_the_plate_and_put_the_chocolate_pudding_to_the_right_of_the_plate_failure_ep40_step221_20260408_101115.json,b1ac449c32529594087574ae796f14c785e2753774cef359e0556a382bef05ec,5a3ab3377b678ef1795bb3c4219aaba94114c4d924b02bca333ecfdb8c91484f,222,222,libero_10/6,Approach,Wrong Pose
fb42b7a55568_rollout_put_the_white_mug_on_the_plate_and_put_the_chocolate_pudding_to_the_right_of_the_plate_failure_ep7_step100_20260408_101201,libero/train/fb42b7a55568_rollout_put_the_white_mug_on_the_plate_and_put_the_chocolate_pudding_to_the_right_of_the_plate_failure_ep7_step100_20260408_101201.json,13e1884f09f41b7de92fa81642007a79944a65c4104f940e9bc4feb72f0e433f,d704729f3fca1e316058264abe6b9ab15bc1e388658e844cbee2ce12e314d307,101,101,libero_10/6,Place,Wrong Pose
091c2b15b9aa_rollout_put_the_white_mug_on_the_plate_and_put_the_chocolate_pudding_to_the_right_of_the_plate_failure_ep9_step184_20260408_101217,libero/train/091c2b15b9aa_rollout_put_the_white_mug_on_the_plate_and_put_the_chocolate_pudding_to_the_right_of_the_plate_failure_ep9_step184_20260408_101217.json,33a1354791c47c651ee5f9dfc45942d1d2f84a14ff54cdecb02a0ad37cc0000a,ff8bbee600ae599d999a264ab6a2dc615fb8b563cdb608316b904c6a7576108f,185,185,libero_10/6,Approach,Wrong Pose
ccde64bd27d3_rollout_put_the_yellow_and_white_mug_in_the_microwave_and_close_it_failure_ep16_step129_20260408_101343,libero/train/ccde64bd27d3_rollout_put_the_yellow_and_white_mug_in_the_microwave_and_close_it_failure_ep16_step129_20260408_101343.json,f8ef70f2fb887e324d2404080c35fda0dd56abc105a5a409ce5cf8137f08d821,9eaa4c5a370fc38f4a2e269321caf6dfe40a18c78481a6034016a40512819e15,130,130,libero_10/9,Move,Wrong Pose
e658c7a3192b_rollout_put_the_yellow_and_white_mug_in_the_microwave_and_close_it_failure_ep37_step70_20260408_101423,libero/train/e658c7a3192b_rollout_put_the_yellow_and_white_mug_in_the_microwave_and_close_it_failure_ep37_step70_20260408_101423.json,af659fa24f91c3a951ae1947f4f52c1f9da7b3c104852d939bae6f431e85ddc9,7cf95799c51e861b817c20e53ba55c2887d2c56056b6d85b411074fb2aa36273,71,71,libero_10/9,Approach,Wrong Pose
3c3d09f478f7_rollout_put_the_yellow_and_white_mug_in_the_microwave_and_close_it_failure_ep38_step250_20260408_101519,libero/train/3c3d09f478f7_rollout_put_the_yellow_and_white_mug_in_the_microwave_and_close_it_failure_ep38_step250_20260408_101519.json,95c5a7ea9c357ac4e48ec8d523170ff584ea3eeb2b92d30784b8b0d16fd0e7e7,df7867dade6daac5cf066d5ebfbb661e2e9179e31249953621aaa4c8e48ad022,251,251,libero_10/9,Place,Wrong Pose
f342ed3f99b2_rollout_put_the_yellow_and_white_mug_in_the_microwave_and_close_it_failure_ep46_step148_20260408_101605,libero/train/f342ed3f99b2_rollout_put_the_yellow_and_white_mug_in_the_microwave_and_close_it_failure_ep46_step148_20260408_101605.json,6db72df7bb358a480039ca836fb6950b290bb4eb4793e9174cf16e73b635cda2,c8f7f98a82683d21b7d69ce692f53bb9b9e6b2f34a6ba4871b8e67e84e419a0c,149,149,libero_10/9,Place,Wrong Pose
0712aca28fc2_rollout_put_the_yellow_and_white_mug_in_the_microwave_and_close_it_failure_ep8_step155_20260408_101637,libero/train/0712aca28fc2_rollout_put_the_yellow_and_white_mug_in_the_microwave_and_close_it_failure_ep8_step155_20260408_101637.json,22b614b35f65d596f7b626c5e8acfbcb11b457b1fd556079f9d7f0d71634b7a4,eea659e8d1be28ea61125615ac89cce680f40981514a87edd2a5c63e4fb0e209,156,156,libero_10/9,Place,Wrong Pose
27d94fdf6142_rollout_turn_on_the_stove_and_put_the_moka_pot_on_it_failure_ep11_step171_20260408_092059,libero/train/27d94fdf6142_rollout_turn_on_the_stove_and_put_the_moka_pot_on_it_failure_ep11_step171_20260408_092059.json,9136491b9528286b3bb7aa4901cc234e1923d984da38c5f4b6c0d8a47a39e10f,685282b38efdd1db6dd2d3c8e757b4c3e7e8dd56b462e9d07d7a79896bde4dbd,172,172,libero_10/2,Approach,Wrong Pose
f81ef578bf42_rollout_turn_on_the_stove_and_put_the_moka_pot_on_it_failure_ep12_step179_20260408_092112,libero/train/f81ef578bf42_rollout_turn_on_the_stove_and_put_the_moka_pot_on_it_failure_ep12_step179_20260408_092112.json,dd1a7f30dea1a5f85c0ea405e1d8f749889e1bd79e47e89aaa93ff11721b75f4,3e93d40dae40f581aed952f9055598f57bd539928ecb087344d51c1834108d02,180,180,libero_10/2,Approach,Wrong Pose
d853327c9ed6_rollout_turn_on_the_stove_and_put_the_moka_pot_on_it_failure_ep44_step158_20260408_092644,libero/train/d853327c9ed6_rollout_turn_on_the_stove_and_put_the_moka_pot_on_it_failure_ep44_step158_20260408_092644.json,cce6048eeda62748ad3821b97153e560320779a225a1c0ec5ebac2b1b82b4868,6538004cf87d69f600e34b842ac433370826a78560a4d9bd04de4345cb2caeb1,159,159,libero_10/2,Approach,Wrong Pose
7e11fdf538b7_rollout_turn_on_the_stove_and_put_the_moka_pot_on_it_failure_ep46_step198_20260408_092757,libero/train/7e11fdf538b7_rollout_turn_on_the_stove_and_put_the_moka_pot_on_it_failure_ep46_step198_20260408_092757.json,4918198c00b8c944a9c8d084b9c80e28bf5915a4d2267ac764ce778fb7bb6247,a78bbf3597fd58faff66fe7c7850de614f7b0726d482e20089169da3ad505bf5,199,199,libero_10/2,Contact,Wrong Pose
28d2e5615fa2_rollout_turn_on_the_stove_and_put_the_moka_pot_on_it_failure_ep5_step169_20260408_092841,libero/train/28d2e5615fa2_rollout_turn_on_the_stove_and_put_the_moka_pot_on_it_failure_ep5_step169_20260408_092841.json,2e629aabff43e0fcc62f843735fb74a6a761a9553b56e43363eb9a3fceabe5cb,e709cf04eea303e6d26d202b5b6dbc52e558c31d56188fbfdb0e3cdc9514f48d,170,170,libero_10/2,Approach,Wrong Pose
4d307ae5e198_rollout_open_the_middle_drawer_of_the_cabinet_failure_ep39_step77_20260408_101834,libero/train/4d307ae5e198_rollout_open_the_middle_drawer_of_the_cabinet_failure_ep39_step77_20260408_101834.json,147693f6afb183a3919f4b7a1e5bda863007af483188467d6778a40e872bb791,0931f0677ea2ed7b61808298b68372009a3fab842a31c6ef753e2d9b94cc3382,78,78,libero_goal/0,Approach,Wrong Pose
6214cdc610b9_rollout_open_the_top_drawer_and_put_the_bowl_inside_failure_ep35_step32_20260408_102311,libero/train/6214cdc610b9_rollout_open_the_top_drawer_and_put_the_bowl_inside_failure_ep35_step32_20260408_102311.json,b3edd77c74fbcbce68cf1948b074cf60e3faf4aa18ea6fa7205a2f489f9d8492,1dc78b2505d486feea17f2ea9b0b6f3d4f9d236210de5e035238debf80a62925,33,33,libero_goal/3,Approach,Wrong Pose
9ccdeab0addf_rollout_open_the_top_drawer_and_put_the_bowl_inside_failure_ep38_step36_20260408_102346,libero/train/9ccdeab0addf_rollout_open_the_top_drawer_and_put_the_bowl_inside_failure_ep38_step36_20260408_102346.json,342028413368839499c0eacd3145296902a101bf1e006d39dd3f0491a6cd2166,c276e6d624675212f36a02c65c34462d2ea81dff48017fd12126032e8e4c5a64,37,37,libero_goal/3,Approach,Wrong Pose
fde78bd09f0b_rollout_put_the_bowl_on_the_plate_failure_ep32_step99_20260408_102603,libero/train/fde78bd09f0b_rollout_put_the_bowl_on_the_plate_failure_ep32_step99_20260408_102603.json,700a8303e9a31133abbb95d3a14efb3eab5d5f583baed803ffb82cece590c6b0,326998fbcabe52a94c6b624ed871b7d9684dfca25fb6b60ba5c51ba505a868b6,100,100,libero_goal/8,Place,Wrong Pose
481231352ea2_rollout_put_the_cream_cheese_in_the_bowl_failure_ep15_step88_20260408_102631,libero/train/481231352ea2_rollout_put_the_cream_cheese_in_the_bowl_failure_ep15_step88_20260408_102631.json,c0465cf3bf4ec37f5f9de22b3d68fb5dedef6deef07f92187bb86b91f621c5c3,4c42e15e5a39e5cccd7297c6bc32f19211aa65a06b3f5f4887389c1bb0bbe253,89,89,libero_goal/6,Place,Wrong Pose
c47590cf3969_rollout_put_the_wine_bottle_on_the_rack_failure_ep36_step153_20260408_102748,libero/train/c47590cf3969_rollout_put_the_wine_bottle_on_the_rack_failure_ep36_step153_20260408_102748.json,e74996d417dec4c7294bd2b0f409ae09ff788732778752ffd2d847a45d84c230,74570f2a9ff2f80a99372445bbfe0fb32ad2afcf181bc6cf610f28d70feafb3e,154,154,libero_goal/9,Place,Wrong Pose
58ab0de3ae33_rollout_put_the_wine_bottle_on_top_of_the_cabinet_failure_ep13_step51_20260408_101910,libero/train/58ab0de3ae33_rollout_put_the_wine_bottle_on_top_of_the_cabinet_failure_ep13_step51_20260408_101910.json,14a2c7893dc14d071bff35a982f36d5fe8b20ea44fc162eff0b1a50b378c0b8f,a301eb415379c509b2cb32cf4b30609f8207097320b7c9f4e6508190c14bec8a,52,52,libero_goal/2,Approach,Wrong Pose
ffe84af32106_rollout_put_the_wine_bottle_on_top_of_the_cabinet_failure_ep32_step34_20260408_101948,libero/train/ffe84af32106_rollout_put_the_wine_bottle_on_top_of_the_cabinet_failure_ep32_step34_20260408_101948.json,1aa927abda23a68e84f3d79a3d4f545cfb912e23b8b203e5de1869ad4e935e12,f954ea0fbbfc4cba181c27f01a9c8c3764c84b5cea9796856dffba41fca85967,35,35,libero_goal/2,Approach,Wrong Pose
6b23ccbe5925_rollout_put_the_wine_bottle_on_top_of_the_cabinet_failure_ep49_step81_20260408_102047,libero/train/6b23ccbe5925_rollout_put_the_wine_bottle_on_top_of_the_cabinet_failure_ep49_step81_20260408_102047.json,13a157a0902282f5397d50877de5c55c38fc19043571698ca4fa5b534083766b,aecc95aaeb6b88f01a71e05ec0697de7da7b82c9ecf5e9d12bb294d77cc7a25e,82,82,libero_goal/2,Approach,Scene Change
8cdd9602a030_rollout_pick_up_the_ketchup_and_place_it_in_the_basket_failure_ep31_step198_20260408_103154,libero/train/8cdd9602a030_rollout_pick_up_the_ketchup_and_place_it_in_the_basket_failure_ep31_step198_20260408_103154.json,9a9700fdc06f295d6728eb08c8c67cc49d0cda020f6d6380f31bc9482000f7d0,bf1d91cf2ebdee7a8eaad7051a886badeddf33e34f220bd0dd4244852ca8a7a8,199,199,libero_object/4,Place,Wrong Pose
b2338a93e88f_rollout_pick_up_the_milk_and_place_it_in_the_basket_failure_ep45_step124_20260408_103703,libero/train/b2338a93e88f_rollout_pick_up_the_milk_and_place_it_in_the_basket_failure_ep45_step124_20260408_103703.json,00890fdf27395a2481b9476e32398d3794aedfa8e3d67d7c87f002c672f03ab7,4157fd33f6dc11766b2473e9f180171f876b00bccd146241e722877fb72d3cef,125,125,libero_object/7,Place,Wrong Pose
9132e64744dd_rollout_pick_up_the_milk_and_place_it_in_the_basket_failure_ep48_step54_20260408_103715,libero/train/9132e64744dd_rollout_pick_up_the_milk_and_place_it_in_the_basket_failure_ep48_step54_20260408_103715.json,2f1d8265acd69886a3c6aad05bd218da3823512a75a1136b32383baa921dd1c0,3758ad5004cec3c88eff06a341b0d62031f9bc41b9e2618311c697f9c7b39aac,55,55,libero_object/7,Approach,Wrong Pose
430e8a34e6a7_rollout_pick_up_the_orange_juice_and_place_it_in_the_basket_failure_ep14_step218_20260408_103810,libero/train/430e8a34e6a7_rollout_pick_up_the_orange_juice_and_place_it_in_the_basket_failure_ep14_step218_20260408_103810.json,ed2e73798b7541336e1d9459ef9b816968392c9214cb2e42bf7f0463f18129e6,06842ea93334926131319b7e1bcd5efab73caf7d46aceb89531126687170f832,219,219,libero_object/9,Approach,Scene Change
ea8471c2462a_rollout_pick_up_the_tomato_sauce_and_place_it_in_the_basket_failure_ep13_step230_20260408_131623,libero/train/ea8471c2462a_rollout_pick_up_the_tomato_sauce_and_place_it_in_the_basket_failure_ep13_step230_20260408_131623.json,3534c783f06c5ca07c57b1060ea27cd61e2901789e4ca55f1a7ad02faea8df04,2b222678fd7d377db098595da9ffb46d3cf1780a9b23cecdc56d3257dfa0e33e,231,231,libero_object/5,Approach,Stage Rollback
088685eb684f_rollout_pick_up_the_tomato_sauce_and_place_it_in_the_basket_failure_ep28_step54_20260408_103555,libero/train/088685eb684f_rollout_pick_up_the_tomato_sauce_and_place_it_in_the_basket_failure_ep28_step54_20260408_103555.json,f5cedc730e8ca9e61089a63031507e4e3d250a761b43eafde8e3fee21cdd3812,8e6f31cf3865d4c4970e286723c155f8606c63031c88dbd3974fa39a285b1124,55,55,libero_object/5,Approach,Wrong Pose
0b8b123cabf7_rollout_pick_up_the_black_bowl_between_the_plate_and_the_ramekin_and_place_it_on_the_plate_failure_ep37_step142_20260408_131758,libero/train/0b8b123cabf7_rollout_pick_up_the_black_bowl_between_the_plate_and_the_ramekin_and_place_it_on_the_plate_failure_ep37_step142_20260408_131758.json,017912091b9ae1c5b58e2ab2e10fadb9fa89f5809725edeaa24b8037c1494dee,cfe5204f8fc95221da776ff68b4e054a113a26887ff6177a2ea0fa8243f3ed7f,143,143,libero_spatial/0,Approach,Stage Rollback
45ce4df96014_rollout_pick_up_the_black_bowl_next_to_the_plate_and_place_it_on_the_plate_failure_ep9_step160_20260408_132014,libero/train/45ce4df96014_rollout_pick_up_the_black_bowl_next_to_the_plate_and_place_it_on_the_plate_failure_ep9_step160_20260408_132014.json,c9a87731e774f16b573bfadb943969f4de0dcc5a5d73990e5055a2f87341b64c,a7976003da4061b7efdc4b597e5dc5a32203eb44d525b29d7943bea295593d37,161,161,libero_spatial/8,Approach,Stage Rollback
c5d753da8158_rollout_pick_up_the_black_bowl_on_the_ramekin_and_place_it_on_the_plate_failure_ep12_step79_20260408_104143,libero/train/c5d753da8158_rollout_pick_up_the_black_bowl_on_the_ramekin_and_place_it_on_the_plate_failure_ep12_step79_20260408_104143.json,aa302ea7a3b4e4b0d04ce46fee0f8a354711d1bcb4cea8f2284c778a5e3964e9,95b8938d570bbc2feb35791cb987f1a1ae820b96558adb74e5cf9f9bbd67490d,80,80,libero_spatial/5,Place,Wrong Pose
7177ef2f73be_rollout_pick_up_the_black_bowl_on_the_ramekin_and_place_it_on_the_plate_failure_ep13_step75_20260408_104219,libero/train/7177ef2f73be_rollout_pick_up_the_black_bowl_on_the_ramekin_and_place_it_on_the_plate_failure_ep13_step75_20260408_104219.json,b31a6307e3a2ea5e6bf190f4ec85db1fcf89a6b42d9c19919ccf13ce5e807817,d1e601f45d5424604dcfb55e36fd15518caf6c4e3f191f0d59b0f95134a40431,76,76,libero_spatial/5,Approach,Scene Change
4dddf7c2626c_rollout_pick_up_the_black_bowl_on_the_ramekin_and_place_it_on_the_plate_failure_ep19_step172_20260408_105200,libero/train/4dddf7c2626c_rollout_pick_up_the_black_bowl_on_the_ramekin_and_place_it_on_the_plate_failure_ep19_step172_20260408_105200.json,aea98c7e664b62a5c89afdffa8841c459089cddfe12ee5915dbf927a318cf282,9245e6f5ed3b76e33420b0ce5ea026ac2b90073db64f6cd0f049616a54293e8d,173,173,libero_spatial/5,Move,Wrong Pose
0c8beb58febc_rollout_pick_up_the_black_bowl_on_the_ramekin_and_place_it_on_the_plate_failure_ep20_step78_20260408_105116,libero/train/0c8beb58febc_rollout_pick_up_the_black_bowl_on_the_ramekin_and_place_it_on_the_plate_failure_ep20_step78_20260408_105116.json,3552b414d639576b2821d31a07149a34cb09e1e43a772c95cbf9d0c9c6f5a164,f7ff73ce058a8c6eb2334a4ae6f249829fe10eadf16575cd2f46d41af8f8ea1a,79,79,libero_spatial/5,Place,Wrong Pose
f65ca0882b8c_rollout_pick_up_the_black_bowl_on_the_ramekin_and_place_it_on_the_plate_failure_ep22_step27_20260408_105008,libero/train/f65ca0882b8c_rollout_pick_up_the_black_bowl_on_the_ramekin_and_place_it_on_the_plate_failure_ep22_step27_20260408_105008.json,f4819f846bcd4d402454d97fddf44170086426e4d42f8ecf86ed66d40577e0f2,4fd71aeb04c98ff5df61526fffa5591c10679623be5a6cb646735fb283d8dd7a,28,28,libero_spatial/5,Approach,Wrong Target
67f3ab9337aa_rollout_pick_up_the_black_bowl_on_the_ramekin_and_place_it_on_the_plate_failure_ep29_step120_20260408_131937,libero/train/67f3ab9337aa_rollout_pick_up_the_black_bowl_on_the_ramekin_and_place_it_on_the_plate_failure_ep29_step120_20260408_131937.json,17671e76c156267e0304d4b7943fa09d911193370b08fb79d5723cd05733d13e,912eea804619b7604f0770ea4097f4c66aa53ae2a7e8de1012423510b245fa7d,121,121,libero_spatial/5,Approach,Stage Rollback
c4399a8b68ef_rollout_pick_up_the_black_bowl_on_the_ramekin_and_place_it_on_the_plate_failure_ep30_step119_20260408_131946,libero/train/c4399a8b68ef_rollout_pick_up_the_black_bowl_on_the_ramekin_and_place_it_on_the_plate_failure_ep30_step119_20260408_131946.json,b5acc3a370df90b4b010c529819183bd906ba4bfff0031c9c8b74a86562a80f6,35e3ac4805eabc92fe7c8f3ce8644ca3c5714d74bd6b89ce5630b117e8db791c,120,120,libero_spatial/5,Approach,Stage Rollback
21741e9e29b4_rollout_pick_up_the_black_bowl_on_the_ramekin_and_place_it_on_the_plate_failure_ep37_step80_20260408_104644,libero/train/21741e9e29b4_rollout_pick_up_the_black_bowl_on_the_ramekin_and_place_it_on_the_plate_failure_ep37_step80_20260408_104644.json,cc685eeb480660e6d9c2226a8b881bfa7f939f61a25845ce057d60e45dd5bff3,ec17472df18941e140041cb49061a3b58d91598623a99176c0a029a98e8b0601,81,81,libero_spatial/5,Place,Wrong Pose
cf17eb66cadf_rollout_pick_up_the_black_bowl_on_the_ramekin_and_place_it_on_the_plate_failure_ep3_step74_20260408_104806,libero/train/cf17eb66cadf_rollout_pick_up_the_black_bowl_on_the_ramekin_and_place_it_on_the_plate_failure_ep3_step74_20260408_104806.json,8ae5d241d60d289ee7f2c53ef0632d9c66f62a8bb106c85a8216fd493d4eb34f,c4e8ec09e6fc5423b3832b96fc5ec29b34af69e6b8c1c64093a520bce7cfad1f,75,75,libero_spatial/5,Place,Wrong Pose
9b6cd21d4a63_rollout_pick_up_the_black_bowl_on_the_ramekin_and_place_it_on_the_plate_failure_ep6_step194_20260408_104542,libero/train/9b6cd21d4a63_rollout_pick_up_the_black_bowl_on_the_ramekin_and_place_it_on_the_plate_failure_ep6_step194_20260408_104542.json,45411c728e505fa46279252b04d3272842d80132c19d535578c6f7842c3ef64c,2c8e0318d66e7c722d0a9f4caf2bde45cc721f3b44144f503114a2e74876075d,195,195,libero_spatial/5,Place,Wrong Target
fa4c727e09fb_rollout_task0_put_both_the_alphabet_soup_and_the_tomato_sauce_in_failure_ep14_step46_20260408_130109,libero/train/fa4c727e09fb_rollout_task0_put_both_the_alphabet_soup_and_the_tomato_sauce_in_failure_ep14_step46_20260408_130109.json,6538ddfb6cd81cd6e0fe9c8e049794305f20a4887a8898c031647d57c92c9927,bb8b6de4b815d7ac22cb1f17daf18c266c0245c730505f585dd3a5af160e0894,47,47,libero_10/0,Approach,Wrong Pose
49ffc1a270f4_rollout_task0_put_both_the_alphabet_soup_and_the_tomato_sauce_in_failure_ep18_step42_20260408_130147,libero/train/49ffc1a270f4_rollout_task0_put_both_the_alphabet_soup_and_the_tomato_sauce_in_failure_ep18_step42_20260408_130147.json,3157866f6e290ce1c2f2337626f48a843c63e9cc3293484513321d3a98b0626d,084584cf6dee70e646eed584ff52e74ef78dfe3ff141d33972f98cc39c3dbce5,43,43,libero_10/0,Approach,Wrong Pose
1e774c9048bc_rollout_task0_put_both_the_alphabet_soup_and_the_tomato_sauce_in_failure_ep49_step45_20260408_130157,libero/train/1e774c9048bc_rollout_task0_put_both_the_alphabet_soup_and_the_tomato_sauce_in_failure_ep49_step45_20260408_130157.json,365bd2fc05878249658897ab0d5497d757b039d8c35dd9950b506ad64b222867,c9a7c0b281742f3200defe8bb40e5ecba8b737c045539447b870675d00348ec6,46,46,libero_10/0,Approach,Wrong Pose
fd67dc381d94_rollout_task1_put_both_the_cream_cheese_box_and_the_butter_in_th_failure_ep22_step325_20260408_130242,libero/train/fd67dc381d94_rollout_task1_put_both_the_cream_cheese_box_and_the_butter_in_th_failure_ep22_step325_20260408_130242.json,4ec087b5ef9e64accf84b8fcb1a2fda981cbdbb9c3d5f9c432eb428e10046e98,fddfd4db0e8f37a1c89fe919f897d987093216d6993fefaaf8dc07e97d86bccb,326,326,libero_10/1,Approach,Scene Change
6d8e3795dc66_rollout_task1_put_both_the_cream_cheese_box_and_the_butter_in_th_failure_ep41_step166_20260408_130316,libero/train/6d8e3795dc66_rollout_task1_put_both_the_cream_cheese_box_and_the_butter_in_th_failure_ep41_step166_20260408_130316.json,16ade11fc12d366bea957210864318a7330db5cdcdd778b41ea62fa78e66e7e4,0667c282305db4201020be2081c0da2751c7904390c953245985758e55782159,167,167,libero_10/1,Approach,Wrong Pose
d01fb0594c9c_rollout_task2_turn_on_the_stove_and_put_the_moka_pot_on_it_failure_ep37_step164_20260408_130408,libero/train/d01fb0594c9c_rollout_task2_turn_on_the_stove_and_put_the_moka_pot_on_it_failure_ep37_step164_20260408_130408.json,c30474b76da8d6a180d60c95c83b84ee03513072017880549e34e864ee0cf55a,18fb8f44d4ccde66222f11ef106dba8777a78f09f4421d2782fe5309600ada82,165,165,libero_10/2,Approach,Wrong Pose
2d236234f493_rollout_task6_put_the_white_mug_on_the_plate_and_put_the_chocola_failure_ep11_step214_20260408_130609,libero/train/2d236234f493_rollout_task6_put_the_white_mug_on_the_plate_and_put_the_chocola_failure_ep11_step214_20260408_130609.json,13870c5fc0dc295ad14bf6d1c146c34e20490fff4e7aaef29e4348027c5e00e8,1ce7ed6574c862ccd17a28c2d6316ced0185283b6ee6c781f9368403c6d7a3cb,215,215,libero_10/6,Place,Wrong Pose
018207b15793_rollout_task6_put_the_white_mug_on_the_plate_and_put_the_chocola_failure_ep4_step199_20260408_130733,libero/train/018207b15793_rollout_task6_put_the_white_mug_on_the_plate_and_put_the_chocola_failure_ep4_step199_20260408_130733.json,d4d9bd2b026f6b78b637adafe156011e0c789c1e05c9f5be9f1713053aae9fee,1c5773a9a3ead74115bb32fc826d6893d1e8721ed4d06cc1eef4fa9ddd3e45bb,200,200,libero_10/6,Place,Wrong Pose
17ca9e7ad661_rollout_task6_put_the_white_mug_on_the_plate_and_put_the_chocola_failure_ep9_step182_20260408_130745,libero/train/17ca9e7ad661_rollout_task6_put_the_white_mug_on_the_plate_and_put_the_chocola_failure_ep9_step182_20260408_130745.json,ab592011facb3855e82100a65c79c6a35e48736f09accb93887f231fafe4ad68,2442b07528fe7cd557689f0353735701936b1eb2ec4bfa1e651be3b2578ff583,183,183,libero_10/6,Approach,Wrong Pose
17fcf16c6e28_rollout_task8_put_both_moka_pots_on_the_stove_failure_ep38_step270_20260408_130755,libero/train/17fcf16c6e28_rollout_task8_put_both_moka_pots_on_the_stove_failure_ep38_step270_20260408_130755.json,2fa1a645020434cd336055c1af0c1128a66bf562b9c3d748a698c3d4fdbd9a88,200041124df8d784a2bf11bef5fbb9516c7c54acf118dbeb023771924e3dc07a,271,271,libero_10/8,Approach,Wrong Pose
6526ba5fda81_rollout_task8_put_both_moka_pots_on_the_stove_failure_ep42_step266_20260408_130803,libero/train/6526ba5fda81_rollout_task8_put_both_moka_pots_on_the_stove_failure_ep42_step266_20260408_130803.json,ed61a04e96545b8911256916ebe509b8d84de72a326671b010d29952ae90bc51,ac7095779065d92a879ccafd47c423c3d03947683447af181b2394d7354ea1f3,267,267,libero_10/8,Approach,Wrong Pose
116486ce0159_rollout_task2_put_the_wine_bottle_on_top_of_the_cabinet_failure_ep15_step61_20260408_125415,libero/train/116486ce0159_rollout_task2_put_the_wine_bottle_on_top_of_the_cabinet_failure_ep15_step61_20260408_125415.json,fe90bca0cd752d1beda1f68448b7f39319b26de99b3de80cdc02a9d9ccf3c689,07ec859c83f5511ce43d16095fb41ceec252c9dbc2b4209677729ef71212dc43,62,62,libero_goal/2,Approach,Scene Change
d3ece5a2847e_rollout_task2_put_the_wine_bottle_on_top_of_the_cabinet_failure_ep1_step62_20260408_125344,libero/train/d3ece5a2847e_rollout_task2_put_the_wine_bottle_on_top_of_the_cabinet_failure_ep1_step62_20260408_125344.json,bace834cbb9695f7933ec8bed7be0d3a33dce62e7fd4a6468b6adb9e8b256210,13d8e2ab3796e000ec0ca3c9ceab1ac4bcd0ae78cfa25a1ff516c7ac5f618e47,63,63,libero_goal/2,Approach,Scene Change
83aa8bcd209f_rollout_task3_open_the_top_drawer_and_put_the_bowl_inside_failure_ep40_step156_20260408_125826,libero/train/83aa8bcd209f_rollout_task3_open_the_top_drawer_and_put_the_bowl_inside_failure_ep40_step156_20260408_125826.json,2b2b2c47d8e93c03c862a4a4f5cfd270fdf39ff42f49f77c100500d7783fa9c3,e44b5883f858d08cce4843ae76b2324a75931ac7d6031a20cd30f631e048be96,157,157,libero_goal/3,Approach,Stage Rollback
d17857e847bd_rollout_task8_put_the_bowl_on_the_plate_failure_ep14_step117_20260408_125934,libero/train/d17857e847bd_rollout_task8_put_the_bowl_on_the_plate_failure_ep14_step117_20260408_125934.json,765b0e03066a7fba35bc2abe79476f117c792b2312d806ed32079b182f3af356,c7ee61ef0e843a606db508d18b5b787564ee59c77e86b61d850cf72216243c90,118,118,libero_goal/8,Approach,Stage Rollback
76f244c2dbc3_rollout_task5_pick_up_the_black_bowl_on_the_ramekin_and_place_it_failure_ep19_step42_20260408_125259,libero/train/76f244c2dbc3_rollout_task5_pick_up_the_black_bowl_on_the_ramekin_and_place_it_failure_ep19_step42_20260408_125259.json,9dcc95cbb030926aec8eddf4adadc0382c23c5f8be84b0a9d2b1cfb893d71bcd,6a97c2887f91646a43e3800cd186d10df26166a8a35ff9690fb25048f12df311,43,43,libero_spatial/5,Approach,Wrong Pose
c82340e2d20d_rollout_task7_pick_up_the_black_bowl_on_the_stove_and_place_it_o_failure_ep13_step48_20260408_125317,libero/train/c82340e2d20d_rollout_task7_pick_up_the_black_bowl_on_the_stove_and_place_it_o_failure_ep13_step48_20260408_125317.json,3ac02fc00a796c79afba30b36537ddf0cf98d75e80e97819182df18e978882da,923fbb148fd67c72ca91cebe9c178ee8091d2742929e63a2c97493c15cb80e9d,49,49,libero_spatial/7,Contact,Wrong Pose
