sample_id,path,sha256,original_sha256,actions,replay_prefix_steps,task_name,s_stage,d_stage
2be9fe3eced2_move_can_pot_demo_clean_seed19_ep19_step36_20260630_182556,robotwin/train/2be9fe3eced2_move_can_pot_demo_clean_seed19_ep19_step36_20260630_182556.json,d83cd6d28fad92dbbdba4068024eacfe3f588fb553943407ee6f050291f5afb4,3d4706ccaaa38d30a1956ffac16333fa6c84f2e2d86560e203d8f7360a02d5b5,37,37,move_can_pot,Approach,Wrong Pose
e320b85f147c_move_can_pot_demo_clean_seed100002_ep2_step32_20260616_194240,robotwin/train/e320b85f147c_move_can_pot_demo_clean_seed100002_ep2_step32_20260616_194240.json,9daa5e12c5c87d647f4aae7fa15562d6499cf9641d906e19850de6e690a2bdd8,f3383f2f511711ad710bb6c431bf22d656b2efdb7cf0c5b54a4a612f38cdd6b9,33,33,move_can_pot,Approach,Wrong Pose
86a994d7bb2c_move_can_pot_demo_clean_seed100000_ep0_step29_20260616_194110,robotwin/train/86a994d7bb2c_move_can_pot_demo_clean_seed100000_ep0_step29_20260616_194110.json,896b54e1c12b82877876d954068f57c17392bfa846a0dcb4cfaf784b5a5dbf07,2cf6cd25b403d581e435a491dc00219d3adee6d2ffe271b4f5f872dd87d9038e,30,30,move_can_pot,Approach,Wrong Pose
e082cf254ba8_move_can_pot_demo_clean_seed100023_ep21_step29_20260616_200205,robotwin/train/e082cf254ba8_move_can_pot_demo_clean_seed100023_ep21_step29_20260616_200205.json,404c7cfd326cc900abe36bf031d73d7a015532e383e06c4036a7da5190940633,7f9b8b35ad25f36fcd48913bfb8a134126264e6e655e61e648f1c7880a6ab628,30,30,move_can_pot,Approach,Wrong Pose
20febcf270c2_move_can_pot_demo_clean_seed22_ep22_step49_20260630_184128,robotwin/train/20febcf270c2_move_can_pot_demo_clean_seed22_ep22_step49_20260630_184128.json,33c1920bf23a2d834d3ec7c863e6f2835e47a5ad1ace6722da0253cd69f139d2,e84df4703e2467d2dbbd6e9324ada3cf9143e7c81650f30b97540fe21016e1a2,50,50,move_can_pot,Approach,Wrong Pose
99d2aa629e5c_move_can_pot_demo_clean_seed100001_ep1_step35_20260616_194216,robotwin/train/99d2aa629e5c_move_can_pot_demo_clean_seed100001_ep1_step35_20260616_194216.json,6dde5d1a1d5207221e4d9a4a7ea6e48e93d982ca358514700abf4f9f3026936b,abf98c7ce6ef86b7fcfc5edf62400d12e743aa010f19f8530f94caa3d96c3fed,36,36,move_can_pot,Approach,Wrong Pose
a66f17f7a0b0_move_can_pot_demo_clean_seed100054_ep48_step24_20260617_150031,robotwin/train/a66f17f7a0b0_move_can_pot_demo_clean_seed100054_ep48_step24_20260617_150031.json,d5e56b7cf4114d8289cab7a98667defadb2aa881efffaae9395296b931b43da6,6661dcff7b78e22b3cefd82141bbe73a1f3036dded82606fff5e4fc31f9f45d6,25,25,move_can_pot,Approach,Wrong Pose
183f2afc61be_move_can_pot_demo_clean_seed100007_ep6_step16_20260616_195026,robotwin/train/183f2afc61be_move_can_pot_demo_clean_seed100007_ep6_step16_20260616_195026.json,2ee923d5345fb716f896e00edee76505a117a4adaecad8aa2b8b4ea3d67b246f,18980f8177adce63c63c304939bfd356f383866cc2cbc43560c215b44d240f0e,17,17,move_can_pot,Approach,Wrong Pose
b82f77d47510_move_can_pot_demo_clean_seed100030_ep28_step29_20260616_200638,robotwin/train/b82f77d47510_move_can_pot_demo_clean_seed100030_ep28_step29_20260616_200638.json,2714fdfbc22ec954cbce6c4c520965b49bc30ffd24a1e989d8c09b87adf7e63f,9078d2d36e882e52464be9cb1a646a508a30d5d80a814d9389750bfb2d42499c,30,30,move_can_pot,Approach,Wrong Pose
38a3377df81c_move_can_pot_demo_clean_seed100011_ep9_step25_20260616_195144,robotwin/train/38a3377df81c_move_can_pot_demo_clean_seed100011_ep9_step25_20260616_195144.json,98a8247c70af42d9237640f221bd8ddfc5d588b9af76326d479040e90fe86cd0,2ad13aa80f31683b2c8245f3ffbab7ee630def75f4f454a1549fc13ebf5325d6,26,26,move_can_pot,Approach,Wrong Pose
89c400418058_move_can_pot_demo_clean_seed10_ep10_step37_20260630_182351,robotwin/train/89c400418058_move_can_pot_demo_clean_seed10_ep10_step37_20260630_182351.json,188d99ea6facf136b221c1e7733e57e5a5eb609dd19dd888804373d39c28e00d,2b75460d60a9b1d2b6c0558b3c500ff71c92700a9947ec3994b09beeb1f16513,38,38,move_can_pot,Approach,Wrong Pose
757d7fba82ea_move_can_pot_demo_clean_seed24_ep24_step35_20260630_184307,robotwin/train/757d7fba82ea_move_can_pot_demo_clean_seed24_ep24_step35_20260630_184307.json,e59dcffe9558939bf7ed0e7bbe7d83c7ee675024cbeec93fed0743ce45593038,79984c7d052741d2423353014805f51f871d2c30f99654c2ba011e1546d5cf96,36,36,move_can_pot,Approach,Wrong Pose
216c017941b5_move_can_pot_demo_clean_seed100003_ep3_step31_20260616_194254,robotwin/train/216c017941b5_move_can_pot_demo_clean_seed100003_ep3_step31_20260616_194254.json,567a7c0ae5292ed04bb923da5f8c9e23fc596a1da9c8fdb8a04b31e52f7d2c5e,48d404306edc36c16f01b64dcdeb4196845f7fe2e70c77d428fce78b8ca48cf1,32,32,move_can_pot,Approach,Wrong Pose
702c153a719c_move_can_pot_demo_clean_seed100019_ep17_step25_20260616_195346,robotwin/train/702c153a719c_move_can_pot_demo_clean_seed100019_ep17_step25_20260616_195346.json,b1ad9804f98d7f8608b0debb13d7fb3e8cd5ecbb12c11b99160ea5eec27c6392,36250b55c30be570e7a6a2ff1833ed7e161bbf98f87881642992b78c6e9f0ac4,26,26,move_can_pot,Approach,Wrong Pose
ed3d740e6236_move_can_pot_demo_clean_seed100022_ep20_step30_20260616_195437,robotwin/train/ed3d740e6236_move_can_pot_demo_clean_seed100022_ep20_step30_20260616_195437.json,60d86c32c2cdda41c4665de5531b58fc31b6cfe83e21f8c2ee2fe21b56309819,4989344ac919c364ed481e6ca7fc43d1bc69b2621142f303d53383d8e9480d18,31,31,move_can_pot,Approach,Wrong Pose
d61f39026c4e_move_can_pot_demo_clean_seed26_ep26_step36_20260630_184409,robotwin/train/d61f39026c4e_move_can_pot_demo_clean_seed26_ep26_step36_20260630_184409.json,a24511f58fccd4c81175387a89314b67829bf5c8f3c5590db214668e6eafe338,3b9da6532d64166e4fb67ae93e754f107fb2bb6d60b19e49bfe55cb2276ebd3e,37,37,move_can_pot,Approach,Wrong Pose
db24367fd395_move_can_pot_demo_clean_seed100025_ep23_step10_20260616_200421,robotwin/train/db24367fd395_move_can_pot_demo_clean_seed100025_ep23_step10_20260616_200421.json,c359ad20dfc9b9d52ebe019327c7f68483c5018c8698ca06355559741ae53ca0,56f41bae5f97df9dafe24070e680f3f25b0b906002b7bca51804e109d2425e90,11,11,move_can_pot,Approach,Wrong Pose
7a7455b32392_move_can_pot_demo_clean_seed100034_ep31_step30_20260616_200745,robotwin/train/7a7455b32392_move_can_pot_demo_clean_seed100034_ep31_step30_20260616_200745.json,7b9d711771b73a61b6e3397a2b1e3be22bfe4a82d1542d3b2f30bcaab627b68e,6057cd387bf9eac7b44f3697d4a3f929fa74663e916b3f11d76993204d9a02d2,31,31,move_can_pot,Approach,Wrong Pose
72d16303ee93_move_can_pot_demo_clean_seed100021_ep19_step26_20260616_195404,robotwin/train/72d16303ee93_move_can_pot_demo_clean_seed100021_ep19_step26_20260616_195404.json,b7e15fb76e0c9594d976f182c65e7319fc943430f8ee11e038aa0356be04f7ed,13d09fb130665a641732702b35b720c131fe93432bcd6e365dc56d08aa373db4,27,27,move_can_pot,Approach,Wrong Pose
2384082108a4_move_can_pot_demo_clean_seed100037_ep34_step28_20260616_201610,robotwin/train/2384082108a4_move_can_pot_demo_clean_seed100037_ep34_step28_20260616_201610.json,31e14164e206ffad90085c8246ae77c5bb92cd171ed107d730c5303b210ac034,769e2e371611850757dd7699b0fc37b63270286321a1d413295bcb6662fadce6,29,29,move_can_pot,Approach,Wrong Pose
98aee3e290f0_move_can_pot_demo_clean_seed100016_ep14_step18_20260616_195313,robotwin/train/98aee3e290f0_move_can_pot_demo_clean_seed100016_ep14_step18_20260616_195313.json,4f11df5822c9dd403dc5b1d444ea41367ccb9c72e82d83fb068df54504b441e6,8acb0a59427ecae6e44321a0e08249849764781f602d1d279feeba3cdcd8bfc1,19,19,move_can_pot,Approach,Wrong Pose
b0aa3d9a8575_move_can_pot_demo_clean_seed100050_ep44_step32_20260617_145919,robotwin/train/b0aa3d9a8575_move_can_pot_demo_clean_seed100050_ep44_step32_20260617_145919.json,8e7c7b90de9e1eba36fdef808cc79670fbabfffa8d19310501f1c549deda83b4,976ef89d6ac63c04c833da45adab5b10ea2f47f2ebb27a30fda3b10fcbf10794,33,33,move_can_pot,Approach,Wrong Pose
9f3a9f8433dc_move_can_pot_demo_clean_seed100013_ep11_step29_20260616_195213,robotwin/train/9f3a9f8433dc_move_can_pot_demo_clean_seed100013_ep11_step29_20260616_195213.json,261091b7e35ba6f0ab5c0ec84f5fe7eb61ed624a07237319d5e8801ad756f9cb,b6a3c3573c3f5b77ca92f9eaa86f2dda35e330b25d2c80d8f2aaf8e6a0a10c7a,30,30,move_can_pot,Approach,Wrong Pose
923a1730f973_move_can_pot_demo_clean_seed28_ep28_step34_20260630_184705,robotwin/train/923a1730f973_move_can_pot_demo_clean_seed28_ep28_step34_20260630_184705.json,62b97e78db04267eab7c6f39caa6c8497ddd35a98155e52e7fcf595215e7efbd,aea0caec7e3b2517899251d601cb3af60f60ba1d13875dbc6038df87b299a89d,35,35,move_can_pot,Approach,Wrong Pose
5e31494b4efb_move_can_pot_demo_clean_seed100049_ep43_step25_20260617_145106,robotwin/train/5e31494b4efb_move_can_pot_demo_clean_seed100049_ep43_step25_20260617_145106.json,fc4a7254effccb1d7677e9ee9674096940b72b088db2f2c460c5e0e17d1e46bf,370fffc24115b374147e8ec71e1bf554a144e987089e829996718f1134d66650,26,26,move_can_pot,Approach,Wrong Pose
6ff933565f54_move_can_pot_demo_clean_seed100015_ep13_step21_20260616_195257,robotwin/train/6ff933565f54_move_can_pot_demo_clean_seed100015_ep13_step21_20260616_195257.json,679675c9051107a06cddc0585d661553cb63b86d297f2e3c84fbc2dffb4b206d,9da3a15fcf4fe0de4a751bbd821e6956741129951ec6dbca4a7c30d30a7a2a3a,22,22,move_can_pot,Approach,Wrong Pose
eee6d1aeb6f6_move_can_pot_demo_clean_seed7_ep7_step37_20260630_184924,robotwin/train/eee6d1aeb6f6_move_can_pot_demo_clean_seed7_ep7_step37_20260630_184924.json,bbb67a616b4182b4c855d560a776d697091878fa3b5410bf9c57aef4a59e257c,de55e75d6c4cbcb062d69a6a7194e98f8a1535da9d317a82c7b4d4312411c7a5,38,38,move_can_pot,Approach,Wrong Pose
4c1c29b72ccb_move_can_pot_demo_clean_seed100000_ep0_step31_20260630_151749,robotwin/train/4c1c29b72ccb_move_can_pot_demo_clean_seed100000_ep0_step31_20260630_151749.json,a8d2aa78415f647c2d959f9064242f62bb46cd98104f286dfbaca80dfed2e69b,820e89717eaa82d0261913578fa5dee25f97b9d941168b12932e2ed041144753,32,32,move_can_pot,Approach,Wrong Pose
424fdfefc03c_pick_dual_bottles_demo_clean_seed100042_ep39_step23_20260617_160019,robotwin/train/424fdfefc03c_pick_dual_bottles_demo_clean_seed100042_ep39_step23_20260617_160019.json,d9a53b18b595cce738ae4355617cd5d66856210aebb7a7ff5649cade615898fc,e42a444cfdf69b0028c5f2cf9f74cd67b320d068c7cca546eb524f7039e85727,24,24,pick_dual_bottles,Approach,Wrong Pose
e0a01da1c2e7_pick_dual_bottles_demo_clean_seed29_ep29_step26_20260630_192556,robotwin/train/e0a01da1c2e7_pick_dual_bottles_demo_clean_seed29_ep29_step26_20260630_192556.json,85fba8584b6a2e55eb2f6139f5603625460e9080be6380346d6ba96c6c443864,df895bc897adab4efc5e752f702164b839508a523b5a0730b115796d88303d8a,27,27,pick_dual_bottles,Approach,Wrong Pose
a901fc621321_pick_dual_bottles_demo_clean_seed17_ep17_step28_20260630_192235,robotwin/train/a901fc621321_pick_dual_bottles_demo_clean_seed17_ep17_step28_20260630_192235.json,c8e39b180f4eace75cbb1d73cbe08bcf2a70510e794adb22c0ab91659b020bee,37afb8e6ab61963cfd51df4ab8c873490a8825ddfecd59bca4dfbcc968f22a47,29,29,pick_dual_bottles,Approach,Wrong Pose
2b00042e254a_pick_dual_bottles_demo_clean_seed100028_ep27_step26_20260617_155553,robotwin/train/2b00042e254a_pick_dual_bottles_demo_clean_seed100028_ep27_step26_20260617_155553.json,c97fbf0e14d2113cadd6578d902298b3ba015e941a6da48ac7e9c0cde538d24c,ce1892a647bc0d7f5c498d0843829a25309e16c575230dbbbf80f2156e4c64a5,27,27,pick_dual_bottles,Approach,Wrong Pose
1f1781c8076e_pick_dual_bottles_demo_clean_seed13_ep13_step26_20260630_192148,robotwin/train/1f1781c8076e_pick_dual_bottles_demo_clean_seed13_ep13_step26_20260630_192148.json,b2bf14acccd9553f689ffa319d40ed10c60b2c5453b4057a765e4e5af52daa9a,b853251b5b6dc3f20a72d3ad1fb698bb20f906a8791240ae4dc398cef1bc2d6a,27,27,pick_dual_bottles,Approach,Wrong Pose
71a6cb35c3aa_pick_dual_bottles_demo_clean_seed100051_ep47_step32_20260617_160104,robotwin/train/71a6cb35c3aa_pick_dual_bottles_demo_clean_seed100051_ep47_step32_20260617_160104.json,04ed973462b0ff041085d2385eac7d40eb83903bcfc3d2ab23d5ca26611e6681,d77d923d475ed611d4965e6e00f78f8a1a1dc69ff0466412435bad318cdeae91,33,33,pick_dual_bottles,Approach,Wrong Pose
75ef768bc838_pick_dual_bottles_demo_clean_seed100000_ep0_step28_20260617_153939,robotwin/train/75ef768bc838_pick_dual_bottles_demo_clean_seed100000_ep0_step28_20260617_153939.json,b129c0bd4b15a5d8e0556d6eabfe44f24f8672cc6a8d4e901964d3c04fbb4149,e9463d1300389c4b6de4d7763bc18e8b1242f855d1af66fe72c1be61143551db,29,29,pick_dual_bottles,Approach,Wrong Pose
5d328d1768ca_pick_dual_bottles_demo_clean_seed100038_ep36_step28_20260617_155949,robotwin/train/5d328d1768ca_pick_dual_bottles_demo_clean_seed100038_ep36_step28_20260617_155949.json,491c96ec17a201d4f899a88a242965c3880f000f680ccc0109a27fab5be3bd55,312e42db52fc844d090b6ad30621daf23b0e66a3670b7d3ed182b4ea1e8eb063,29,29,pick_dual_bottles,Approach,Wrong Pose
599a019a0ddc_pick_dual_bottles_demo_clean_seed100006_ep6_step27_20260617_154513,robotwin/train/599a019a0ddc_pick_dual_bottles_demo_clean_seed100006_ep6_step27_20260617_154513.json,72e217c01cbc496d40d3ca42cfd75ed95e1cf0b460af7c7225de91f8f7cc7ae8,b85e303ba201e0d5e6f40b663560207ee990b8660866d48efa166a7ca888c6ac,28,28,pick_dual_bottles,Approach,Wrong Pose
f3f4f97ee33f_pick_dual_bottles_demo_clean_seed100004_ep4_step24_20260617_154214,robotwin/train/f3f4f97ee33f_pick_dual_bottles_demo_clean_seed100004_ep4_step24_20260617_154214.json,84cc254c126064dcaf43c3ed4be9137a0700e723c4ae4616a92bef020b9652a1,9e98ef049590aceb0df86d3c35ae241093ae049453a29f7626be1b709c55d323,25,25,pick_dual_bottles,Approach,Wrong Pose
d75916abf01b_pick_dual_bottles_demo_clean_seed100016_ep15_step26_20260617_154748,robotwin/train/d75916abf01b_pick_dual_bottles_demo_clean_seed100016_ep15_step26_20260617_154748.json,dd0f8d49329bbbf425af99f1d2b00d7d0b614bb34f89472498fa19308d67a4e5,44a5e9cc5c5d6dae13e35b672d260f78e14f38279a83c5629f085090aec00728,27,27,pick_dual_bottles,Approach,Wrong Pose
b6b8c3e2d832_pick_dual_bottles_demo_clean_seed100048_ep44_step34_20260617_160038,robotwin/train/b6b8c3e2d832_pick_dual_bottles_demo_clean_seed100048_ep44_step34_20260617_160038.json,1ca6846fba85a721a6485f7c4639d672662cf6f09e7b3fdf32d2b8ae7790921a,ce5cf3129c92214da4322ff55cafcccf90806958e3f6b3a01bbfd231a0cbff8d,35,35,pick_dual_bottles,Approach,Wrong Pose
2749c7ba94f6_pick_dual_bottles_demo_clean_seed100005_ep5_step22_20260617_154235,robotwin/train/2749c7ba94f6_pick_dual_bottles_demo_clean_seed100005_ep5_step22_20260617_154235.json,f4741dfe88fbe49668c106b9c597c5552de9a73c520e01511bcf039eba25bfcb,84ddf3f82ef01ad4d65fe07ea55b79ca2b5bb729ff98303881130108f095ee35,23,23,pick_dual_bottles,Approach,Wrong Pose
595d7b230061_pick_dual_bottles_demo_clean_seed0_ep0_step26_20260630_192007,robotwin/train/595d7b230061_pick_dual_bottles_demo_clean_seed0_ep0_step26_20260630_192007.json,4cb1d6052ec328d0e0fae849f71f98ca7f2ff4cc45d7feb23aef6ee13c53ac6a,056f6270025c43a40d20852f58711bbbb68cb4044fbfbc532bc34666d930379e,27,27,pick_dual_bottles,Approach,Wrong Pose
b256a3be22d1_pick_dual_bottles_demo_clean_seed100020_ep19_step26_20260617_154827,robotwin/train/b256a3be22d1_pick_dual_bottles_demo_clean_seed100020_ep19_step26_20260617_154827.json,5f80c3734503f40735d194a789d7be28008e7b6aeb1abef1efc4b5d2a9d3e72c,ff012f095b9314a6d7ef2847880dd22c3f05b59384978ee44699d69364fc70cf,27,27,pick_dual_bottles,Approach,Wrong Pose
4e78d70d46d0_pick_dual_bottles_demo_clean_seed100013_ep12_step34_20260617_154623,robotwin/train/4e78d70d46d0_pick_dual_bottles_demo_clean_seed100013_ep12_step34_20260617_154623.json,e768b9116da81ddc8036c941efd93338d651216427ee01a3983dd6278acfcf78,c49d344bda677fb6040cf71861821371068a38f3b52c1f2e3248f9b86fb77df4,35,35,pick_dual_bottles,Approach,Wrong Pose
995949a1417f_pick_dual_bottles_demo_clean_seed100006_ep6_step28_20260630_162212,robotwin/train/995949a1417f_pick_dual_bottles_demo_clean_seed100006_ep6_step28_20260630_162212.json,abc7c0c821a2ad63d46d1e6b98179e12561ae68922bbe450abb863e79924302f,85e5ec905e18f6e04a794f661c66b408f1b34be767846d674fca141dc90f1f30,29,29,pick_dual_bottles,Approach,Wrong Pose
c8a38a0702b1_pick_dual_bottles_demo_clean_seed100023_ep22_step42_20260617_154959,robotwin/train/c8a38a0702b1_pick_dual_bottles_demo_clean_seed100023_ep22_step42_20260617_154959.json,bbda1f4ca87bce97d474734123a1ed419f73b0ab5faa2fd68659a8e383580d85,87d8d8145afcfa3650555ef722cd4e1b854417028bb4a180d505c0c0a5ad19d2,43,43,pick_dual_bottles,Approach,Wrong Pose
322d56648ed4_pick_dual_bottles_demo_clean_seed2_ep2_step36_20260630_192703,robotwin/train/322d56648ed4_pick_dual_bottles_demo_clean_seed2_ep2_step36_20260630_192703.json,2bf6e893ce71847ac54cf3bf7e45e390af971e7aa3c9d9cec7abd8e6812754e6,4390aedc3897dceec84258ffce86d3bc42ae9afb5d835923da0ade17ea584cfa,37,37,pick_dual_bottles,Approach,Wrong Pose
c80bfdf73faf_pick_dual_bottles_demo_clean_seed100029_ep28_step29_20260617_155609,robotwin/train/c80bfdf73faf_pick_dual_bottles_demo_clean_seed100029_ep28_step29_20260617_155609.json,3fec61f09045328a188dd899f95d92770a1b6f3918eda48bd133f9ebbbf2229e,e9500e29c83c5776396952349deeab87742eb10474abda613f1a083ef37573a0,30,30,pick_dual_bottles,Approach,Wrong Pose
cc9c4bfe7811_pick_dual_bottles_demo_clean_seed100021_ep20_step24_20260617_154849,robotwin/train/cc9c4bfe7811_pick_dual_bottles_demo_clean_seed100021_ep20_step24_20260617_154849.json,3bf62c8af91d89da857d1fc74da6b9fa135f4f9c38f7b9329d8624dd5a7e4013,79ca3c9f415e68aa44f946678a56c44d6c8784f91ac0751c1b025622bd846c3a,25,25,pick_dual_bottles,Approach,Wrong Pose
2bc4bb17982f_pick_dual_bottles_demo_clean_seed2016_ep14_step29_20260701_133016,robotwin/train/2bc4bb17982f_pick_dual_bottles_demo_clean_seed2016_ep14_step29_20260701_133016.json,325f20c774ec7539bc17152978bb8813617d8caf045bbf545295d9cdfa2b24a6,77f268e6d1794ab62a0e0078bd26f25689a35fa613b2849841248d4afd4df948,30,30,pick_dual_bottles,Approach,Wrong Pose
2b6eba3ea7e2_pick_dual_bottles_demo_clean_seed10_ep10_step30_20260630_192022,robotwin/train/2b6eba3ea7e2_pick_dual_bottles_demo_clean_seed10_ep10_step30_20260630_192022.json,6a02b4d74adcfbc6f45cd64fad469812152387b49e3cf235bf3a1e1186412114,c6a3ca63258b0f8ccb7dcdfdfd3b8e7cd018312a904a6960f622c0f56a5fa2d3,31,31,pick_dual_bottles,Approach,Wrong Pose
790da8eb9efe_stack_blocks_two_demo_clean_seed2016_ep16_step198_20260701_140601,robotwin/train/790da8eb9efe_stack_blocks_two_demo_clean_seed2016_ep16_step198_20260701_140601.json,40964e879fa187a3067115be0aacd8605a64e505ba43cd5c1c67610f6984be62,f554a759517aef7e8217a2a3abf7385df92e7dd9a4c600b8401353db722d5665,199,199,stack_blocks_two,Approach,Wrong Pose
6230859bcec0_stack_blocks_two_demo_clean_seed2003_ep3_step299_20260701_140534,robotwin/train/6230859bcec0_stack_blocks_two_demo_clean_seed2003_ep3_step299_20260701_140534.json,11df06133c6f18b4c1a22e9b5a66ad105aeee4861ab4387194a606435c5aa1a2,bd109e84c22d4766a8251473f72f316bafd4f8288da383bc9dac2e783e16515d,300,300,stack_blocks_two,Approach,Wrong Pose
80c9b858f43a_stack_blocks_two_demo_clean_seed100007_ep7_step47_20260617_172120,robotwin/train/80c9b858f43a_stack_blocks_two_demo_clean_seed100007_ep7_step47_20260617_172120.json,59c5cda2b22f2d4bfa4b693ed1afb891d0dc798e7114175be6650540a3082fb6,47530f2d07888509b930b49f148e87238083b7d3474897977040e1365e13d0df,48,48,stack_blocks_two,Approach,Wrong Pose
e837d4a4b3e0_stack_blocks_two_demo_clean_seed1_ep1_step200_20260701_014200,robotwin/train/e837d4a4b3e0_stack_blocks_two_demo_clean_seed1_ep1_step200_20260701_014200.json,3248b950af941e195f82489bc4b1e10e5f92adc9ece2a0107392cdd999f262c1,dc9b31d27991b3b3f9b61478d6086c515f285aa6f7c278eb9f9ddcb17bf4f592,201,201,stack_blocks_two,Approach,Wrong Pose
a32ae66855c1_stack_blocks_two_demo_clean_seed100029_ep29_step24_20260617_172503,robotwin/train/a32ae66855c1_stack_blocks_two_demo_clean_seed100029_ep29_step24_20260617_172503.json,f29ea5185df6f00933b26bebea42e207c8fb32f5a52a33baff8ac27cb5dad83c,49fce6eade8605ab917454ebc02b511f4b51c4e2e8c58c177af4fd850017d37a,25,25,stack_blocks_two,Approach,Wrong Pose
aa0971881334_stack_blocks_two_demo_clean_seed100000_ep0_step38_20260617_171328,robotwin/train/aa0971881334_stack_blocks_two_demo_clean_seed100000_ep0_step38_20260617_171328.json,2c9d814fb1a35c82d9cfa94809e43243ddeeebd747669383f6409e96cbd0cc4b,e5708628c36381412e060fcffa3a330bdcca9d51d658b3732c0b5c4f61a9e82e,39,39,stack_blocks_two,Approach,Wrong Pose
efd80cb09e37_stack_blocks_two_demo_clean_seed100040_ep40_step420_20260617_172759,robotwin/train/efd80cb09e37_stack_blocks_two_demo_clean_seed100040_ep40_step420_20260617_172759.json,4549250e7aa427da2f17c2c096e4f2cd4bdcc47243747ac50aff79d658b01547,985e8d4c0910490c05c1eb7e0dd92b7c3c7e57d4f357dc87cc77231043733ab4,421,421,stack_blocks_two,Approach,Wrong Pose
d87a3b685b44_stack_blocks_two_demo_clean_seed100010_ep10_step205_20260617_172139,robotwin/train/d87a3b685b44_stack_blocks_two_demo_clean_seed100010_ep10_step205_20260617_172139.json,192a80d89d899ce6037ca23949acf7d6eed3b4f1d2eb62d0eac49dedf0d5564e,8976ed49e1b165be2c098ec4e6a37f06fb75d9d6f4bdd4e75509e61974e0fa1e,206,206,stack_blocks_two,Approach,Wrong Pose
4b9997b6856f_stack_blocks_two_demo_clean_seed100038_ep38_step190_20260617_172729,robotwin/train/4b9997b6856f_stack_blocks_two_demo_clean_seed100038_ep38_step190_20260617_172729.json,20f87b7598ccd6fb114855a7dd3d3302e634453f945d134b4ddc0480f2180e83,f4fbd24c569940114d2b7be29d93594f35acde03b317441135a1594b81c5ec55,191,191,stack_blocks_two,Approach,Wrong Pose
260d6e5382af_stack_blocks_two_demo_clean_seed100049_ep49_step177_20260617_173034,robotwin/train/260d6e5382af_stack_blocks_two_demo_clean_seed100049_ep49_step177_20260617_173034.json,92dddef94b973537a05e5507ba6a2498b4b8a61973ae0a0e21ef522fe96e338f,b5a07efe14ab378ffb06798715cfaa68073bdb6d8a597ab6dd3c83be1862770c,178,178,stack_blocks_two,Approach,Wrong Pose
792ed0fecb24_stack_blocks_two_demo_clean_seed19_ep19_step300_20260701_014144,robotwin/train/792ed0fecb24_stack_blocks_two_demo_clean_seed19_ep19_step300_20260701_014144.json,879799d229df388b410b005d3a35b96b02857a1b5c95ffc1334bdadaa5bf6774,e119150a0fb4385a635f144d638771ddcdbf3eb5f42963dc01956061d1ee1b4b,301,301,stack_blocks_two,Approach,Wrong Pose
47027497c00e_stack_blocks_two_demo_clean_seed100048_ep48_step185_20260617_172951,robotwin/train/47027497c00e_stack_blocks_two_demo_clean_seed100048_ep48_step185_20260617_172951.json,4bf1b17bc74cb88e80c485433355f90e8c14b462efd2b790c1460a882277f41d,3b2707a0d720c3e4813e01751441911d3da223774bb9967c6257ccaf0d13ea6d,186,186,stack_blocks_two,Approach,Wrong Pose
ffe00627bcba_stack_blocks_two_demo_clean_seed6_ep6_step194_20260701_015611,robotwin/train/ffe00627bcba_stack_blocks_two_demo_clean_seed6_ep6_step194_20260701_015611.json,1249757d6bab6d95285ff675ad416aeeeba2b90589b756e317e8584148ca6c38,470cd4eba7d972a85f6c61320ee2a71253180895715f7cbf1adf592cd693820a,195,195,stack_blocks_two,Approach,Wrong Pose
a7f07fc17d3b_stack_blocks_two_demo_clean_seed21_ep21_step177_20260701_014233,robotwin/train/a7f07fc17d3b_stack_blocks_two_demo_clean_seed21_ep21_step177_20260701_014233.json,d2d10fe8b73c39b5e53198b5c4345bff8e6a5208189ec025c2047244b3a480e3,07b27a1f2c2c23f2ea00a7e1396a580a8d9fcc952b2f4120a6e38003dff46bf3,178,178,stack_blocks_two,Approach,Wrong Pose
f595585d6b21_stack_blocks_two_demo_clean_seed100018_ep18_step212_20260617_172240,robotwin/train/f595585d6b21_stack_blocks_two_demo_clean_seed100018_ep18_step212_20260617_172240.json,3e25b9495e011eb553fdb23f4aa1f1ecb90f26b7fd03c8d71b13ba145667de0f,de947f2666cc3c31e338eb93af1410e3b36894a5edd87caf8858c16bafc86a34,213,213,stack_blocks_two,Approach,Wrong Pose
2e34acdfec01_stack_blocks_two_demo_clean_seed9_ep9_step172_20260701_020026,robotwin/train/2e34acdfec01_stack_blocks_two_demo_clean_seed9_ep9_step172_20260701_020026.json,48ae456b5c421d4eb9472165e323bf359a4b1ab6b7d9d274572aa670ffbf65fc,1dce284daf16782ccccec9015dece0684b81de198596f7fbd9eb2dd772320a78,173,173,stack_blocks_two,Approach,Wrong Pose
52b6cb9b9c6d_stack_blocks_two_demo_clean_seed0_ep0_step574_20260701_012729,robotwin/train/52b6cb9b9c6d_stack_blocks_two_demo_clean_seed0_ep0_step574_20260701_012729.json,0fd9605d95f0ba8a4eb94a855891f747944c74140d424239fd146f98a840d573,aab9cc4e468fb318735a9db9fb9dc5251d5f6242f0c40fdab5069270a9f7a5d3,575,575,stack_blocks_two,Approach,Wrong Pose
59a0184885e6_stack_blocks_two_demo_clean_seed100044_ep44_step181_20260617_172922,robotwin/train/59a0184885e6_stack_blocks_two_demo_clean_seed100044_ep44_step181_20260617_172922.json,ce64a636013cc025a2d06ba5a8677cc1d28f1c2a9e253e05281d908b16c59211,de864f74b71a5e97aa7962c046c959a1d668b3dff775bc30525edb99ac5be330,182,182,stack_blocks_two,Approach,Wrong Pose
a1b87b7b1a24_place_a2b_left_demo_clean_seed100058_ep49_step48_20260617_162518,robotwin/train/a1b87b7b1a24_place_a2b_left_demo_clean_seed100058_ep49_step48_20260617_162518.json,0624281d031019cea225b84e001a209aae15b6fab9a18bdce4f40f8303691b56,50ab5fb45440532608787edd231fd58e6149bd8f51b47f20feb2d1b3c45a9ba5,49,49,place_a2b_left,Approach,Wrong Pose
227bc31a0729_place_a2b_left_demo_clean_seed100050_ep42_step37_20260617_162438,robotwin/train/227bc31a0729_place_a2b_left_demo_clean_seed100050_ep42_step37_20260617_162438.json,e7636f28333c990214d5ff100c504513adae5ff4e1a4ad35c2d267a4fbec2a99,7ec30549429fba8d0cd54e5d0ee776b7b0d31e66a7b1b32dddd281f2898fb9f8,38,38,place_a2b_left,Approach,Wrong Pose
a12ddfe2f644_place_a2b_left_demo_clean_seed28_ep28_step39_20260701_011303,robotwin/train/a12ddfe2f644_place_a2b_left_demo_clean_seed28_ep28_step39_20260701_011303.json,3a4375a890618b0c969aa2d54249fe8fe056b263504b104ce8b3eaeba173716e,473e377874471b8e7dc95d2644459cdc9876ff1506b3b0540ce0ad0c878e25b9,40,40,place_a2b_left,Approach,Wrong Pose
0abf459dfa44_place_a2b_left_demo_clean_seed100021_ep19_step34_20260617_161214,robotwin/train/0abf459dfa44_place_a2b_left_demo_clean_seed100021_ep19_step34_20260617_161214.json,592ccaacaa76ccd8053ef0e1135fcdc52967be78945a120ebec6b932bb3da42a,301b9d026b9db5c0952203faf3458244c4ee89aec9756f19981a41683dcf80c8,35,35,place_a2b_left,Approach,Wrong Pose
0c2f5a9d221c_place_a2b_left_demo_clean_seed100027_ep25_step43_20260617_161242,robotwin/train/0c2f5a9d221c_place_a2b_left_demo_clean_seed100027_ep25_step43_20260617_161242.json,0a4a5a6cfaaecb7334bdfaf8bbee89c6e3466c574808ea6a960889bcfb85e397,5e44f6db6c61e93d62bfd3fd5a2ff52d15f6f4586238de9e5f371e743fa917b3,44,44,place_a2b_left,Approach,Wrong Pose
d9293448b333_place_a2b_left_demo_clean_seed100002_ep2_step38_20260617_160220,robotwin/train/d9293448b333_place_a2b_left_demo_clean_seed100002_ep2_step38_20260617_160220.json,c4d85d327948db98529bc4dc1cf2ca8154d8e0dde7bc7328fc683261cab129b3,8831f7beb5ff826fc2a24fc2a82efb2e84a0152feb9ee126466d7856dc03b00d,39,39,place_a2b_left,Approach,Wrong Pose
9778bb0bf231_place_a2b_left_demo_clean_seed100050_ep41_step40_20260708_163844,robotwin/train/9778bb0bf231_place_a2b_left_demo_clean_seed100050_ep41_step40_20260708_163844.json,3c49b6ba6fb30705702b663a288ee57b5f128e19e506eb311c8fc64e7e56c08a,425242faefaf6562ec0c1263571b9ba676598f11f976d7208bd44935c41c5790,41,41,place_a2b_left,Approach,Wrong Pose
440a6cf8afb4_place_a2b_left_demo_clean_seed100019_ep17_step30_20260617_161046,robotwin/train/440a6cf8afb4_place_a2b_left_demo_clean_seed100019_ep17_step30_20260617_161046.json,50ee2bb4094e98fa1725634ee185bc99c30c5c34e9b28484c8622d08485ac3e4,556cee3f6402de2bc0dc4f88c3cdec543b9101a23253a79cddf3b61ea2c2caa7,31,31,place_a2b_left,Approach,Wrong Pose
08f1b89050d8_place_a2b_left_demo_clean_seed18_ep18_step19_20260701_010610,robotwin/train/08f1b89050d8_place_a2b_left_demo_clean_seed18_ep18_step19_20260701_010610.json,84f67c032b292e68c53c6c2f29070dcd91a28e2d5c4f6ff9ad30587e1ceef7f1,5dc92712d3bdb86b3d09ad7403d4cdc9a4ad9b80ce2b9b9ac4ff9192ccd495ea,20,20,place_a2b_left,Approach,Wrong Pose
182563ca41e4_place_a2b_left_demo_clean_seed100010_ep9_step53_20260617_161029,robotwin/train/182563ca41e4_place_a2b_left_demo_clean_seed100010_ep9_step53_20260617_161029.json,cf3f826095d58e81f22524135cf39fa8bbb7b7ac553dd3f86ebf536428e68c70,768bf79943906d1b68b7ba4a82c17ee12781ad2a42ae930820838a10e733f8a2,54,54,place_a2b_left,Approach,Wrong Pose
aa93ca78e3fc_place_a2b_left_demo_clean_seed100043_ep38_step35_20260617_162413,robotwin/train/aa93ca78e3fc_place_a2b_left_demo_clean_seed100043_ep38_step35_20260617_162413.json,ce9427fc752ae955a012d68ab832e57ec0a4c3728eecd684545d137fb413b4ad,31cd9fdf947c8a2a97cbfbcf0a157708dc0c984b14a1e5d70b414f791635a431,36,36,place_a2b_left,Approach,Wrong Pose
1652ef3db97a_place_a2b_left_demo_clean_seed100035_ep32_step49_20260617_162246,robotwin/train/1652ef3db97a_place_a2b_left_demo_clean_seed100035_ep32_step49_20260617_162246.json,876012d6c7e77a79306da24bfa2aacf855190c15de61a13f3d6670ed8d79c541,1f96b26074cf716cbcfdc2cae2c9f3a476e26c09f0e7ae57460a08a675a26498,50,50,place_a2b_left,Approach,Wrong Pose
884232a22511_place_a2b_left_demo_clean_seed2006_ep3_step52_20260701_134416,robotwin/train/884232a22511_place_a2b_left_demo_clean_seed2006_ep3_step52_20260701_134416.json,c5f5c785bebe5e30d421e1137c0251e0c6b6f6611439c7bb1bade2d115223b08,6cf9755b537fc38e9799b96752debbcc261688be24f300533c90e7aa05d6dfc0,53,53,place_a2b_left,Approach,Wrong Pose
607295355ced_place_object_stand_demo_clean_seed2011_ep11_step40_20260701_140444,robotwin/train/607295355ced_place_object_stand_demo_clean_seed2011_ep11_step40_20260701_140444.json,415672a7d8839398bb2da443f8424aaa384ecc5fa48e91436e64b90ef9113d4d,07ca6ef6f045405423f48723abcd716e519302d208b0ec79dc35c3df5074df64,41,41,place_object_stand,Approach,Wrong Pose
f58c547f4d40_place_object_stand_demo_clean_seed100027_ep26_step39_20260617_163805,robotwin/train/f58c547f4d40_place_object_stand_demo_clean_seed100027_ep26_step39_20260617_163805.json,455acea6c2fa71b775cf4b83c082d6ecf37412c9762612851348f1e38baa37a5,932772cca91b215def73b9cb646fb452915b4e6c325bf83d007d5d349e9aba34,40,40,place_object_stand,Approach,Wrong Pose
0e03f281f1ae_place_object_stand_demo_clean_seed100040_ep38_step35_20260617_164304,robotwin/train/0e03f281f1ae_place_object_stand_demo_clean_seed100040_ep38_step35_20260617_164304.json,eca37530f792af1127fbe65f972ba522de5e5b42eb77dfd701e30708cfc20321,3a381a5d106794d2bedd839c72b237f01b1279a4038091a174dca892c6f4599d,36,36,place_object_stand,Approach,Wrong Pose
e8b9af42cb51_place_object_stand_demo_clean_seed100044_ep42_step110_20260617_164801,robotwin/train/e8b9af42cb51_place_object_stand_demo_clean_seed100044_ep42_step110_20260617_164801.json,55a43769e1632b6c020cef764d23b7aca7faa7d492ebcea6c1ce4a58c8badf5f,7da72c53170d016f98d430cfdfd3696921bdb648e46f50483214157a75d43696,111,111,place_object_stand,Approach,Wrong Pose
bb06e4b6f4ca_place_object_stand_demo_clean_seed42_ep39_step25_20260708_023818,robotwin/train/bb06e4b6f4ca_place_object_stand_demo_clean_seed42_ep39_step25_20260708_023818.json,28e05cc05c60ea9b02479d3256077aa95f96a2fa1cb63a32e916c2d8a792eaf8,681a6c4cadd7fe051f48cd9efa0b87c5d223c5cab831e40cf71bb84e72328a68,26,26,place_object_stand,Approach,Wrong Pose
6355eddc5acc_place_object_stand_demo_clean_seed15_ep15_step40_20260701_011822,robotwin/train/6355eddc5acc_place_object_stand_demo_clean_seed15_ep15_step40_20260701_011822.json,2178d027db2e1c72525d5246dfec6d2cc0b3ee53a35e3d84f3b15848b58c59b1,41923a5367dd339a7654c10d3c33d91e737e60e4e376475880f63bc7590a37ff,41,41,place_object_stand,Approach,Wrong Pose
64fac4572f40_place_object_stand_demo_clean_seed24_ep22_step30_20260708_023956,robotwin/train/64fac4572f40_place_object_stand_demo_clean_seed24_ep22_step30_20260708_023956.json,b2c459792ecf9c30d9fa2c2a6edcd03a8545076196c6d24f13319f311052a27a,f125886c563b10cccb09fb73725126fdecb05f0af8900c0b5731e2fe080874ca,31,31,place_object_stand,Approach,Wrong Pose
0aa37c4b5009_place_phone_stand_demo_clean_seed100043_ep27_step28_20260617_165815,robotwin/train/0aa37c4b5009_place_phone_stand_demo_clean_seed100043_ep27_step28_20260617_165815.json,aaacb8268ca6fe324f0f5e74b11018e35688fe345a322bc14443fb7dccc94eb3,6528981b30c6cb7a461663593d867b8d2842fda99db2d397de304a2f6c1ec548,29,29,place_phone_stand,Approach,Wrong Pose
7ba5d00da91e_place_phone_stand_demo_clean_seed100036_ep23_step33_20260617_165646,robotwin/train/7ba5d00da91e_place_phone_stand_demo_clean_seed100036_ep23_step33_20260617_165646.json,9cf0aab0b9f260717672679da24bf374d8da222bae0268ec2e94efb783f490e1,3538a8cc165e7f9b97ba8eb8a04b74b74e077153f5b24725f65a6fe8951f4daa,34,34,place_phone_stand,Approach,Wrong Pose
8881c685140a_place_phone_stand_demo_clean_seed1_ep1_step33_20260701_012405,robotwin/train/8881c685140a_place_phone_stand_demo_clean_seed1_ep1_step33_20260701_012405.json,58bd5e4fedeb5cebb9b6932f3fe312591b050def24b6db15c1991ecf8ba94032,bdb9294131ce4f6b823aa7944be34793ce32b740f54d62951cfb7118f2288a80,34,34,place_phone_stand,Approach,Wrong Pose
094e3f55320f_place_phone_stand_demo_clean_seed47_ep32_step30_20260707_165356,robotwin/train/094e3f55320f_place_phone_stand_demo_clean_seed47_ep32_step30_20260707_165356.json,83e0bd65cc04819f4376ed1059fb6cc18b522a212fb206b12ccccf3f4962c46e,4acc7a37e2eb6d50ab7aef48bb7aaad68c35c4b93ce3ca638df8df7ae21edcac,31,31,place_phone_stand,Approach,Wrong Pose
b4dfac2d90db_place_phone_stand_demo_clean_seed2058_ep38_step25_20260708_023430,robotwin/train/b4dfac2d90db_place_phone_stand_demo_clean_seed2058_ep38_step25_20260708_023430.json,a7643c09882fbb4a6fb3742e77b54063556f369e7d79028441dafc5411c0f979,6abe3772288bc8ca3973b265966a307c7e7f18855f51cd8d11f11099dc9a57fc,26,26,place_phone_stand,Approach,Wrong Pose
31ee231251f2_place_phone_stand_demo_clean_seed10_ep10_step33_20260701_012043,robotwin/train/31ee231251f2_place_phone_stand_demo_clean_seed10_ep10_step33_20260701_012043.json,5c40b5731204b7ead8a1e7104fad031857c18254cfd4de74ca2196a0a3eccdbf,816e5680be800e18834eb9a228217f43d5c29fa641f032cea3e9100575f8899c,34,34,place_phone_stand,Approach,Wrong Pose
d4242fc0e19f_place_phone_stand_demo_clean_seed100005_ep3_step27_20260617_164953,robotwin/train/d4242fc0e19f_place_phone_stand_demo_clean_seed100005_ep3_step27_20260617_164953.json,271bc4ef8442e99941cfc897161eefb12a2e78262eba3f04236e0b631425ba9f,5f9109c3f23c8ed6e776e7181aad3999875899ca6f45573b09c85709c947d609,28,28,place_phone_stand,Approach,Wrong Pose
9177200fdb25_place_phone_stand_demo_clean_seed100042_ep26_step22_20260617_165759,robotwin/train/9177200fdb25_place_phone_stand_demo_clean_seed100042_ep26_step22_20260617_165759.json,7efefdae0d9be640c68196921718bcf00503c0dab69fc2bc2f115c1da3f442b5,88a42321cad7531282de8f9ffe53b98e5d8b51f15ba82110223f136613a1b84f,23,23,place_phone_stand,Approach,Wrong Pose
fd3a41c7b616_place_phone_stand_demo_clean_seed100060_ep38_step36_20260617_170852,robotwin/train/fd3a41c7b616_place_phone_stand_demo_clean_seed100060_ep38_step36_20260617_170852.json,14aa7e2db25f7e9c62dcdfd234d20d3d4055478d9959f42973e3c22c5b85aa35,2540f6d986ba6c2349465bea0d7f8cf5973343244a58ee3ec266cbbd3d9c771f,37,37,place_phone_stand,Approach,Wrong Pose
1f9b78ff8b4d_pick_diverse_bottles_demo_clean_seed29_ep15_step34_20260706_161140,robotwin/train/1f9b78ff8b4d_pick_diverse_bottles_demo_clean_seed29_ep15_step34_20260706_161140.json,95a38f298e3e45b1dde59873203fe92758e3d375bea980b3c630a84b83276241,ef59778ac3f918bbd9c877ca500b7ef762c83124f0bc539d4a35aa6d0a2c062d,35,35,pick_diverse_bottles,Approach,Wrong Pose
7ab9fa575585_pick_diverse_bottles_demo_clean_seed2070_ep24_step26_20260706_162454,robotwin/train/7ab9fa575585_pick_diverse_bottles_demo_clean_seed2070_ep24_step26_20260706_162454.json,348b468b3998aa0a676948a8d3e4486084c1b669282ffd6870b531146262af20,70c14947b4930b84aceddaded64b31f67113ea8d4941dd4acfda5b548ae0e2c2,27,27,pick_diverse_bottles,Approach,Wrong Pose
10b912083133_pick_diverse_bottles_demo_clean_seed82_ep35_step25_20260706_173054,robotwin/train/10b912083133_pick_diverse_bottles_demo_clean_seed82_ep35_step25_20260706_173054.json,5756a6e575e1a6628eaf41696c2c01a1496c4941f74d3001005bd789e6c6b615,23739cb96eeb5748b24e98215c308064c47148a4d43121d23cf8ac16e76b71b9,26,26,pick_diverse_bottles,Approach,Wrong Pose
f7819f753c34_pick_diverse_bottles_demo_clean_seed100083_ep33_step12_20260706_172145,robotwin/train/f7819f753c34_pick_diverse_bottles_demo_clean_seed100083_ep33_step12_20260706_172145.json,af069cc373d4f9b42a26c3f3547d4d7db0fb9b0135c9f506cad9166a0a17d425,d7cbfebd7808621868544b991ad021d41a0c2cd1ea4f082ae258d4f1371ea7eb,13,13,pick_diverse_bottles,Approach,Wrong Pose
2b2da8287a84_pick_diverse_bottles_demo_clean_seed42_ep20_step20_20260708_173139,robotwin/train/2b2da8287a84_pick_diverse_bottles_demo_clean_seed42_ep20_step20_20260708_173139.json,473adcbb42706fa5f7fc37d8f9a63763daea492063c186fe28e8a741d0e538a1,43a729db96556d12503b1a0c6d6f726ca247a6a51c5f360c4f7aa218ff170911,21,21,pick_diverse_bottles,Approach,Wrong Pose
436645e030df_pick_diverse_bottles_demo_clean_seed14_ep8_step28_20260706_172511,robotwin/train/436645e030df_pick_diverse_bottles_demo_clean_seed14_ep8_step28_20260706_172511.json,5c21ac4acb4b96064218a38de9d2d1bdaa8b34f66c42afee3ad635f7cafde038,862b14863230220f22cf4313f7bf921ea3ff5ce07c68bc7e444dab0a61b7921f,29,29,pick_diverse_bottles,Approach,Wrong Pose
e5f8baa306eb_pick_diverse_bottles_demo_clean_seed52_ep26_step15_20260706_200120,robotwin/train/e5f8baa306eb_pick_diverse_bottles_demo_clean_seed52_ep26_step15_20260706_200120.json,bbe5e95335ca98fd0c4551fabb039225317c4f4e11161a319e4bf80f11942edf,f9c792cf7306d400a92c00c55188c48ba8e183a565a52c8598e3dbd67cbadafd,16,16,pick_diverse_bottles,Approach,Wrong Pose
485092d49c40_pick_diverse_bottles_demo_clean_seed24_ep13_step28_20260706_161743,robotwin/train/485092d49c40_pick_diverse_bottles_demo_clean_seed24_ep13_step28_20260706_161743.json,55bfb3d79c03c59627792baf0019eb9a8903043f279bc9cc54c0d4e4d22021ec,3dd95ab0a1985d1f9c71dc86104bf44a99ac8ac905656e25a78da69d88b7510b,29,29,pick_diverse_bottles,Approach,Wrong Pose
15f2e90e9195_pick_diverse_bottles_demo_clean_seed30_ep16_step20_20260708_173116,robotwin/train/15f2e90e9195_pick_diverse_bottles_demo_clean_seed30_ep16_step20_20260708_173116.json,85e30cadfba48a2700cd5c9e091fe58f6994828fe59618babf3a7423d5782c94,4f92ac6097690a83ee6799b0039218a43a30637061aafef12dc58d45a288b394,21,21,pick_diverse_bottles,Approach,Wrong Pose
cb43dfa5fde8_pick_diverse_bottles_demo_clean_seed2_ep1_step25_20260708_173023,robotwin/train/cb43dfa5fde8_pick_diverse_bottles_demo_clean_seed2_ep1_step25_20260708_173023.json,e472ea5b5cfffc733a16caf97ebd4165b1fd89470a638ce5684983a02d6f34db,c8504b4f277b10fca91b8fec1eff9a47aecd4c362e885aee5b666c20a2eb78e1,26,26,pick_diverse_bottles,Approach,Wrong Pose
5ca6716e085d_pick_diverse_bottles_demo_clean_seed100107_ep42_step29_20260706_164808,robotwin/train/5ca6716e085d_pick_diverse_bottles_demo_clean_seed100107_ep42_step29_20260706_164808.json,ffe42e732d8ca3013fc386181c58880e2a2205ab26a94ea853a36f3d07490c95,68e5fc189b9a5bca111b543c2850242052d7fa3334b83d47bb6dcf6e08cd5f34,30,30,pick_diverse_bottles,Approach,Wrong Pose
ccb4a483f10c_pick_diverse_bottles_demo_clean_seed71_ep31_step33_20260706_171448,robotwin/train/ccb4a483f10c_pick_diverse_bottles_demo_clean_seed71_ep31_step33_20260706_171448.json,0525be1ea91fcf99abb5d6f8450fa97e610a938649f2afb961249e738c7d4a8a,c670f5cd080becadf6b3dc39e5899abcaa4ab5f0f33ed991013b420f9d66ebef,34,34,pick_diverse_bottles,Approach,Wrong Pose
eeb9c488e748_pick_diverse_bottles_demo_clean_seed45_ep21_step25_20260708_173038,robotwin/train/eeb9c488e748_pick_diverse_bottles_demo_clean_seed45_ep21_step25_20260708_173038.json,0b6b2046a7ddc6578be25785b89078b0be8371ebe2051a84c67042394e311c82,af1901643e0e17135b3347aa5fe429cf10de592a5a7181548c6770713472382c,26,26,pick_diverse_bottles,Approach,Wrong Pose
20c3807e246e_pick_diverse_bottles_demo_clean_seed8_ep3_step35_20260708_172959,robotwin/train/20c3807e246e_pick_diverse_bottles_demo_clean_seed8_ep3_step35_20260708_172959.json,c0e34d1bb3751e2dda2c35c96ab20852b8a124b4fe8a9e4438eccabd4767baaf,de40895f7f46e95418a399e469fc450e0e64d7bd01f3915ca88cef463975369b,36,36,pick_diverse_bottles,Approach,Wrong Pose
771562f8569d_pick_diverse_bottles_demo_clean_seed2082_ep28_step30_20260706_195530,robotwin/train/771562f8569d_pick_diverse_bottles_demo_clean_seed2082_ep28_step30_20260706_195530.json,456f653f63a2e210a549d3386a074435be1616442c65f7a3b1a96d70d72739e4,add9a12979775d3a50b54fbd2f9e2098b67b2767f4389e6291af3bfbaec93309,31,31,pick_diverse_bottles,Approach,Wrong Pose
6dba2f32c6b0_pick_diverse_bottles_demo_clean_seed42_ep20_step20_20260708_173154,robotwin/train/6dba2f32c6b0_pick_diverse_bottles_demo_clean_seed42_ep20_step20_20260708_173154.json,88a028fbb823a68989af3f671a7312f689d25e9eac5dc6d681884931bdaae830,10fb1c46b84c485b2c794801373e1583cd39e5367690c660dae58ecd33fef718,21,21,pick_diverse_bottles,Approach,Wrong Pose
75a02cc99a47_pick_diverse_bottles_demo_clean_seed24_ep13_step23_20260706_174522,robotwin/train/75a02cc99a47_pick_diverse_bottles_demo_clean_seed24_ep13_step23_20260706_174522.json,c5467967eebf29e1988695a18c1ae758a4b939b284799d0ab450cf0f03c9497c,dc6b3f271b506eba296564c4f603e6d86f1a06d915581f9a44a4b6e7e2a0001b,24,24,pick_diverse_bottles,Approach,Wrong Pose
96bb4d177e8d_pick_diverse_bottles_demo_clean_seed2_ep1_step38_20260706_170226,robotwin/train/96bb4d177e8d_pick_diverse_bottles_demo_clean_seed2_ep1_step38_20260706_170226.json,222e5d6cb52dabec9a9fc3c6f303ceac5990c82213bc56eb60671a8d80b557e0,07f07a63dcb5de2e9dbd701c13168e22596245356cf0eb71c791ad81106332bd,39,39,pick_diverse_bottles,Approach,Wrong Pose
24df07ed974c_pick_diverse_bottles_demo_clean_seed2017_ep2_step35_20260708_015559,robotwin/train/24df07ed974c_pick_diverse_bottles_demo_clean_seed2017_ep2_step35_20260708_015559.json,5395381c1c7a3b1f7a7827431830e76bb13d2e2f87a4c37e660b043c0db17ba1,d7d51ee2820a3ab64711080ecea1787125efc285e7d3841a53153be183869263,36,36,pick_diverse_bottles,Approach,Wrong Pose
11a463f49071_pick_diverse_bottles_demo_clean_seed2060_ep20_step26_20260706_160812,robotwin/train/11a463f49071_pick_diverse_bottles_demo_clean_seed2060_ep20_step26_20260706_160812.json,cc9e200fae534a59233dfc7cda380cb5ea3a15756230e5d95a0ec468594b7430,e3fa02a7adb18515642f104ad92b49dc98412804f10745ce5e3a80d4d1ee8dcb,27,27,pick_diverse_bottles,Approach,Wrong Pose
17000d3ed4f7_pick_diverse_bottles_demo_clean_seed2102_ep35_step21_20260706_171120,robotwin/train/17000d3ed4f7_pick_diverse_bottles_demo_clean_seed2102_ep35_step21_20260706_171120.json,35bdf346ebe1c3eb0bbc4e8a8123fd2b3ff0b8a849485a63bb68ae4bc87d8730,1ba989d8b6164c1dd7dc36e66bfc5f1b248f078d1e0a5a0f35500f1cc6e73a5e,22,22,pick_diverse_bottles,Approach,Wrong Pose
a6ea2f82ba09_pick_diverse_bottles_demo_clean_seed2131_ep47_step24_20260708_015850,robotwin/train/a6ea2f82ba09_pick_diverse_bottles_demo_clean_seed2131_ep47_step24_20260708_015850.json,cd3a02e615a8e11eb869a055eed4dc24e93c18bdb0817bb78163c7ac4b6d984c,0b73d568f6d594b061c44a33fcb5df1b96f548de90540a2576a2894b26efab9a,25,25,pick_diverse_bottles,Approach,Wrong Pose
02a9f84ca571_blocks_ranking_rgb_demo_clean_seed19_ep19_step234_20260706_004002,robotwin/train/02a9f84ca571_blocks_ranking_rgb_demo_clean_seed19_ep19_step234_20260706_004002.json,4bedfa1f584d5a848802d4f4139aa057dd3abbb5e3df5b18aed15bcf2bfcf6c6,add5c3732f97fcdfa2d6213339958f1e4e8d3ea1161fff844aee01dbf62d54b4,235,235,blocks_ranking_rgb,Approach,Wrong Pose
b9c0ad691ebc_blocks_ranking_rgb_demo_clean_seed21_ep21_step377_20260706_004710,robotwin/train/b9c0ad691ebc_blocks_ranking_rgb_demo_clean_seed21_ep21_step377_20260706_004710.json,fd9dc5705bb124b04eafde3b45ab8c3e7374bb8b2282079cb31a0eb951dc5774,204c74194724b02594cfa35ccb5f375fbfeba49563345c1cc366c4d275415cb5,378,378,blocks_ranking_rgb,Approach,Wrong Pose
08f613a33f20_blocks_ranking_rgb_demo_clean_seed10_ep10_step262_20260706_000047,robotwin/train/08f613a33f20_blocks_ranking_rgb_demo_clean_seed10_ep10_step262_20260706_000047.json,68c23ad3f3f1af835a744057ae06cffad3c895dbf655d9d3575df6f93a614747,4bbedeb871122ee2b942e0840de1ccd857fc88310ccd1b280fed830d01c98b7c,263,263,blocks_ranking_rgb,Approach,Wrong Pose
3775b67e079e_blocks_ranking_rgb_demo_clean_seed100041_ep41_step204_20260705_162518,robotwin/train/3775b67e079e_blocks_ranking_rgb_demo_clean_seed100041_ep41_step204_20260705_162518.json,64d6b9977f753482d3ce99bb8a1510bc2a2686ddceb23a6ca387ca309dccd328,c1db82e93e3527878bd9f4fc6bfeaa404726c1c02cf77adc85ce96a93c9b5da5,205,205,blocks_ranking_rgb,Approach,Wrong Pose
c5e558da50de_blocks_ranking_rgb_demo_clean_seed100010_ep10_step343_20260705_161903,robotwin/train/c5e558da50de_blocks_ranking_rgb_demo_clean_seed100010_ep10_step343_20260705_161903.json,6998f96e8f2fc63cd5bc0df72c7da434af51dd621172e7a24a77e69ee9cd45ec,8a84ffd465560e19a14b22a3e0686caf4e460c9a752ba8c368b21f9df39fd629,344,344,blocks_ranking_rgb,Approach,Wrong Pose
1573a7a54c10_blocks_ranking_rgb_demo_clean_seed6_ep6_step190_20260706_173034,robotwin/train/1573a7a54c10_blocks_ranking_rgb_demo_clean_seed6_ep6_step190_20260706_173034.json,412f4d47066ef447267a07acfdbd679fc4a7333d7ae27e8823dc08fcffd62d3b,38d68e128c9b525ad388f4aaeabcc8730e9e1dc197e4781af9fe63972074cde0,191,191,blocks_ranking_rgb,Approach,Wrong Pose
2b4e683e5d48_place_a2b_right_demo_clean_seed44_ep40_step65_20260706_203811,robotwin/train/2b4e683e5d48_place_a2b_right_demo_clean_seed44_ep40_step65_20260706_203811.json,8ab9abfc4ef029dd35b5222f54b323a05f167085b61c4ab462b1382f3822af98,c9a11744a545401252f82a4b52c8327b4a7e47674165a286cc9457e19a4b9f2e,66,66,place_a2b_right,Approach,Wrong Pose
544212bebb9e_place_a2b_right_demo_clean_seed42_ep38_step35_20260708_003437,robotwin/train/544212bebb9e_place_a2b_right_demo_clean_seed42_ep38_step35_20260708_003437.json,87b8023374cdf384087c97453bccfb1849ab92ea0b92905c1d8bb35e520bcbd7,2a3f88c52bc112d12308298f2ae36ec1162197a37a433748d0202368ab18b958,36,36,place_a2b_right,Approach,Wrong Pose
a213ee344033_place_a2b_right_demo_clean_seed24_ep21_step25_20260708_161600,robotwin/train/a213ee344033_place_a2b_right_demo_clean_seed24_ep21_step25_20260708_161600.json,174c2a8b1b1ecabb8032028ae370e3a8b7d8722f82c0082e297d0717556aeec2,0dca6a21810cacf8a4b99a8e08db79ae01ae748ae06efc3f842220dec276bb31,26,26,place_a2b_right,Approach,Wrong Pose
d3912985a443_dump_bin_bigbin_demo_clean_seed100057_ep27_step35_20260616_185841,robotwin/train/d3912985a443_dump_bin_bigbin_demo_clean_seed100057_ep27_step35_20260616_185841.json,96f8871b75ad8f130778bc7193f57ecab3c571e3d466a193956e4c19e1464be9,afe3d81a0b34fb7f4c7338749fbfec18311ccb86c1e67ddd52108f077d980364,36,36,dump_bin_bigbin,Approach,Wrong Pose
ad4b8c5c72fe_dump_bin_bigbin_demo_clean_seed100042_ep19_step33_20260616_185821,robotwin/train/ad4b8c5c72fe_dump_bin_bigbin_demo_clean_seed100042_ep19_step33_20260616_185821.json,e6fc1e9d8bd7e24085c290d4731941453ec1188a7eb5a0132a6ed2af6ac0ea86,b66a4cd0ec8d14971997a191454e3f44925cc79b251ee82cb1ff1b10d40d6d9b,34,34,dump_bin_bigbin,Approach,Wrong Pose
4c9f72e3bf28_dump_bin_bigbin_demo_clean_seed100038_ep17_step46_20260616_185800,robotwin/train/4c9f72e3bf28_dump_bin_bigbin_demo_clean_seed100038_ep17_step46_20260616_185800.json,52b41f9e813fc837e151bf99da5cbcfaad9a0f9311c76899a575a961d1103603,53f1173caee541ec9baf426be0aa8add57f0d32efd4fa863f040cbb0e92a9bda,47,47,dump_bin_bigbin,Approach,Wrong Pose
ad267bc49df7_dump_bin_bigbin_demo_clean_seed100029_ep13_step36_20260616_185519,robotwin/train/ad267bc49df7_dump_bin_bigbin_demo_clean_seed100029_ep13_step36_20260616_185519.json,76d381400d9c1a7d8f259d6fcb26bea91cd3acb642c51b15308848fce6c02e30,73a2d0f07bbc295a49a9b11e4a5b6d585e21c7be45e49b0762fef279c84ec0dc,37,37,dump_bin_bigbin,Approach,Wrong Pose
f26de6bb7a0d_dump_bin_bigbin_demo_clean_seed100024_ep11_step31_20260616_185446,robotwin/train/f26de6bb7a0d_dump_bin_bigbin_demo_clean_seed100024_ep11_step31_20260616_185446.json,ac49613cdf9b1eb57c686dffd931fa74bbd86f95c8a8331cab69ef681af56a9d,6435a5df3cca3892ab994c7105be6592c5158c5e6778b7791098bacbc902a14a,32,32,dump_bin_bigbin,Approach,Wrong Pose
89c03650a6ed_dump_bin_bigbin_demo_clean_seed100027_ep12_step46_20260616_185503,robotwin/train/89c03650a6ed_dump_bin_bigbin_demo_clean_seed100027_ep12_step46_20260616_185503.json,d487b6fd0e5f1ba689df7f251d2221f6205da9a3ac589058e5050bc998e06e91,5c57bc2b07e981885d9c7958e30fe8e8df0f74c480018c8a820c9377a3c6cac9,47,47,dump_bin_bigbin,Approach,Wrong Pose
276e5cea605c_dump_bin_bigbin_demo_clean_seed20_ep8_step48_20260630_180509,robotwin/train/276e5cea605c_dump_bin_bigbin_demo_clean_seed20_ep8_step48_20260630_180509.json,8b2847f439298459ef60077105d1532f82145ad1dadf6a557656dda7fc49a2c3,58708b759c17c62b1899982906600c264bbe3e17625342ac363a71ab131b414e,49,49,dump_bin_bigbin,Approach,Wrong Pose
b756f25ba443_dump_bin_bigbin_demo_clean_seed100075_ep35_step41_20260616_191034,robotwin/train/b756f25ba443_dump_bin_bigbin_demo_clean_seed100075_ep35_step41_20260616_191034.json,e94b4fdbb262a5388ae21b02302a80f27aafe61ebc6c46f0d6423297554331b1,d24bd49dfecedfd707012fab012077d2c8fcf0180a6db8ae4ed19241ae7e9012,42,42,dump_bin_bigbin,Approach,Wrong Pose
2cce10cbac57_dump_bin_bigbin_demo_clean_seed100034_ep16_step34_20260616_185732,robotwin/train/2cce10cbac57_dump_bin_bigbin_demo_clean_seed100034_ep16_step34_20260616_185732.json,6853b0e270b61dda9625a574e23e4d76c7aff0966ffe46e7bde93a417e608e59,121f440181ce36d12debccba3ad1d99f335420adccd2ac774cbebc860da8b1c0,35,35,dump_bin_bigbin,Approach,Wrong Pose
9d9417b01cc6_dump_bin_bigbin_demo_clean_seed100074_ep34_step34_20260616_190956,robotwin/train/9d9417b01cc6_dump_bin_bigbin_demo_clean_seed100074_ep34_step34_20260616_190956.json,7f2262c934cff6f77985fad26e0d248502f877d6eb9af65f615dbf13771bd362,817c959fae9542efa1ca525bb8e3571d3014054205797eac834b48f94ee1e134,35,35,dump_bin_bigbin,Approach,Wrong Pose
a9cf227f112f_dump_bin_bigbin_demo_clean_seed100016_ep8_step40_20260616_185421,robotwin/train/a9cf227f112f_dump_bin_bigbin_demo_clean_seed100016_ep8_step40_20260616_185421.json,7e528a4ab2ee6577aa7f7e5d01c0894486463a4502ea94348434e0e04276ff18,247a7c437875bf4aacbb803e1608fb3515fbcf7d8808fa92266a6ea3c1942b8f,41,41,dump_bin_bigbin,Approach,Wrong Pose
941df31c0291_dump_bin_bigbin_demo_clean_seed100002_ep1_step45_20260616_185123,robotwin/train/941df31c0291_dump_bin_bigbin_demo_clean_seed100002_ep1_step45_20260616_185123.json,85483f39cce21b2a74fa90f7fc323315975cc56c1fb44fe69bbc4a16bfb08462,9ea1c80a07c76531a34702e023ca92ca04f191d8ed579addd387ac7333a133b5,46,46,dump_bin_bigbin,Approach,Wrong Pose
00f8d2d7b16b_dump_bin_bigbin_demo_clean_seed100033_ep15_step34_20260616_185718,robotwin/train/00f8d2d7b16b_dump_bin_bigbin_demo_clean_seed100033_ep15_step34_20260616_185718.json,cfe6add9241a2a31f958163d844c5a71edd40a6907ddcfaaa52852939f6acab2,7553bfcc9692ba8b8ab600d85abe8f65366f0751ab7bee91cba0c7a2b26bedb4,35,35,dump_bin_bigbin,Approach,Wrong Pose
07560b518614_dump_bin_bigbin_demo_clean_seed100031_ep14_step218_20260616_185555,robotwin/train/07560b518614_dump_bin_bigbin_demo_clean_seed100031_ep14_step218_20260616_185555.json,8f8b0b0bea5a9ae441c1e5daf311468948588ac2ef8eb2c31bb9789acd1ae5c2,d66a1d1fb7f91b391c710b6d6420e02bab64a2a40c2e26b2f97cd59a95011f7d,219,219,dump_bin_bigbin,Approach,Wrong Pose
83d013370b92_click_bell_demo_clean_seed100033_ep33_step98_20260616_183707,robotwin/train/83d013370b92_click_bell_demo_clean_seed100033_ep33_step98_20260616_183707.json,7af5bde3ef1435d0833bb223d6378e2309ef6aaec3ebabdda80d7358dbe92177,722d1de31c25e0f6c8bbccc41d77eae742d610065994fd0226ea0a93bc0a9a4a,99,99,click_bell,Approach,Wrong Pose
1c7ec71a38b9_click_bell_demo_clean_seed100032_ep32_step209_20260616_183658,robotwin/train/1c7ec71a38b9_click_bell_demo_clean_seed100032_ep32_step209_20260616_183658.json,d3243a361ea58692ecbf056c94f08bd03414cfe06692f8d8511361f95a763160,ea8c5804e4d42c07ba35e63ccb9eb6a3c954de689bc096973da57d7c2940691d,210,210,click_bell,Approach,Wrong Pose
9323e2a089fb_click_bell_demo_clean_seed100025_ep25_step96_20260616_182426,robotwin/train/9323e2a089fb_click_bell_demo_clean_seed100025_ep25_step96_20260616_182426.json,ad823bf8480beadd420189b157fb29764e6071277a3e45e9955db181a3285fba,f3f2cf2bbba0ed267ab2987e3c52f3ce42bdf5c4be8a6e37fd7c201a23dbbffb,97,97,click_bell,Approach,Wrong Pose
44591cb6955e_click_bell_demo_clean_seed100029_ep29_step201_20260616_183621,robotwin/train/44591cb6955e_click_bell_demo_clean_seed100029_ep29_step201_20260616_183621.json,3519df18bcd26bc20f5bbd90cd845dcbb01a124b400ce420820766222daf2999,530d4e503001d52a196f316d0ffc326961fea7d17f197047bc8f782d1d95dbf6,202,202,click_bell,Approach,Wrong Pose
9e7808da3608_click_bell_demo_clean_seed100040_ep40_step314_20260616_183745,robotwin/train/9e7808da3608_click_bell_demo_clean_seed100040_ep40_step314_20260616_183745.json,a2f11e3daca5201bcabb59f18a09a3e82bf628d20068ba1484560826730a84d9,6cc9dfdc932d39a9bfebb0e19af549e1b50ea7f1db2452f14957d717d0ad1e33,315,315,click_bell,Approach,Wrong Pose
2f7fdea27c6b_click_bell_demo_clean_seed100045_ep45_step277_20260616_183858,robotwin/train/2f7fdea27c6b_click_bell_demo_clean_seed100045_ep45_step277_20260616_183858.json,7cbbe438855e92000b6900f525b199586d8a1502dc009d9b0e85a80332d08f4b,69cde902b535d2ae516aec97023690a1cd48489734bc8ea273e5ba1dfb775970,278,278,click_bell,Approach,Wrong Pose
304bc3029505_click_bell_demo_clean_seed100042_ep42_step165_20260616_183823,robotwin/train/304bc3029505_click_bell_demo_clean_seed100042_ep42_step165_20260616_183823.json,25bb5921c1877dac975d19a41bbed8b1449a548bb8ea5fa2c850fec867e7d45f,e31d671d9d1eaf824e9b4044ce6150460ab5da556a569525678add4ad7ffe20f,166,166,click_bell,Approach,Wrong Pose
6ea58046a516_click_bell_demo_clean_seed100002_ep2_step103_20260616_172719,robotwin/train/6ea58046a516_click_bell_demo_clean_seed100002_ep2_step103_20260616_172719.json,27b3532176f6e1b71c5ee4fa6adb3e3e0ef77277085b02d220f3bf3f5a5ce5c8,6ee6f6cac6589aa0a7aacac82c2ea35a53febec76789b7a56bd5054bbf5e3516,104,104,click_bell,Approach,Wrong Pose
16c31c0d3056_click_bell_demo_clean_seed12_ep12_step54_20260630_175858,robotwin/train/16c31c0d3056_click_bell_demo_clean_seed12_ep12_step54_20260630_175858.json,2199fc4604a4e45685f45626506e6cb919dc1790e0330f33fd2ac6820dcd2f9b,a4a875acf1012f705d190f4197cdcff5f4cf1bc1603d5dfff7975152c12106b9,55,55,click_bell,Approach,Wrong Pose
5099bfb309fb_click_bell_demo_clean_seed100043_ep43_step270_20260616_183840,robotwin/train/5099bfb309fb_click_bell_demo_clean_seed100043_ep43_step270_20260616_183840.json,ff1167b433a9d87040b2d89375357ca6aaab2da5f6ae5081d4c3c1ba6f4f832a,a4e8e53221ede96186965d8fdf5d5be056a32db83b476484a68212df822afa46,271,271,click_bell,Approach,Wrong Pose
6862b64a474b_click_bell_demo_clean_seed20_ep20_step50_20260630_175911,robotwin/train/6862b64a474b_click_bell_demo_clean_seed20_ep20_step50_20260630_175911.json,6ac8c20ced5fec96dfb08f5ab38087dc63ad66888be821f471f382c6ba791453,956cded6ab9456b805d674fedeb7c36a1a4c0b82518937e083443aa67e1c4adc,51,51,click_bell,Approach,Wrong Pose
808025d99b5e_click_bell_demo_clean_seed100027_ep27_step124_20260616_182450,robotwin/train/808025d99b5e_click_bell_demo_clean_seed100027_ep27_step124_20260616_182450.json,b2228203d5fd7be6f95864c5f8cd7af68d43ed06038365bc3dc2cc8815a1b8fc,db12dc4dc76ff031c5311e83520b5c90dec0ca6bde1494f6844838affc32a6c9,125,125,click_bell,Approach,Wrong Pose
2a175cd8b468_click_bell_demo_clean_seed100023_ep23_step51_20260630_150418,robotwin/train/2a175cd8b468_click_bell_demo_clean_seed100023_ep23_step51_20260630_150418.json,241ddf143b686ed0ac7e72dd1c7dd6f5388feb1475d239eac2aab1645f442320,03071cfb984e6b15e81128536adbc7484d5711cc23071e50188658a9ce228018,52,52,click_bell,Approach,Wrong Pose
01a2b9dc82e3_click_bell_demo_clean_seed100014_ep14_step46_20260630_150357,robotwin/train/01a2b9dc82e3_click_bell_demo_clean_seed100014_ep14_step46_20260630_150357.json,61ecffc266ebfc4437a411987f7992678068f3e5db63fb685b315d47b1e1e1b3,2f492d310276b6a264ca2d8eca31618deb63fa1495a6cb9b9b3e231b4e5b34a6,47,47,click_bell,Approach,Wrong Pose
94cedab03ba6_click_bell_demo_clean_seed100004_ep4_step92_20260616_180405,robotwin/train/94cedab03ba6_click_bell_demo_clean_seed100004_ep4_step92_20260616_180405.json,3e3634600a3d2f9af61583484086075c42f3b9cb1a22666b085c064e7a918305,270a9d46a1b842cef5620d4ab9292ee79185c205c78db08672b7301b81471dc9,93,93,click_bell,Approach,Wrong Pose
dd70008c4b0b_click_bell_demo_clean_seed100024_ep24_step56_20260616_181949,robotwin/train/dd70008c4b0b_click_bell_demo_clean_seed100024_ep24_step56_20260616_181949.json,d2a3168e3a37904a4c442e17005b35862869e1951069a92f09f77b5fe09f2a82,2210fa2acacfccc4fbf9638c050a7272f7e38732a1efee0c66254bb949ffdcc8,57,57,click_bell,Approach,Wrong Pose
31fe507dac2d_click_bell_demo_clean_seed100013_ep13_step46_20260630_150341,robotwin/train/31fe507dac2d_click_bell_demo_clean_seed100013_ep13_step46_20260630_150341.json,54db5fe7feee10f6b7aa2b2a2f9aa4f8afac48462e95ee73f90348a3a8dd41cf,0aa5e957313fb191edfc802ff2dfdf4708073127b849f7b72bef242e84a1dd14,47,47,click_bell,Approach,Wrong Pose
360c790f9326_click_bell_demo_clean_seed100000_ep0_step45_20260630_150313,robotwin/train/360c790f9326_click_bell_demo_clean_seed100000_ep0_step45_20260630_150313.json,841924b6264d69753f30ae314560a3c7af13756345b00572ba7d3509ea98e653,58e79dad3de405b3b654964ff4ea8a5ced8014467b498a2ae8ffbe2e742b910b,46,46,click_bell,Approach,Wrong Pose
3312a5c7f413_blocks_ranking_size_demo_clean_seed54_ep48_step182_20260706_174055,robotwin/train/3312a5c7f413_blocks_ranking_size_demo_clean_seed54_ep48_step182_20260706_174055.json,e0cc2784e87891d17492986d02ccf22431960ded1d7b4678a66899e864b29785,13f16e902bc70fe16b9a5c92cc42ed534f351c38666b6d3c83657fc64010eabf,183,183,blocks_ranking_size,Approach,Wrong Pose
5fea74dad7af_blocks_ranking_size_demo_clean_seed2022_ep21_step299_20260706_172708,robotwin/train/5fea74dad7af_blocks_ranking_size_demo_clean_seed2022_ep21_step299_20260706_172708.json,4de2b1602f9be03d713f8e1b923352be776316dede12c9241c58e515ff755607,d503b30ffd664e1085ac31f236c521b2c0149155c907ffba9fad26001ff38fa0,300,300,blocks_ranking_size,Approach,Wrong Pose
0c915cb850a7_blocks_ranking_size_demo_clean_seed2046_ep42_step299_20260706_153443,robotwin/train/0c915cb850a7_blocks_ranking_size_demo_clean_seed2046_ep42_step299_20260706_153443.json,903fe3ad93d116bc59a1a878f5f7328c427ad8601d3ec2a8d89cc171ea47febe,477f35c6f59761f6807e52b5098bf58f08fd7f07cae89ec53a35d46915ba7e02,300,300,blocks_ranking_size,Approach,Wrong Pose
c0a2c11d476f_place_object_basket_demo_clean_seed2050_ep32_step30_20260708_025851,robotwin/train/c0a2c11d476f_place_object_basket_demo_clean_seed2050_ep32_step30_20260708_025851.json,3721a99531a9211bc29803f67828d2a33c3ac1167d7fe4e250192be3f899ee17,307070909b96decc570b5bbfceb5ec8603685b25aea6986d40560f6a8ec209c4,31,31,place_object_basket,Approach,Wrong Pose
36d32f1c4bc0_place_object_basket_demo_clean_seed23_ep13_step34_20260706_160010,robotwin/train/36d32f1c4bc0_place_object_basket_demo_clean_seed23_ep13_step34_20260706_160010.json,818e687727bef27708456e017b25d45bb857bbd31e1a883469e7f026b29fd399,54d880abfd700ba47f56b50e943c60b14191bb83248b10a602bcae6eb5b111c2,35,35,place_object_basket,Approach,Wrong Pose
5a65fe10a341_beat_block_hammer_demo_clean_seed100046_ep33_step46_20260616_170603,robotwin/train/5a65fe10a341_beat_block_hammer_demo_clean_seed100046_ep33_step46_20260616_170603.json,4085760d4f092d3c3dcfe3693ede9dc91608e66ebd5892cb2cc0775643903c9f,3b3aca5d9dda549f50209008450c77866ca5033fb338a37b5c691a395d81e969,47,47,beat_block_hammer,Approach,Wrong Pose
16f9609be7d6_open_microwave_demo_clean_seed100003_ep3_step27_20260617_150215,robotwin/train/16f9609be7d6_open_microwave_demo_clean_seed100003_ep3_step27_20260617_150215.json,95ae5d441a9cf5f7cefd19f25068b9bc9b102238aaeb546fb8f28e2fefe5d704,c081a0551ce8c48d13548fdf6aa87aa26f2ce91f459be3e55674f9b5a4c6d5ba,28,28,open_microwave,Approach,Wrong Pose
4bae610b3a93_open_microwave_demo_clean_seed100040_ep35_step54_20260617_151958,robotwin/train/4bae610b3a93_open_microwave_demo_clean_seed100040_ep35_step54_20260617_151958.json,825d6f79eed4bc21d3ccd3e717824e764998e0db826dadf7482fc9edf52a00fd,1d6b85bfe451fa6be337f99f57bd2f339b2ed2fe6dea427473409928281eccc0,55,55,open_microwave,Approach,Wrong Pose
4241f096ef5c_place_bread_skillet_demo_clean_seed114_ep39_step35_20260706_204132,robotwin/train/4241f096ef5c_place_bread_skillet_demo_clean_seed114_ep39_step35_20260706_204132.json,07fd3404e0ef7a66931d28944e69dc2fe52c4751bda02b0c918a4a97fde4db6c,69bf019bc376c6ad7a84aaa699b1d81072de0cbc68144cbaf35082d6c08037af,36,36,place_bread_skillet,Approach,Wrong Pose
99fafbb3b4e2_stack_blocks_three_demo_clean_seed13_ep13_step358_20260706_134324,robotwin/train/99fafbb3b4e2_stack_blocks_three_demo_clean_seed13_ep13_step358_20260706_134324.json,d0b0b6aabc9a52e53de8aa5562599b9b78c5e16b488710c29db718c5ce8cf3f0,e3d57de6fa8341ba3d96509b10a3a4054423515a5aebbfe58744ae032f773d58,359,359,stack_blocks_three,Approach,Wrong Pose
d27993f8d803_scan_object_demo_clean_seed100037_ep5_step24_20260711_120228,robotwin/train/d27993f8d803_scan_object_demo_clean_seed100037_ep5_step24_20260711_120228.json,be494337ddff0756e38bc7f05d1233a619f1af423cedc78d6bf6c8f1627f99ca,b778758bef81d905349b81eb450e6cbba02c6c1ca1b36d176ff1eadd5f40bfc3,25,25,scan_object,Approach,Wrong Pose
671c04eea69f_place_can_basket_demo_clean_seed100062_ep42_step74_20260706_173042,robotwin/train/671c04eea69f_place_can_basket_demo_clean_seed100062_ep42_step74_20260706_173042.json,a5e9da69baac8e0a47fc780dbec90fd32f775cf0036183b88e33881937ea09ed,6f3727671f98130553854ecff83f708565eb3d15446e789a1d1f7f326e88c385,75,75,place_can_basket,Approach,Wrong Pose
a1fcda331915_place_bread_basket_demo_clean_seed2017_ep17_step19_20260706_172721,robotwin/train/a1fcda331915_place_bread_basket_demo_clean_seed2017_ep17_step19_20260706_172721.json,eba0b5755ef023a6365d43f31771c52612f21b035e10e7db272eed6ec23594bb,2643f295e856345998b9732fbef92beabd3b26d9561c1ac350959301bc712aa5,20,20,place_bread_basket,Approach,Wrong Pose
01ce476b470c_stack_bowls_two_demo_clean_seed31_ep25_step160_20260708_020531,robotwin/train/01ce476b470c_stack_bowls_two_demo_clean_seed31_ep25_step160_20260708_020531.json,9fd977272e075e002f36e55fc6d46615aa68b55281ad39a8a27935dc60be0bb4,1b9b4cad953ad19b48a7477f95f8dfc375942e1132cfc23e1fab896ecc9d65db,161,161,stack_bowls_two,Approach,Wrong Pose
b0c3caa85d5e_stack_bowls_two_demo_clean_seed11_ep8_step235_20260706_004917,robotwin/train/b0c3caa85d5e_stack_bowls_two_demo_clean_seed11_ep8_step235_20260706_004917.json,a809b4f099346133d2e51a24fdc0284928dc71dae2ca9278947a81b76044a2c1,4d5e3473d2a2fdb270c105ff29be417d24fa3a3744f9b12607086e1a7844b0d6,236,236,stack_bowls_two,Approach,Wrong Pose
9b0752b4d358_open_microwave_demo_clean_seed2027_ep23_step41_20260701_132846,robotwin/train/9b0752b4d358_open_microwave_demo_clean_seed2027_ep23_step41_20260701_132846.json,7494eb526135caa8303161bcf5b2cfce6ed08b6f21cb617316e4d513631fb5c1,d12cdf36ef9e72585e8f24722746b23f120e1153bec3cfa2989e275702a477ab,42,42,open_microwave,Approach,Wrong Target
66f831ff1e0d_open_microwave_demo_clean_seed15_ep15_step27_20260630_185404,robotwin/train/66f831ff1e0d_open_microwave_demo_clean_seed15_ep15_step27_20260630_185404.json,5e434f3098a5f46f7ac98941ada55ed1dbcf2eea9e6b79fc9048c356366f5832,2dba6454db04794c4ad33e071e141ab48b795710093c155b58e830de3cb98116,28,28,open_microwave,Approach,Wrong Target
0b5aad48f98c_open_microwave_demo_clean_seed2005_ep3_step42_20260701_130845,robotwin/train/0b5aad48f98c_open_microwave_demo_clean_seed2005_ep3_step42_20260701_130845.json,b23214a3e8574e256e7d96dc1ae6a05ca36e90f69e713084845d4d2e038ab692,b3b02a59ca401dce8a3d3952628933d4207c089d0a70dcd6afe9fe75d6248630,43,43,open_microwave,Approach,Wrong Target
15fd2f906a66_open_microwave_demo_clean_seed100019_ep18_step35_20260617_151225,robotwin/train/15fd2f906a66_open_microwave_demo_clean_seed100019_ep18_step35_20260617_151225.json,90a831ad7456b4daa894d34c115c644fbcf04657f7932584f06089556fb68ce5,f2faed6cc236549a5c9aeea4d2c24fea73ed87f44b5339aab0d0a08eecfa8ca5,36,36,open_microwave,Approach,Wrong Target
6ce6924371c8_open_microwave_demo_clean_seed2033_ep28_step25_20260701_132943,robotwin/train/6ce6924371c8_open_microwave_demo_clean_seed2033_ep28_step25_20260701_132943.json,f864cc5b73b700f03c04c23c296dc3946623592cc09660057d8567dd441e174d,d784cdd10de7fadfe266ec6b498bffac51ea56cee189988f4ed8f873da54ab50,26,26,open_microwave,Approach,Wrong Target
2ef1eca9caf0_open_microwave_demo_clean_seed2007_ep5_step27_20260706_174435,robotwin/train/2ef1eca9caf0_open_microwave_demo_clean_seed2007_ep5_step27_20260706_174435.json,ff9e81194cccddb2fd70bd1cc3979b3b22efc825b6a4af23140bb903839198d8,90e07b64be3fdfc9f4cc3cb9a4f59e2407bd02ab1d2de70b5d38315076a296cf,28,28,open_microwave,Approach,Wrong Target
fea10c4409d7_open_microwave_demo_clean_seed4_ep4_step29_20260630_191603,robotwin/train/fea10c4409d7_open_microwave_demo_clean_seed4_ep4_step29_20260630_191603.json,2dfceed1d3b4aabf0418b69cfa30a6f4cb79cdf4a776a4b5e78ef1e1440e3140,994ecaf0c18f48b13fd4f4e1b882f6dee9e050c9ba8d07c2207fcd1265717ad1,30,30,open_microwave,Approach,Wrong Target
02b202d61217_open_microwave_demo_clean_seed2023_ep19_step33_20260701_132533,robotwin/train/02b202d61217_open_microwave_demo_clean_seed2023_ep19_step33_20260701_132533.json,3b77609920bbfaae70f8d42e052ff2718ac092645f024490ebea9c0b68ed808a,a6411f9044bf0ec7f69c8529ffcd0afdbaebd0b762820877e054c133c8ebde8b,34,34,open_microwave,Approach,Wrong Target
b83789771b4c_open_microwave_demo_clean_seed2030_ep26_step37_20260701_132917,robotwin/train/b83789771b4c_open_microwave_demo_clean_seed2030_ep26_step37_20260701_132917.json,cfd79df280f2a70939f2494ffd21130d04bbbf768ca0bb7814275ca957a44ddc,e7e9a8df464fcbec13478b2cbbbb624136b76658b09f7835b8b8b66e1742e6a9,38,38,open_microwave,Approach,Wrong Target
1e1f5329668a_open_microwave_demo_clean_seed2011_ep7_step41_20260701_131605,robotwin/train/1e1f5329668a_open_microwave_demo_clean_seed2011_ep7_step41_20260701_131605.json,0039262ff084e1b5b406e7944321a7bba0edc44f4e7b9772019349f1b0009765,ee668c97d954bf8af6225e9c5a45eadc9a064f9e96190e42253b868b1299dbdb,42,42,open_microwave,Approach,Wrong Target
a1886024949a_open_microwave_demo_clean_seed28_ep28_step37_20260630_190902,robotwin/train/a1886024949a_open_microwave_demo_clean_seed28_ep28_step37_20260630_190902.json,20e25932c399e5f9a102825c8e4989487a695d73402098e68ab0ac82fbd02ecd,b7832e0707857c25439333a7c0a83b9f3403b53cb88b56de05842f32ce8bc5ea,38,38,open_microwave,Approach,Wrong Target
365b9bc32270_open_microwave_demo_clean_seed5_ep2_step29_20260706_162009,robotwin/train/365b9bc32270_open_microwave_demo_clean_seed5_ep2_step29_20260706_162009.json,8b9bc01063c6042a6d2f1ced26e136b99827873d6d73ee34badc7184b98af5f8,17f2cfde90e64f41281a02fceab29afe72d2fa55cfb7094d554faf240b7fb324,30,30,open_microwave,Approach,Wrong Target
60dbd47f225e_open_microwave_demo_clean_seed2013_ep9_step74_20260701_131711,robotwin/train/60dbd47f225e_open_microwave_demo_clean_seed2013_ep9_step74_20260701_131711.json,6e3725e08b12348e9c1b0c7b2f9342aa7ed20dd689ca3ed1001ef5d6dad00fcc,b90180c58c28525b8c7ac60be708968c068ad15b6e8c38d430127e6c3351b8e1,75,75,open_microwave,Approach,Wrong Target
4699dc07c48c_open_microwave_demo_clean_seed13_ep13_step34_20260630_185109,robotwin/train/4699dc07c48c_open_microwave_demo_clean_seed13_ep13_step34_20260630_185109.json,11c8a2bd098212c3335a1e603e7d120fa7729e1d8f08a54409ef30a97feda568,e22fe6bbfe3b291ee055bf5436c5801725aeabc7b2c819b51562219517486537,35,35,open_microwave,Approach,Wrong Target
402363a74a26_open_microwave_demo_clean_seed0_ep0_step34_20260630_185038,robotwin/train/402363a74a26_open_microwave_demo_clean_seed0_ep0_step34_20260630_185038.json,a0100b961e0a9773a724c61db02f55bf4b1f817826c1f2daf9e1612639fb8bf1,afd7b6fc8db016f46aba9a10aae023aaf3d6f1e2f8189fbe700a39f617e9aeb1,35,35,open_microwave,Approach,Wrong Target
3d1f52e32c41_open_microwave_demo_clean_seed56_ep45_step40_20260708_010415,robotwin/train/3d1f52e32c41_open_microwave_demo_clean_seed56_ep45_step40_20260708_010415.json,711df758438ff9255c9d59bb235e53847dd7d456345ef5eea6f9f9dee049430e,436a8a47c1f2b410f91d29b1a71fb0019d56ee4b920e772d8b1f24e771bf5d70,41,41,open_microwave,Approach,Wrong Target
67631d44b148_open_microwave_demo_clean_seed2_ep2_step39_20260630_191101,robotwin/train/67631d44b148_open_microwave_demo_clean_seed2_ep2_step39_20260630_191101.json,7cd4edb9f24b9dd8bfa891a5b85d6dcf09d0e6e6daaff42c8694486970d6ccff,f9a13cd905b6384e0f8876a546509c86a7ba5db69603c2ed1a36f1291092d245,40,40,open_microwave,Approach,Wrong Target
549bdd68af89_open_microwave_demo_clean_seed2007_ep4_step26_20260701_131430,robotwin/train/549bdd68af89_open_microwave_demo_clean_seed2007_ep4_step26_20260701_131430.json,151fbb179aec6e73b1dd7f848e22a92060887a67837ee9a5881b5a4260cd3198,91c53436826c953c058d74b5f04c2686a7efcc3cf064ad9b804bae89eccfe9bf,27,27,open_microwave,Approach,Wrong Target
bd4c63a83fea_open_microwave_demo_clean_seed27_ep20_step55_20260708_190850,robotwin/train/bd4c63a83fea_open_microwave_demo_clean_seed27_ep20_step55_20260708_190850.json,6b8141ef745025e397fc7424bedc74ff6a94c60886017d51cd99ad5ec29f6760,2f0e80c53d44d7328d427c2faba05d9d0ce4c3b9fa9546d0595f20904306f607,56,56,open_microwave,Approach,Wrong Target
7fc58fabc198_open_microwave_demo_clean_seed2028_ep24_step35_20260708_191119,robotwin/train/7fc58fabc198_open_microwave_demo_clean_seed2028_ep24_step35_20260708_191119.json,d0b8dfa898cea6cff73a2859fe28f00e69ead79a0b91692f05260a652181c4f3,61b1c05cb94a9ecdd57d01bc224d2482e708fba2ef0a4cff09dd239d0887336e,36,36,open_microwave,Approach,Wrong Target
d5aa2df61858_open_microwave_demo_clean_seed9_ep9_step38_20260630_191755,robotwin/train/d5aa2df61858_open_microwave_demo_clean_seed9_ep9_step38_20260630_191755.json,c9368e109ed7ac5cd2e92c4e506396d034c04c64dfd3660aa332a99d0feebd3f,0246842a2145cfe47e24f30f04f696fdc03572e4614ccf30212581aaa52f124c,39,39,open_microwave,Approach,Wrong Target
14a73adc6b7d_open_microwave_demo_clean_seed2033_ep26_step25_20260706_160215,robotwin/train/14a73adc6b7d_open_microwave_demo_clean_seed2033_ep26_step25_20260706_160215.json,bfd2b66784645a509ef42a52eced61a6c8d329d0c7a5a2237fa864459ab4a28c,7c9af788670a73ffd314743d1b80523f9e3cf4675e4acef77a7edbfac3d70607,26,26,open_microwave,Approach,Wrong Target
1be71b037553_open_microwave_demo_clean_seed2033_ep26_step25_20260708_015619,robotwin/train/1be71b037553_open_microwave_demo_clean_seed2033_ep26_step25_20260708_015619.json,1b163dbf7707a269dce1b6fc8a137e28bf2feff5d158d6f6be9b68ad44f8ec7b,753914e6cb0ece466468ccbb46f4ae3a3c1841b6870963820d787cf3ef47e30f,26,26,open_microwave,Approach,Wrong Target
b9e6d4defe2d_open_microwave_demo_clean_seed2007_ep5_step25_20260706_205234,robotwin/train/b9e6d4defe2d_open_microwave_demo_clean_seed2007_ep5_step25_20260706_205234.json,c131d523be442a86e5803dff3877d73e1e175ddc2e5382394546912833ab96bf,820911753d8d46d0bf4488f495407d7730ef401f1b8d3104df7650ba5aad6820,26,26,open_microwave,Approach,Wrong Target
3b661287a0a3_place_a2b_left_demo_clean_seed0_ep0_step41_20260701_005940,robotwin/train/3b661287a0a3_place_a2b_left_demo_clean_seed0_ep0_step41_20260701_005940.json,6281f61ee66729a80aee1e142ee23648d4f6b2d93969e922d188cbb9c27e433d,750b84bbd9ad11e83e46ead7cdbc53665abdbc2e131ec7577be6074532abad4e,42,42,place_a2b_left,Approach,Wrong Target
80e3f4839b79_place_a2b_left_demo_clean_seed100000_ep0_step16_20260630_163046,robotwin/train/80e3f4839b79_place_a2b_left_demo_clean_seed100000_ep0_step16_20260630_163046.json,6383ea632761560997b18932a83a8622a12805941e72026f9d03936eeb68b55f,339bdebcbf1287f7520d6855d6d8428724c6973aab51906ff1df7a1667967a94,17,17,place_a2b_left,Approach,Wrong Target
a584a73a0756_place_a2b_left_demo_clean_seed2025_ep19_step6_20260701_135551,robotwin/train/a584a73a0756_place_a2b_left_demo_clean_seed2025_ep19_step6_20260701_135551.json,a1a895ad9848d0837dd62c9c584ea675fd6a6d6449e22b3097de78f1bf9f9f5a,eedf63ba793e5f35044fdcae30707ae3670fea286c8c751eb532c267fa509e96,7,7,place_a2b_left,Approach,Wrong Target
fd6b5eefc06b_place_a2b_left_demo_clean_seed4_ep4_step13_20260701_011423,robotwin/train/fd6b5eefc06b_place_a2b_left_demo_clean_seed4_ep4_step13_20260701_011423.json,a04b57560539f2238bb9b225310facd377a3efff1a322d991f964bc86741a88c,8a55a2ffd383df24a10a87a9f59c1290da847085bb969b251507478d2013b402,14,14,place_a2b_left,Approach,Wrong Target
1a017a176b54_place_a2b_left_demo_clean_seed45_ep38_step35_20260708_163741,robotwin/train/1a017a176b54_place_a2b_left_demo_clean_seed45_ep38_step35_20260708_163741.json,8a6e82a62fe7e50fe58f106537f5dc151b28806b296965e145b7a70a586cefb8,19368945aa2620d71d23ff70509a9a42492d21de946be9a73d2be7c44ee02ecd,36,36,place_a2b_left,Approach,Wrong Target
c6fa55372707_place_a2b_left_demo_clean_seed2013_ep10_step15_20260701_135020,robotwin/train/c6fa55372707_place_a2b_left_demo_clean_seed2013_ep10_step15_20260701_135020.json,44e2f00b9247a9ea8b299580c7eaecf6c926e1157a311409774cbb76a498d7f3,b7006e2cca092ba5c93be29028a83a3282edabb4f42ceb7271a928ffb9fae517,16,16,place_a2b_left,Approach,Wrong Target
2b0204d0e061_place_a2b_left_demo_clean_seed2019_ep15_step24_20260701_135335,robotwin/train/2b0204d0e061_place_a2b_left_demo_clean_seed2019_ep15_step24_20260701_135335.json,a8bbd5ac62b9392216a6be469df71b6fc5cc5b576afe0ce11a73a1a3cd68b552,386acc21b184484e16564b85d2bc630b8e28689ae0683dd145829f5b09af61b3,25,25,place_a2b_left,Approach,Wrong Target
b00c7ae277d2_place_a2b_left_demo_clean_seed2034_ep26_step10_20260701_140125,robotwin/train/b00c7ae277d2_place_a2b_left_demo_clean_seed2034_ep26_step10_20260701_140125.json,a13f398b83e20f0edd55c76c3e8f2afa43643901380b5118b57a09c507a3ef67,81fa4e57991f9d8cf94f7709ba1f27d4a95fe35ff451076d66fa1a7471c9aa30,11,11,place_a2b_left,Approach,Wrong Target
006963d3f118_place_a2b_left_demo_clean_seed100049_ep40_step20_20260708_163829,robotwin/train/006963d3f118_place_a2b_left_demo_clean_seed100049_ep40_step20_20260708_163829.json,6d607fc12422996e7d6d5e5a299c1cd323faa369889b14a8397bfd3c0bb453a9,965a67729a965f8d739952cd9a8e84d513d9d0f408328f469c932b679228817a,21,21,place_a2b_left,Approach,Wrong Target
fd7d26a89f3e_place_a2b_left_demo_clean_seed17_ep17_step18_20260701_010542,robotwin/train/fd7d26a89f3e_place_a2b_left_demo_clean_seed17_ep17_step18_20260701_010542.json,8c1d6a16df928d6282fde3627fe5fb6193242b3f17d62f2a9e2666002946f324,f8ce0e894e008fe1d754cef197a82d5147e9d40a88779e1a565fd734e08411de,19,19,place_a2b_left,Approach,Wrong Target
9e709a782b96_place_a2b_left_demo_clean_seed11_ep11_step15_20260701_010434,robotwin/train/9e709a782b96_place_a2b_left_demo_clean_seed11_ep11_step15_20260701_010434.json,628523fdf62e50c60479a051996f57266c30a0ec6244137f3b631b314e92c324,7b123ee5396ac0a73f339e003abfb5947eca16e70e376e056308d78e404501ea,16,16,place_a2b_left,Approach,Wrong Target
b28fff55e144_place_a2b_left_demo_clean_seed2020_ep16_step26_20260701_135451,robotwin/train/b28fff55e144_place_a2b_left_demo_clean_seed2020_ep16_step26_20260701_135451.json,116c4e90ffabfe1bd1c53d4c0525a2f2d5c9889cc31740078a67a06f7e9dd90a,b274e6d306876d1feefdf09ba54a1a2fc87209bb612e39e1fb365b9651fc70f6,27,27,place_a2b_left,Approach,Wrong Target
e129de40095b_place_a2b_left_demo_clean_seed2016_ep12_step23_20260701_135121,robotwin/train/e129de40095b_place_a2b_left_demo_clean_seed2016_ep12_step23_20260701_135121.json,eae8a5f002757754ef0ce8f767e699c55410289d55685d5486e8ff0af9f14b3b,779379e8483402c12154e5cd520c962db1ea8fecd3d7f0b25293df3986dd7ca5,24,24,place_a2b_left,Approach,Wrong Target
07b2182e4eca_place_a2b_left_demo_clean_seed2012_ep9_step16_20260701_134941,robotwin/train/07b2182e4eca_place_a2b_left_demo_clean_seed2012_ep9_step16_20260701_134941.json,1c7895d9042bfd5128afb2bb5ee6d99f443541033530e47744c2b1042eef041a,382936811e3910fac7968007bc503cdd44e26b94b701f8a72e449fd8ccd71348,17,17,place_a2b_left,Approach,Wrong Target
98a8231669b9_place_a2b_left_demo_clean_seed2007_ep4_step7_20260701_134457,robotwin/train/98a8231669b9_place_a2b_left_demo_clean_seed2007_ep4_step7_20260701_134457.json,8c9dbf72bdbafdacc67c454610e5a29fe5fc5e3868eeeb0c461b980ba27363fd,08f858685d74d518d7e3ed0f42d3cec2782168baef431ecdedfb3f3c89ae05e5,8,8,place_a2b_left,Approach,Wrong Target
3cecccb319c1_place_a2b_left_demo_clean_seed2019_ep15_step18_20260706_170256,robotwin/train/3cecccb319c1_place_a2b_left_demo_clean_seed2019_ep15_step18_20260706_170256.json,0f24e542e76ceba7b613b7d390bc01e321ed354144051c076c3e03ab974903fb,0c711926aa54ccd7bc5feeb37d5ee1e95925afb691b7f0f57de123f6f96d8ae2,19,19,place_a2b_left,Approach,Wrong Target
fe99f183d80b_blocks_ranking_size_demo_clean_seed100000_ep0_step7_20260704_174433,robotwin/train/fe99f183d80b_blocks_ranking_size_demo_clean_seed100000_ep0_step7_20260704_174433.json,833dccc1eeabaacc5dd62feced7e368136f14ed419e5a351f3a7dab7c6dede68,3e2c7ac35794620838fd541c60cf794cd4ff2607bb4201d07413191c9afb2016,8,8,blocks_ranking_size,Approach,Wrong Target
a4dd64fef91f_blocks_ranking_size_demo_clean_seed2024_ep23_step15_20260706_204418,robotwin/train/a4dd64fef91f_blocks_ranking_size_demo_clean_seed2024_ep23_step15_20260706_204418.json,ae1ead77105ba61324dfbdb8ca2533d428a5149989df11a028dec08c732b04cc,c791bf7d4da0b92700de6b40d15510f2bdac6856c201291b26cabac81bd60427,16,16,blocks_ranking_size,Approach,Wrong Target
2711c343020e_blocks_ranking_size_demo_clean_seed12_ep9_step200_20260708_192241,robotwin/train/2711c343020e_blocks_ranking_size_demo_clean_seed12_ep9_step200_20260708_192241.json,8e7870df6a2e5132760c9f919a5cc7d299148c48a3116f6deba10d15af54b1ed,3d6371346b368cea4b2a12ef4312ac378e6843fcd761b4277285bdca2446cee9,201,201,blocks_ranking_size,Approach,Wrong Target
90cd1314bb2d_blocks_ranking_size_demo_clean_seed100037_ep32_step316_20260704_190531,robotwin/train/90cd1314bb2d_blocks_ranking_size_demo_clean_seed100037_ep32_step316_20260704_190531.json,1ed133620a869568340b6e1e9b1cc02b9ae6a2ba28e68717cb8c8a1e65e818f8,e3c2905f94b14284e13732df0f40b633c65b62bfc5b468a76c578aba32028a1d,317,317,blocks_ranking_size,Approach,Wrong Target
6ffd9d5ba623_blocks_ranking_size_demo_clean_seed100011_ep11_step163_20260705_162853,robotwin/train/6ffd9d5ba623_blocks_ranking_size_demo_clean_seed100011_ep11_step163_20260705_162853.json,6a86b9aacb31bf1dc23fa706709f24e62311b7a2ba2ab77d05c00218f661e9c8,29ab7a5e36eab1c2f51ec39bd8982887e83cc98679082eb86064e7528d543e5f,164,164,blocks_ranking_size,Approach,Wrong Target
6a0e929003db_blocks_ranking_size_demo_clean_seed40_ep36_step190_20260706_212804,robotwin/train/6a0e929003db_blocks_ranking_size_demo_clean_seed40_ep36_step190_20260706_212804.json,962e3ae02f98905efb3c335b0209dfa61a2071382f0facb52312364e750fc797,328aca45cac1a766f46c290b799464e8a0a466a34e1667e4939636173fc59a9a,191,191,blocks_ranking_size,Approach,Wrong Target
7b4048ea80ee_blocks_ranking_size_demo_clean_seed100000_ep0_step149_20260705_162651,robotwin/train/7b4048ea80ee_blocks_ranking_size_demo_clean_seed100000_ep0_step149_20260705_162651.json,1dba32f2c4d489cc76c92fd03609633459721ba0a19f898fea34170e9b499cf9,151583cb141d3263a15d6099f19da2b3cff4ebefabbb3a217984989d17c9b441,150,150,blocks_ranking_size,Approach,Wrong Target
77ed03dcf434_blocks_ranking_size_demo_clean_seed2028_ep26_step150_20260708_171821,robotwin/train/77ed03dcf434_blocks_ranking_size_demo_clean_seed2028_ep26_step150_20260708_171821.json,1fc676346b2b62e49662d4458dcc3ffe95a20434facbc0064139ae391ecd791f,1f8d73d233489acda2d9877215c8aa8f6a78476e8f3d2624fe1c78fe9a796828,151,151,blocks_ranking_size,Approach,Wrong Target
7a8002324d42_blocks_ranking_size_demo_clean_seed55_ep49_step184_20260706_172056,robotwin/train/7a8002324d42_blocks_ranking_size_demo_clean_seed55_ep49_step184_20260706_172056.json,89f01b381295a285f8fb88a86625001d9fe85089a6469e58139f9d62ded2a5f0,7cf5df26ceaa4242f611b0c7e9304030cb33bb1045d7ae62d0651e4c5df0ae81,185,185,blocks_ranking_size,Approach,Wrong Target
27bc8cbad513_blocks_ranking_size_demo_clean_seed100037_ep32_step317_20260705_183353,robotwin/train/27bc8cbad513_blocks_ranking_size_demo_clean_seed100037_ep32_step317_20260705_183353.json,102aa6b92b2be2c2916cdc54724fe2a690ab7662259a06f181b75c3ed373ce2f,8d6d4ded40f2dd9348aad30cd4edc4c263d727c140e963f12f9e84f0c283f15b,318,318,blocks_ranking_size,Approach,Wrong Target
111f625a20cb_blocks_ranking_size_demo_clean_seed43_ep37_step165_20260708_015330,robotwin/train/111f625a20cb_blocks_ranking_size_demo_clean_seed43_ep37_step165_20260708_015330.json,df8b0848903d24467ba6a56a0c3addbfde243376445180b01632ea615accaa33,1f355d8b7dd00b1c0da480d99e4329c5edc4cb1a4f9cfef72f585bc8ab967870,166,166,blocks_ranking_size,Approach,Wrong Target
767c6f38c9d0_blocks_ranking_size_demo_clean_seed48_ep42_step150_20260706_205145,robotwin/train/767c6f38c9d0_blocks_ranking_size_demo_clean_seed48_ep42_step150_20260706_205145.json,c8c58e1af3fa84214b029bb31af9152def47a5ad71e992666f3c940cc1a9a6aa,0dc659cd9d33fbbca4705a2b8c630731ded600eca6caa3d1d5e13ab00e60b895,151,151,blocks_ranking_size,Approach,Wrong Target
9b9b09e022fc_blocks_ranking_size_demo_clean_seed2036_ep33_step140_20260708_171705,robotwin/train/9b9b09e022fc_blocks_ranking_size_demo_clean_seed2036_ep33_step140_20260708_171705.json,d2d62e7a4a1105b47acb0daf461a78062a626ceb9f731a57cd829eadf7181e96,fe7dcf84f79594f7ff9534c7fd57b1a8aaec398328ff27d890f32c9ea7e7f29e,141,141,blocks_ranking_size,Approach,Wrong Target
7b4eb5127efe_blocks_ranking_size_demo_clean_seed100029_ep26_step177_20260704_190455,robotwin/train/7b4eb5127efe_blocks_ranking_size_demo_clean_seed100029_ep26_step177_20260704_190455.json,d707b5c03d4b4af8f28c0f5be39ff266556642b4caa19389ea01789ccccb744c,ab675f6efad400c79f122e3364e98ca4d6e5ccb6dfb3807db8b6c194b56de08e,178,178,blocks_ranking_size,Approach,Wrong Target
c9ea428f3da2_blocks_ranking_size_demo_clean_seed47_ep41_step340_20260708_200546,robotwin/train/c9ea428f3da2_blocks_ranking_size_demo_clean_seed47_ep41_step340_20260708_200546.json,59cfe8e9b104af300df79b90cec9595b1ba7369b355e84ebadba1809f9ad5293,5e06d5c4abd4b41497f0dfebc1e32f55b95e4ac25dff2ba71225c5b6e20ca679,341,341,blocks_ranking_size,Approach,Wrong Target
64f56c65067b_blocks_ranking_size_demo_clean_seed5_ep3_step170_20260708_194059,robotwin/train/64f56c65067b_blocks_ranking_size_demo_clean_seed5_ep3_step170_20260708_194059.json,13c301d36f2e248bfcb65bdbcab715d5ddd2d5bb2050c0d6d527b266f46c2a87,3e409d7ed8b6b01f253d2509bb06dbd90c98485970e28cb07a57d0429e728e60,171,171,blocks_ranking_size,Approach,Wrong Target
29908c667cc8_blocks_ranking_size_demo_clean_seed2050_ep46_step161_20260706_164906,robotwin/train/29908c667cc8_blocks_ranking_size_demo_clean_seed2050_ep46_step161_20260706_164906.json,fcb5ac7b2abf8f61177643687e5a8a266079503f9940950780732866dd4dc7ae,0b548def0b60eddc5707ecb0c5c473ee48e7fcc2ba8edd082b770d7f63bb71b1,162,162,blocks_ranking_size,Approach,Wrong Target
f57ddf1895a9_blocks_ranking_size_demo_clean_seed100029_ep26_step179_20260705_172531,robotwin/train/f57ddf1895a9_blocks_ranking_size_demo_clean_seed100029_ep26_step179_20260705_172531.json,153366552a39e583fb68ce0724ff9e50b1277b2f811c37f9e7b8c02c5b3801a4,9e9a6ccbb6c2d3d9beea7ce4ba440d7cf7c41707aa1a11e10b114f29ef336155,180,180,blocks_ranking_size,Approach,Wrong Target
b0333b2487b7_blocks_ranking_size_demo_clean_seed100011_ep11_step156_20260704_181516,robotwin/train/b0333b2487b7_blocks_ranking_size_demo_clean_seed100011_ep11_step156_20260704_181516.json,3b37aedc1bb90db774dd89414ca0cdad9018d77a385f4222a2da42e415e44366,4c5079a958ee545b45aee4077033b907afb6c7dc5de5785069b164c0a038cd0a,157,157,blocks_ranking_size,Approach,Wrong Target
218d3fea86b4_blocks_ranking_size_demo_clean_seed100012_ep12_step264_20260704_190350,robotwin/train/218d3fea86b4_blocks_ranking_size_demo_clean_seed100012_ep12_step264_20260704_190350.json,51aacf654127ac62794630f4ad50d61964b0a63ee56f70a82395dff917f25f39,2f9512a1adc503c9f0cafa689730d74ab56a94b0870acd06a91dc795910b8845,265,265,blocks_ranking_size,Approach,Wrong Target
77b9d4354975_blocks_ranking_size_demo_clean_seed2050_ep46_step161_20260706_173954,robotwin/train/77b9d4354975_blocks_ranking_size_demo_clean_seed2050_ep46_step161_20260706_173954.json,3f7ce3d429f1dd1b6b47527d71ea9ac5b69ea45c90bfe4cc1a1193aa8a7d981a,65732b7bdb3bb97b85c1102554914869057996f2f84bd16edac7634df4ff6a0d,162,162,blocks_ranking_size,Approach,Wrong Target
e0cee07d4ee8_blocks_ranking_size_demo_clean_seed47_ep41_step345_20260708_193934,robotwin/train/e0cee07d4ee8_blocks_ranking_size_demo_clean_seed47_ep41_step345_20260708_193934.json,ffb2c4396a1161cc307bdb95c98363f75991f7d7f04b41d4818f617667cd6042,ba017c00ad136ab56f372d081891c1c8cad089c9fbab123e0d3f03cc2a8440ff,346,346,blocks_ranking_size,Approach,Wrong Target
455cfc0dfcd4_blocks_ranking_size_demo_clean_seed17_ep14_step165_20260708_005045,robotwin/train/455cfc0dfcd4_blocks_ranking_size_demo_clean_seed17_ep14_step165_20260708_005045.json,d3bd31e7bbf3ec952fa1e417d6f199e83e7c1b5979467f6c4adf8ec3f4330a1b,b173bcda3adaf3e274c8939ff1b1184fe9c9b2f176074968e74e223b9d10f8f0,166,166,blocks_ranking_size,Approach,Wrong Target
bd98246b282c_blocks_ranking_size_demo_clean_seed2009_ep8_step145_20260706_201330,robotwin/train/bd98246b282c_blocks_ranking_size_demo_clean_seed2009_ep8_step145_20260706_201330.json,a0b138de5b41a44afe548af1e0444a68fd1057a06d36c825215be8b03a5bf2d2,a14cf70a8c8117f54937731fd12dede972ad6660ff4571d282fb65769f1ff5f4,146,146,blocks_ranking_size,Approach,Wrong Target
66af6368d991_blocks_ranking_size_demo_clean_seed19_ep16_step360_20260708_200338,robotwin/train/66af6368d991_blocks_ranking_size_demo_clean_seed19_ep16_step360_20260708_200338.json,c3b7cb2028fa954c3f4eaec43a71c4a8218f6992ee9a06b81794b829de7acb1a,36814e556795276692266224e5dcc897fc87da4e8af7af4ed384d3260200a30e,361,361,blocks_ranking_size,Approach,Wrong Target
ea6e2bd91d56_blocks_ranking_size_demo_clean_seed2009_ep8_step145_20260708_002207,robotwin/train/ea6e2bd91d56_blocks_ranking_size_demo_clean_seed2009_ep8_step145_20260708_002207.json,cfebad8e7a42a7523361f3f4e9c208afab23b9fe39f3830c0dc5cb54b1bce80f,b9f511c9441d560a73ad59421af3a27e9670f31140b1d39596c0f59ab95ae51c,146,146,blocks_ranking_size,Approach,Wrong Target
a2f9f0b36210_blocks_ranking_size_demo_clean_seed2012_ep11_step162_20260706_155623,robotwin/train/a2f9f0b36210_blocks_ranking_size_demo_clean_seed2012_ep11_step162_20260706_155623.json,3b4fda113762cf59f76213dbdbfd51093b95626ef064671203995f487dcbbec3,e93b4091e7cb9bdc2ba737caebda40ebd27b449a4d7276a39627b3dd9addadf6,163,163,blocks_ranking_size,Approach,Wrong Target
8e85591f8f9b_blocks_ranking_size_demo_clean_seed2028_ep26_step144_20260708_171548,robotwin/train/8e85591f8f9b_blocks_ranking_size_demo_clean_seed2028_ep26_step144_20260708_171548.json,c78614d7404cb69d9fea3be46cc25bee732da471389d718c9244fd76e9207949,aa25ab23115aea6623ccac6890903ec59567445a2c55d9f2cdc153222dc4364b,145,145,blocks_ranking_size,Approach,Wrong Target
8747a8062ab4_blocks_ranking_size_demo_clean_seed2047_ep43_step165_20260706_205443,robotwin/train/8747a8062ab4_blocks_ranking_size_demo_clean_seed2047_ep43_step165_20260706_205443.json,aeaf36019cff864bec853ced62c098afe5a3bc26eeee4fe52ac96ab691c8699c,e684dd46c4b77f7f1bc80b46042bf94e7f29216e433381c546d025b56302a378,166,166,blocks_ranking_size,Approach,Wrong Target
680622ad1e3a_blocks_ranking_size_demo_clean_seed2006_ep5_step213_20260706_154447,robotwin/train/680622ad1e3a_blocks_ranking_size_demo_clean_seed2006_ep5_step213_20260706_154447.json,05d72940ddea6f44e33a2d3c7f0d2ed40c661a7bf6f2ca63b36af0a445fa0361,d3cd785ee151aa930e067d52c5aaf0e0f80de6599405e1afeaf275adee68a401,214,214,blocks_ranking_size,Approach,Wrong Target
a462c3b29e93_blocks_ranking_size_demo_clean_seed2008_ep7_step200_20260708_171916,robotwin/train/a462c3b29e93_blocks_ranking_size_demo_clean_seed2008_ep7_step200_20260708_171916.json,10a1f80f3c9eb60c99b384d0771b0d1ec84d8048bb42555e676399525b16ff0f,598da6813a878a626e1246fe079f84acbe1560d5d4c1563eba6427868db432c4,201,201,blocks_ranking_size,Approach,Wrong Target
04bab22d4b49_blocks_ranking_size_demo_clean_seed2012_ep11_step163_20260706_155106,robotwin/train/04bab22d4b49_blocks_ranking_size_demo_clean_seed2012_ep11_step163_20260706_155106.json,7dcb9b2ec13b475e9716656f52e306d65b73327aa2fce8fdb4039ccaf982e528,dbc65da4725f1af04207d0511d6c4508feba8bee782a0f183f6507576f52c1ef,164,164,blocks_ranking_size,Approach,Wrong Target
6cc8339469c6_place_a2b_right_demo_clean_seed39_ep35_step25_20260708_162026,robotwin/train/6cc8339469c6_place_a2b_right_demo_clean_seed39_ep35_step25_20260708_162026.json,953d930325fc74d20345d16a5a760748390623bc7fc1cdd911dfd18f46498fe6,251c10defb6e2f2bf3acbf11b56bdbde9e4f6201cd811f0b8904f9d7f06374c7,26,26,place_a2b_right,Approach,Wrong Target
5c1500be3983_place_a2b_right_demo_clean_seed45_ep41_step10_20260708_002921,robotwin/train/5c1500be3983_place_a2b_right_demo_clean_seed45_ep41_step10_20260708_002921.json,11e877c6c7f640fcdcb0b58159af0a2bcc386bae35d37505bd0f5eafff7edfdf,3d002dd8c36abac6b4a1ab966ae141cdd60a98827e677f3ee62f852d3b9e108d,11,11,place_a2b_right,Approach,Wrong Target
694c5c50b00e_place_a2b_right_demo_clean_seed100040_ep33_step17_20260706_155738,robotwin/train/694c5c50b00e_place_a2b_right_demo_clean_seed100040_ep33_step17_20260706_155738.json,5feb0c478a9514053c8cbe5ece20c74691aec198f119b0c7d4cb5f396bb16885,e6d731aba5b2a1687ec05c133d22195109d26250cd2db62468ac3d8f3bae5019,18,18,place_a2b_right,Approach,Wrong Target
5de8efca72cf_place_a2b_right_demo_clean_seed52_ep48_step25_20260708_161654,robotwin/train/5de8efca72cf_place_a2b_right_demo_clean_seed52_ep48_step25_20260708_161654.json,6c68769761116a4ecedb5d1d40a09409c9bac4f917b5c276e9ab9620b6f189a7,90e5df88d68d55e07cbb23b8faeec6dd81b7c2b9e487997a0223efbd26b5d3d0,26,26,place_a2b_right,Approach,Wrong Target
e0159efef6d0_place_a2b_right_demo_clean_seed100030_ep24_step0_20260706_195842,robotwin/train/e0159efef6d0_place_a2b_right_demo_clean_seed100030_ep24_step0_20260706_195842.json,bc7176b64989efcbb814edfd5c948ea45397d69b19aa4408ce69013c0a79283e,259275d38aa6dd109038d3dcdaf50945f1610b8386522fce2a642fa0d33a1b22,1,1,place_a2b_right,Approach,Wrong Target
1e0a017ebac5_place_a2b_right_demo_clean_seed42_ep38_step25_20260708_161629,robotwin/train/1e0a017ebac5_place_a2b_right_demo_clean_seed42_ep38_step25_20260708_161629.json,24dc3c3184dd966e366a560d6dadc57b49ebfc322b2657eabd3fe103f9103e88,0f1248637e89f9ccdfa349bc41dff878818fb2892357554c417a0df8a11db7cd,26,26,place_a2b_right,Approach,Wrong Target
60e7d86f15de_place_a2b_right_demo_clean_seed45_ep41_step5_20260708_161531,robotwin/train/60e7d86f15de_place_a2b_right_demo_clean_seed45_ep41_step5_20260708_161531.json,f9d20fee42ccf47937dd55a076158604bca80f3f1589c8a1fa5b3d3cad4ab33d,210727fd6c3c5dfb2789d9402753aa5d792a8f7af0f1db066b9a57147d61f8f8,6,6,place_a2b_right,Approach,Wrong Target
d2547ab1c8c0_blocks_ranking_rgb_demo_clean_seed28_ep28_step215_20260708_171314,robotwin/train/d2547ab1c8c0_blocks_ranking_rgb_demo_clean_seed28_ep28_step215_20260708_171314.json,d3ec62197991461ba36df7749a31fdeaebb5848eff225fab78f5d0bc59d4ef58,cb1596d770ab32b8abf73d28b84807695fa92329011966fc39983d03c20f88cc,216,216,blocks_ranking_rgb,Approach,Wrong Target
035c9e544d0c_blocks_ranking_rgb_demo_clean_seed1_ep1_step195_20260708_171135,robotwin/train/035c9e544d0c_blocks_ranking_rgb_demo_clean_seed1_ep1_step195_20260708_171135.json,53567976ceca9ea23056f3869e17a5f991c17f13a569e9aafa6355be19026d8d,b2532b42e89e2c7a15962921073d29351b00c245c21535370185c31099ed9d7d,196,196,blocks_ranking_rgb,Approach,Wrong Target
95582d29f3d4_blocks_ranking_rgb_demo_clean_seed15_ep15_step215_20260708_003042,robotwin/train/95582d29f3d4_blocks_ranking_rgb_demo_clean_seed15_ep15_step215_20260708_003042.json,e308ae33fa6410348a6cdba1dfa29bc7510fa859ea0c438995fc7df96cf41b5a,4a386655fedb0d54bcbe980db0535da28e49b82ff12753eb4c4c453aab73c420,216,216,blocks_ranking_rgb,Approach,Wrong Target
7b2bcd0ea618_blocks_ranking_rgb_demo_clean_seed0_ep0_step313_20260706_000018,robotwin/train/7b2bcd0ea618_blocks_ranking_rgb_demo_clean_seed0_ep0_step313_20260706_000018.json,37d20f0d0b324ce113c724422eec5e5b09647468e6b6be7863fb67c25f678740,de48ef4bf68f11cbfdf73e24c0b9edf7ee6165fb18500db5d9892cdbb3ccc370,314,314,blocks_ranking_rgb,Approach,Wrong Target
1fe24c4a8a82_blocks_ranking_rgb_demo_clean_seed100023_ep23_step172_20260705_162446,robotwin/train/1fe24c4a8a82_blocks_ranking_rgb_demo_clean_seed100023_ep23_step172_20260705_162446.json,3eef1596289169276a64915ea06c99e6bcccf21b5e85bfa2a147744a2fabf719,fe95135b5c908bafd4bf87cbdc0072c9d4fd67667171b8734c9903b3793d698a,173,173,blocks_ranking_rgb,Approach,Wrong Target
afb722d619e0_blocks_ranking_rgb_demo_clean_seed29_ep29_step200_20260708_171059,robotwin/train/afb722d619e0_blocks_ranking_rgb_demo_clean_seed29_ep29_step200_20260708_171059.json,dad04942d2dffd6335597aa0e6fd1c971119141e968f2e2f822b127d2dee2f96,026f3ccbdfe2d569dc8c1dd760f09b8ad0821bb0d7318bbceb8771b3cafe37a9,201,201,blocks_ranking_rgb,Approach,Wrong Target
dd41f2e0dbff_blocks_ranking_rgb_demo_clean_seed9_ep9_step410_20260708_171111,robotwin/train/dd41f2e0dbff_blocks_ranking_rgb_demo_clean_seed9_ep9_step410_20260708_171111.json,02da8284c719c65c5b49d977dd84fdb0c493aee8ff15abcc807cce19645fe59c,b9761626d7f663bced15133b357e79e9eb2506e37a1795a973bdbb92576d55f2,411,411,blocks_ranking_rgb,Approach,Wrong Target
ddcf38605f33_place_bread_basket_demo_clean_seed44_ep44_step190_20260708_011050,robotwin/train/ddcf38605f33_place_bread_basket_demo_clean_seed44_ep44_step190_20260708_011050.json,c7eae89d84a47fa61cce28b800a1a01e01c13d3a699b4092f3841b41e7670782,b7ad7f6b0dff203fd57ccd6a8a2b9c6acd56955b258ddd5fa7b9cbe9ef6dfaac,191,191,place_bread_basket,Approach,Wrong Target
f012c076e742_place_bread_basket_demo_clean_seed2008_ep8_step25_20260708_002959,robotwin/train/f012c076e742_place_bread_basket_demo_clean_seed2008_ep8_step25_20260708_002959.json,44d5fa10601e583a61b64ca6296206463a93476e38ec9ebc944d19ddbdfa53e6,f4e4021a6c6bfb8939b674fffbd7cf66292655aa37fee5b1b7ae8abb66929397,26,26,place_bread_basket,Approach,Wrong Target
1c36be911818_place_bread_basket_demo_clean_seed5_ep5_step195_20260708_005613,robotwin/train/1c36be911818_place_bread_basket_demo_clean_seed5_ep5_step195_20260708_005613.json,219143c309dccfb7c09a56ff35be315766163360e779ac51235ec29d90887921,122c8437190cc84303397a21da134f3b6605be6eac424e361791e84ce7819489,196,196,place_bread_basket,Approach,Wrong Target
9aeaa98024b2_place_bread_basket_demo_clean_seed2008_ep8_step35_20260708_161010,robotwin/train/9aeaa98024b2_place_bread_basket_demo_clean_seed2008_ep8_step35_20260708_161010.json,6b274ea4cbb868972d1e4be681c080b3dbd020acf5253cbe0122d7ee91cc8c57,9a6909bd1d109396eac7e5fe8c794bf9d2b25fbb3d3cb347eda1c72a82158496,36,36,place_bread_basket,Approach,Wrong Target
d7a11893062e_place_bread_basket_demo_clean_seed2017_ep17_step30_20260708_161031,robotwin/train/d7a11893062e_place_bread_basket_demo_clean_seed2017_ep17_step30_20260708_161031.json,9df63660dc58cf4f7dc73e314aa94e87dbd9ba48f310d76cf68ea6040785ac98,ee268d57bd0b06769c1398510c66704d5360a5521cf738d2151796c9377159b7,31,31,place_bread_basket,Approach,Wrong Target
05d90db53a4f_put_object_cabinet_demo_clean_seed100167_ep22_step25_20260711_140804,robotwin/train/05d90db53a4f_put_object_cabinet_demo_clean_seed100167_ep22_step25_20260711_140804.json,fee8cb0b15cc9d05de393be1bfadbce3493596358eb8e464dd776bbd290ba4ac,a385bad993c5f5667001d39968391094d504de1090514effa41a32cf04e0d886,26,26,put_object_cabinet,Approach,Wrong Target
0bcace1ee0d5_put_object_cabinet_demo_clean_seed100146_ep20_step55_20260711_140742,robotwin/train/0bcace1ee0d5_put_object_cabinet_demo_clean_seed100146_ep20_step55_20260711_140742.json,292f07bba6aa19d1779cd805f2958fd334917a0082637a5c5a6b18ecbefee951,79fd4cde61e01c9f2f596a6b3bb3f4274a4d8644e6be50cc85ee1e11beba70c1,56,56,put_object_cabinet,Approach,Wrong Target
ab545c9425fa_put_object_cabinet_demo_clean_seed100132_ep18_step40_20260711_140733,robotwin/train/ab545c9425fa_put_object_cabinet_demo_clean_seed100132_ep18_step40_20260711_140733.json,0e52b0f28b831f79c71fcd751f216bdaf0cd9b65bc38869a42965cbddf7af7b9,a0310a3d1b1e0c0125e18d578c30c8cfbe697c348d5b7a4b725463c2cfff4b13,41,41,put_object_cabinet,Approach,Wrong Target
109930492678_put_object_cabinet_demo_clean_seed100132_ep17_step30_20260711_141100,robotwin/train/109930492678_put_object_cabinet_demo_clean_seed100132_ep17_step30_20260711_141100.json,7299d16ecd8000ae255a6ebee2cc883b2f9b651bae4e4b13875de5befdfeb6a4,877048a139b9c3e95cee3f6cfe64ab9d6bfaa66579cf2a0ce4e54d78b0c9ee1f,31,31,put_object_cabinet,Approach,Wrong Target
07759b46ae88_put_object_cabinet_demo_clean_seed100094_ep12_step40_20260711_141015,robotwin/train/07759b46ae88_put_object_cabinet_demo_clean_seed100094_ep12_step40_20260711_141015.json,25cef90f09ff0e8121aa677a51883273df3679a64dbe34a566118eaeee78c27c,92c31d57d687727ba8292508e17198003647b277f2e262ca2d72b6428c5f2f34,41,41,put_object_cabinet,Approach,Wrong Target
3cc9b0368841_turn_switch_demo_clean_seed100028_ep24_step30_20260711_124603,robotwin/train/3cc9b0368841_turn_switch_demo_clean_seed100028_ep24_step30_20260711_124603.json,ef8a7d3c1bbd80b7f02cace115b46a3c0bc1e9525769d1625ed3dacae8525ad3,840cce5e136c49427d373e848eef202f2ac3c6b86cec108c09cd9153bb35d049,31,31,turn_switch,Approach,Wrong Target
2bd364f7eefd_turn_switch_demo_clean_seed100027_ep23_step45_20260711_124156,robotwin/train/2bd364f7eefd_turn_switch_demo_clean_seed100027_ep23_step45_20260711_124156.json,c90b97063d867d79ad9fb3fac0605c9b7a62777234303d0330cf381fb220a101,558d79022346692f2eefc34d75c5a22c46f78a6ed71295a01135178292be5434,46,46,turn_switch,Approach,Wrong Target
5ab1a94dce1b_turn_switch_demo_clean_seed100012_ep11_step55_20260711_122709,robotwin/train/5ab1a94dce1b_turn_switch_demo_clean_seed100012_ep11_step55_20260711_122709.json,dae835bcbe0f7e9431a283cc3536c080782d6c5deb07db8a6d57d4bd02dc0d33,85dc6ef0133a33a22cbad02b15bfa421b830879c1b77b864166d0c25397cff6b,56,56,turn_switch,Approach,Wrong Target
06094e6316ab_handover_block_demo_clean_seed100004_ep3_step35_20260711_121400,robotwin/train/06094e6316ab_handover_block_demo_clean_seed100004_ep3_step35_20260711_121400.json,0771dc7fbdf8c7b953616ee414e61e05d44aab0cfec539ddc58871347edd5f61,6ea39124a55f56b5903d46c78e6e51b1c3d25bbfff73145d7e77eb0b1d0df61b,36,36,handover_block,Approach,Wrong Target
30b5561b0694_handover_block_demo_clean_seed100004_ep3_step40_20260709_081112,robotwin/train/30b5561b0694_handover_block_demo_clean_seed100004_ep3_step40_20260709_081112.json,5cda7a352b8c5d835d881b1539a95251ddfa5eef9703e6fdca4eeefdcd03a34d,e0375a0c11dc7dff8ba39986bc76064b387d80832d0977c8c4fd46c62caf0128,41,41,handover_block,Approach,Wrong Target
0d236889164f_pick_dual_bottles_demo_clean_seed27_ep27_step19_20260630_192505,robotwin/train/0d236889164f_pick_dual_bottles_demo_clean_seed27_ep27_step19_20260630_192505.json,b2658031cb759f06b9641b58e4d1ed665e22e90da280aabc01b96d3366b0e545,3754d0449f43ba85af34779bf70df8be638e9dd27dd2a34acaf5a24df6a07c76,20,20,pick_dual_bottles,Approach,Wrong Target
5fac3d613c89_pick_dual_bottles_demo_clean_seed100025_ep24_step46_20260617_155403,robotwin/train/5fac3d613c89_pick_dual_bottles_demo_clean_seed100025_ep24_step46_20260617_155403.json,9685ab63dcc902e4a314c9f4409d2f8657c9681ed471c47736d21e67d2273532,bc35c3bb49c4052cdd092d28ad029bd5c0aae9c6eccb72a44c53744a23a3fb9e,47,47,pick_dual_bottles,Approach,Wrong Target
4bb2aa6861a8_pick_dual_bottles_demo_clean_seed9_ep9_step21_20260630_193108,robotwin/train/4bb2aa6861a8_pick_dual_bottles_demo_clean_seed9_ep9_step21_20260630_193108.json,96cec14b53a2985252bcd67d237d115f3b9c194691c77bb9dd19a17973a531eb,7d95587cac8e261cb5150e47067af8d79df8d4b71bd07c1da89c755744c273c8,22,22,pick_dual_bottles,Approach,Wrong Target
2197cb17dbcb_move_can_pot_demo_clean_seed37_ep35_step35_20260708_172839,robotwin/train/2197cb17dbcb_move_can_pot_demo_clean_seed37_ep35_step35_20260708_172839.json,0e39c68b29bee08ee9ef7fe11f02e85951625e0067c3cd8ccbeccd877638fb5d,e80b2ccb4309eb2544f41336d0b93955f1debace7f7bff6f811999e2544e1050,36,36,move_can_pot,Approach,Wrong Target
30d353546c5e_grab_roller_demo_clean_seed100004_ep4_step105_20260708_184114,robotwin/train/30d353546c5e_grab_roller_demo_clean_seed100004_ep4_step105_20260708_184114.json,5dd1e7ef682e6aa4bdf04391e9590ae93e483b2ddf6fe633ba3f309287bbb523,61174ccfd9f2d04f2b22e4a3a0390f67dd4a29d1baf5d7ab7d192f54dd6562bd,106,106,grab_roller,Approach,Wrong Target
e7cee70877c9_grab_roller_demo_clean_seed100025_ep23_step35_20260708_184448,robotwin/train/e7cee70877c9_grab_roller_demo_clean_seed100025_ep23_step35_20260708_184448.json,41249c3b66ff033152738cf48dacfafec8bfbc341540d6189211b2a64115c5be,d2198b1abd6c917b1b1c8c9ba33a12bbd9563605b4c8f600911db902f46049e9,36,36,grab_roller,Approach,Wrong Target
d31112f9f029_lift_pot_demo_clean_seed100014_ep6_step60_20260710_144345,robotwin/train/d31112f9f029_lift_pot_demo_clean_seed100014_ep6_step60_20260710_144345.json,d8cbdd7b779b32e02e3f87d4bf07202a4f0f363bde366c0e03a14e1e6e859e36,d7da9bf3338dadce4829078b07ae823228a71f4a825e508ecaed85951e88ebb2,61,61,lift_pot,Approach,Wrong Target
933c0cafbb40_lift_pot_demo_clean_seed100020_ep8_step50_20260712_085638,robotwin/train/933c0cafbb40_lift_pot_demo_clean_seed100020_ep8_step50_20260712_085638.json,9f216a431d55beb8d35c5c2d4679ca170fd71df3c0c5d9139ed8fa0017f7ce67,053c248cd44fb4870af1d9215684fe5edf075823fa1345fec7320648b29af78d,51,51,lift_pot,Approach,Wrong Target
738d88e811a8_lift_pot_demo_clean_seed100012_ep5_step50_20260710_144303,robotwin/train/738d88e811a8_lift_pot_demo_clean_seed100012_ep5_step50_20260710_144303.json,b5a43fd25b99aae04bbb38d5726db9209752a6095a096977adf861c7aa04fb26,fdbe3247cbc4971c91d96e945339d2fcdcaf0d39c6c60e494dbec26b3d3e30d4,51,51,lift_pot,Approach,Wrong Target
113400de68d8_place_bread_skillet_demo_clean_seed63_ep24_step25_20260708_014308,robotwin/train/113400de68d8_place_bread_skillet_demo_clean_seed63_ep24_step25_20260708_014308.json,1bd24cc6d841e28b2507c46104d5ee7ffba26027b0a2873b7ddacc097da2cea1,36dc26df2c54c4b9948db18e946cdbfd0268e692c7fd96347ebac7b61095134f,26,26,place_bread_skillet,Approach,Wrong Target
1c0d47b14cfe_press_stapler_demo_clean_seed22_ep21_step55_20260708_015818,robotwin/train/1c0d47b14cfe_press_stapler_demo_clean_seed22_ep21_step55_20260708_015818.json,5252704830112028a49f28f4c4be72ec87b7928f6e32942bc85b1bfd7c3ab17e,81e7272e343864a831e1db605e3a5d3eb14738c3fb1d9b2059fd439cb911c373,56,56,press_stapler,Approach,Wrong Target
31860c34bfa6_place_object_stand_demo_clean_seed37_ep34_step40_20260708_023811,robotwin/train/31860c34bfa6_place_object_stand_demo_clean_seed37_ep34_step40_20260708_023811.json,de2b6ccd8940173853c30183e582656226bd885929d1cacc85eb2640f7c141d1,478e44d0168fff5e7b518b82117de3e16a07ccdc23fe96ec55b441501d1d5e35,41,41,place_object_stand,Approach,Wrong Target
991936da08eb_pick_diverse_bottles_demo_clean_seed11_ep6_step15_20260708_173008,robotwin/train/991936da08eb_pick_diverse_bottles_demo_clean_seed11_ep6_step15_20260708_173008.json,c07bb1a4464a7af9d354d6a6823069d550dacf74b738f4df66a77dd04a09eb25,d71e7014f53c6ef0d5a9e7b1fc655751ce46f83bacbf405b0e441d2543a385f5,16,16,pick_diverse_bottles,Approach,Wrong Target
9e6b0c8e6614_stack_bowls_three_demo_clean_seed100025_ep13_step345_20260711_131336,robotwin/train/9e6b0c8e6614_stack_bowls_three_demo_clean_seed100025_ep13_step345_20260711_131336.json,80b8fd54b92ad5f86ff46bcea94db21a6c396cb482810e754c67260c5c20173f,9905b25aa2f92c3bba6c4ffe73e32c15bb76a383286221f64ce60366175f7aa8,346,346,stack_bowls_three,Approach,Wrong Target
7ebd27640cb6_stack_bowls_two_demo_clean_seed23_ep19_step151_20260706_005023,robotwin/train/7ebd27640cb6_stack_bowls_two_demo_clean_seed23_ep19_step151_20260706_005023.json,bea72868b87fc34cff2f39f42d952ce849316cdbd73030a79cd8d63e23d65da5,6dc873ce3b3c0fdcfa1ee183620dd6841bb66f951e2b3dd85e4a1c3d52de2a96,152,152,stack_bowls_two,Approach,Wrong Target
dadb66b89137_open_microwave_demo_clean_seed100042_ep37_step109_20260617_152753,robotwin/train/dadb66b89137_open_microwave_demo_clean_seed100042_ep37_step109_20260617_152753.json,d414ab5c5b6fc96e933b807a7676b5062938d2b759d986b871fe8c763ad03a04,ed42a993a7449aa9399e1e2cd566e2ab0b2a78c9a35f7423077d7848d1642d8f,110,110,open_microwave,Approach,Stage Rollback
d392064c6b6f_open_microwave_demo_clean_seed100010_ep10_step245_20260617_150646,robotwin/train/d392064c6b6f_open_microwave_demo_clean_seed100010_ep10_step245_20260617_150646.json,a4940a5c5e36c4e9596fc8ff3eb90fecda08d34e439547b0b9a65844fcf428f4,f933a8b19716132740b0b8904e29f815f0ed7cae53e0579fd3dd96bdcffd4bbf,246,246,open_microwave,Approach,Stage Rollback
c9bcf92ecf71_open_microwave_demo_clean_seed24_ep24_step131_20260630_190521,robotwin/train/c9bcf92ecf71_open_microwave_demo_clean_seed24_ep24_step131_20260630_190521.json,93c82b0211c1e2115fea9b84136698b74d1856cda7b8387ec7b2d0006e342d19,18ae8867a70a818859972a4edb0227e9285e8cdb1c95fb6969f17ee33f9b5a64,132,132,open_microwave,Approach,Stage Rollback
1f2789db01f7_open_microwave_demo_clean_seed100046_ep41_step109_20260617_152833,robotwin/train/1f2789db01f7_open_microwave_demo_clean_seed100046_ep41_step109_20260617_152833.json,a62c267a4e6fc9662c96d81ee387a4ffe6b51bc25bce4ad81411d6853ae3ef8a,ac615071c3a7b68f4d5ebe0ca4ae8a461dd0bd6824d6405d3aa7149b38a47ac3,110,110,open_microwave,Approach,Stage Rollback
2b04c845651c_open_microwave_demo_clean_seed100012_ep11_step132_20260617_150800,robotwin/train/2b04c845651c_open_microwave_demo_clean_seed100012_ep11_step132_20260617_150800.json,cc56646edaff6529fc30f4dabedb0e93a1a0f6a94865b831e9e60c29edb333b0,5c0516ca8cbc1841819f54927a26d57a901debf9f62b3e1f72082ffde73c1162,133,133,open_microwave,Approach,Stage Rollback
4e6b046870aa_open_microwave_demo_clean_seed100001_ep1_step170_20260706_175046,robotwin/train/4e6b046870aa_open_microwave_demo_clean_seed100001_ep1_step170_20260706_175046.json,4d99fe3343b737cb4eda39f8e3e740bbca2df6e00def698a1843ef57a4780794,7c747876527e26837f7eeb8d335d3afc4c06b166f16456fff9257a2a5f730cc6,171,171,open_microwave,Approach,Stage Rollback
c2e3f5ed4a10_open_microwave_demo_clean_seed100033_ep24_step190_20260708_191228,robotwin/train/c2e3f5ed4a10_open_microwave_demo_clean_seed100033_ep24_step190_20260708_191228.json,9ac1105f1bb72a354d56487c2a3de0a494b8427becd4bfcc158a4d72bfa6b974,462a86722b71aa593eb5218260ab0580eac5c9d2017b2008c139fc909a0d7673,191,191,open_microwave,Approach,Stage Rollback
f5b9c263f719_open_microwave_demo_clean_seed49_ep39_step171_20260706_171339,robotwin/train/f5b9c263f719_open_microwave_demo_clean_seed49_ep39_step171_20260706_171339.json,41e7272137361849b85295af16a8aafdb5f1b11404c44b5f1711e717eeef9eec,e454e2ccb303fba1e0fbefcb19a4292a46c38d5eb691efaa0a3a6b1e2d674efe,172,172,open_microwave,Approach,Stage Rollback
06aa257f45fc_open_microwave_demo_clean_seed100006_ep4_step400_20260708_191236,robotwin/train/06aa257f45fc_open_microwave_demo_clean_seed100006_ep4_step400_20260708_191236.json,f7945a5a149e6f6c6840fa442ccf1db60e43ae063a0e1c9f391b6bc6cf76835f,0efb4e7c294afb0a92b60f8913d61182da56fe64245ae1357def3cccc6a87020,401,401,open_microwave,Approach,Stage Rollback
c27ccbc8eb2f_open_microwave_demo_clean_seed100041_ep32_step135_20260708_005850,robotwin/train/c27ccbc8eb2f_open_microwave_demo_clean_seed100041_ep32_step135_20260708_005850.json,e276b14c55c8ecdca5da5d2655884a5825a9855b09a377a618f4ef25b3e126ee,85995cab527d50b265245fc02540b2374f0de65287b542d52ba2fe6a0bc5e714,136,136,open_microwave,Approach,Stage Rollback
d6291ac2d5fa_open_microwave_demo_clean_seed27_ep27_step279_20260630_190845,robotwin/train/d6291ac2d5fa_open_microwave_demo_clean_seed27_ep27_step279_20260630_190845.json,e03123fbb235583e92fbaa759e7890fbe3f3ffea1f7fc1503d3aa82981383666,3de33c3a0f14eac2178e450bd031ff56a2c7aeb14b72a21a6ac49e527f09aa44,280,280,open_microwave,Approach,Stage Rollback
2f3f873a0594_open_microwave_demo_clean_seed2000_ep0_step178_20260701_130247,robotwin/train/2f3f873a0594_open_microwave_demo_clean_seed2000_ep0_step178_20260701_130247.json,37a2db1abd2ccfaebe4e88d69d2c15573eac674c72f815065d8adcf16b0fdec8,d0da9aa207b992c8bf378124cad89005033ff92fd1303cd895cc888f926da541,179,179,open_microwave,Approach,Stage Rollback
e7eb05ae50d3_open_microwave_demo_clean_seed2014_ep10_step299_20260701_132045,robotwin/train/e7eb05ae50d3_open_microwave_demo_clean_seed2014_ep10_step299_20260701_132045.json,598023895a2810971b7e49384ca33c96afd1612022ac16abcfd1bfb553d432ae,8e3cde884f7c7d2c084271495794134759215a7633734a0f75af48c830929ee9,300,300,open_microwave,Approach,Stage Rollback
5962f2963767_open_microwave_demo_clean_seed100049_ep44_step100_20260617_153107,robotwin/train/5962f2963767_open_microwave_demo_clean_seed100049_ep44_step100_20260617_153107.json,e11ef0ec87e72cf42150ad9c88134f755f37916a9943bc5d18eea031f3698d4d,df4d8b2b93380b00208cabbc31728d2f7bb5fdcaad4ae2f0f092d94b6afb4c62,101,101,open_microwave,Approach,Stage Rollback
2667b418cda3_open_microwave_demo_clean_seed2009_ep7_step67_20260706_155713,robotwin/train/2667b418cda3_open_microwave_demo_clean_seed2009_ep7_step67_20260706_155713.json,19fecef7dbcefa7816748456c1cf445c3c96e0abc4a033ae0bf84a9ced5d8248,0e65fa981113e6e2e6774cffae3a573519c9dd1e575195b5f205d8150b1d968c,68,68,open_microwave,Approach,Stage Rollback
e2a0c87a04de_open_microwave_demo_clean_seed8_ep8_step604_20260630_191735,robotwin/train/e2a0c87a04de_open_microwave_demo_clean_seed8_ep8_step604_20260630_191735.json,fd366307f1b9baf3f905aa82c2a1569a939d1ba7a5ac78184c0cae00493843dd,a3bfcf36b72e3e00b6f234522986994a5bc3c53abca2776d030e158f81c1d797,605,605,open_microwave,Approach,Stage Rollback
05d2dafa57ee_open_microwave_demo_clean_seed31_ep23_step280_20260708_191035,robotwin/train/05d2dafa57ee_open_microwave_demo_clean_seed31_ep23_step280_20260708_191035.json,574e2eb3ff4cfca8923684a5f720789f4021792de0c45abec69543570c76758c,b255ec7f7ed1932c7ff4b06d10b970a64736f718809d4b8f4f3e88155db60a3b,281,281,open_microwave,Approach,Stage Rollback
8023579826d7_open_microwave_demo_clean_seed15_ep11_step145_20260708_185335,robotwin/train/8023579826d7_open_microwave_demo_clean_seed15_ep11_step145_20260708_185335.json,c7dc31baaeed9713694f3fbdacedb8d6f627626c18326fb8add558ea3b4e7bf2,6c1f273398b680cd59bca828261b7a3b0e035d3456e6e4657e6b5b98351dc52c,146,146,open_microwave,Approach,Stage Rollback
a4371e806db3_open_microwave_demo_clean_seed10_ep6_step390_20260708_005947,robotwin/train/a4371e806db3_open_microwave_demo_clean_seed10_ep6_step390_20260708_005947.json,be7d70bedbdd92323fdb4ea61daa3ab703e085104537c3975e61a329a3fe5554,0e912a0ab014a0cf60639d0f3cc52a6ae185bb7c9aab67d03c95c9d9e8f0bf6d,391,391,open_microwave,Approach,Stage Rollback
4025b4d96c6a_open_microwave_demo_clean_seed100054_ep43_step135_20260708_003306,robotwin/train/4025b4d96c6a_open_microwave_demo_clean_seed100054_ep43_step135_20260708_003306.json,c5e1e7bc4b871a0882cd65158521abe66cdb5419fdde0d7eb5174fd56240d4df,337ab9ed5b236bffef80550c4f9c65d689dcf111da4b086a74e354034d5fbc11,136,136,open_microwave,Approach,Stage Rollback
fbf5dbf1e1bf_open_microwave_demo_clean_seed41_ep33_step275_20260708_191159,robotwin/train/fbf5dbf1e1bf_open_microwave_demo_clean_seed41_ep33_step275_20260708_191159.json,bbbb926602235ce06cbacd647ebbf0c235f77049982224954b8c0ae431a04989,5e1c6d4043fb660d320ce15c63e643084d8bbf6e88512a94f1526d4e1e63c3cc,276,276,open_microwave,Approach,Stage Rollback
4b0abf926ca0_open_microwave_demo_clean_seed52_ep42_step120_20260708_190650,robotwin/train/4b0abf926ca0_open_microwave_demo_clean_seed52_ep42_step120_20260708_190650.json,f9623761fbf1b661a99eb0e97fad384d3c52e35f51ce2fa146b3e0354b259841,d38c30b2c8b3c65840d3c487d6d7f0d9b6d95e2721d7c29300697dc254143a1f,121,121,open_microwave,Approach,Stage Rollback
5b14ab4e6293_open_microwave_demo_clean_seed100043_ep34_step100_20260708_190858,robotwin/train/5b14ab4e6293_open_microwave_demo_clean_seed100043_ep34_step100_20260708_190858.json,33c0593e53ca7931a82251bbf7be16b151ab2fd91daa1098fed994fca542107a,67d7e19c26f114e515e685963be5f7fc3a27d19cf850329a754e54dc83a4fd60,101,101,open_microwave,Approach,Stage Rollback
a06fde23efbb_open_microwave_demo_clean_seed2015_ep11_step114_20260701_132133,robotwin/train/a06fde23efbb_open_microwave_demo_clean_seed2015_ep11_step114_20260701_132133.json,27c7fd5c6f90ab8a6bd78aa07afebfab855f76f9c507181a0b48796602dc56cc,9983985412e3f798a2f59265358845c0b3d08d257760d6c9f808b2d02ba8f189,115,115,open_microwave,Approach,Stage Rollback
91d426c47d9c_open_microwave_demo_clean_seed100007_ep5_step370_20260706_195501,robotwin/train/91d426c47d9c_open_microwave_demo_clean_seed100007_ep5_step370_20260706_195501.json,fbf799efc2b963bed5fc291fa8de2b1cabd0327a42515ccee7e9f523fe8686a8,661e2a25e1e449079a940c0563af60f25757e6d5cb3ccf2526ce160253efb2b2,371,371,open_microwave,Approach,Stage Rollback
60cb43bc0047_open_microwave_demo_clean_seed2008_ep5_step157_20260701_131531,robotwin/train/60cb43bc0047_open_microwave_demo_clean_seed2008_ep5_step157_20260701_131531.json,15b705515c1996c9f2bda8dc287f89d231474d0fa1e1205e1251340f673055d3,1c5e705a0171eef26624b33142b0226a993d3db9f7bc9e3c72e0357ed75d010d,158,158,open_microwave,Approach,Stage Rollback
288d5f964aa0_open_microwave_demo_clean_seed2016_ep12_step60_20260706_201211,robotwin/train/288d5f964aa0_open_microwave_demo_clean_seed2016_ep12_step60_20260706_201211.json,b229ba38f84dc5a8bd9080c60e59cb511c0d40839ee8dc5a703698a7c886b8b8,a021d60a913b84d5dadea3281d2419abd249a150af052d7c4bb9e35d4f7f00ec,61,61,open_microwave,Approach,Stage Rollback
29a1f6957f1b_open_microwave_demo_clean_seed45_ep36_step395_20260708_191219,robotwin/train/29a1f6957f1b_open_microwave_demo_clean_seed45_ep36_step395_20260708_191219.json,ba9060e9cd37f67c4b3f945531414b44659ab8f71ebb75f7a7af12257a614c69,45d931b15472f81954413030bf7cb54482254bccdb1d6c9366cfc1009f6129e9,396,396,open_microwave,Approach,Stage Rollback
1eb4cb4fa794_open_microwave_demo_clean_seed7_ep7_step166_20260630_191656,robotwin/train/1eb4cb4fa794_open_microwave_demo_clean_seed7_ep7_step166_20260630_191656.json,671fb26aa8d687a262ee8f4d672c01ce73c034ca785753c66a3a6fdf7265c75e,2efb72fef1216f2189d273ceb54a06971958fd722425e97f6ee84a78ca07c261,167,167,open_microwave,Approach,Stage Rollback
b2d8e16c061e_open_microwave_demo_clean_seed2058_ep47_step72_20260706_160128,robotwin/train/b2d8e16c061e_open_microwave_demo_clean_seed2058_ep47_step72_20260706_160128.json,d8c814e79e5dcaa0e1ffaf41cf8989567cd6f7e5a8046fbe0046fe9f76399c27,26d131afba9af8cf4aeb1276f16161932e0cf8fdb6332c6a50b5674058abdc73,73,73,open_microwave,Approach,Stage Rollback
cc2c2c3f2a68_place_phone_stand_demo_clean_seed2050_ep33_step73_20260706_170354,robotwin/train/cc2c2c3f2a68_place_phone_stand_demo_clean_seed2050_ep33_step73_20260706_170354.json,48eaaf82ba82884ec82080906df73402cc6a98b1d3ffb084d490a4180b86e3d9,8ac876a695e911aeb0cd018884d14f9f3fc31518f91b7de06ba0be340c19509a,74,74,place_phone_stand,Approach,Stage Rollback
3508a346bb18_blocks_ranking_rgb_demo_clean_seed27_ep27_step273_20260707_014339,robotwin/train/3508a346bb18_blocks_ranking_rgb_demo_clean_seed27_ep27_step273_20260707_014339.json,55c93ad3edaa349f78669b92db4b33b87c7970edc3a132b5366957a7fb25398d,20debb8348f403cced9759ef80f6592484c252d91b816d87e8d410f339ca403e,274,274,blocks_ranking_rgb,Approach,Stage Rollback
78e84050de65_blocks_ranking_rgb_demo_clean_seed2034_ep33_step299_20260708_170814,robotwin/train/78e84050de65_blocks_ranking_rgb_demo_clean_seed2034_ep33_step299_20260708_170814.json,0b4679b3ab7a13157ffee7163b025102867607db5fb16260a1787d6aa72d301c,1c396baeed9342d2846c9e417f19a7580a0f5103b99323c2566d6cc748c05a3b,300,300,blocks_ranking_rgb,Approach,Stage Rollback
35929ab2b304_blocks_ranking_rgb_demo_clean_seed21_ep21_step230_20260708_015655,robotwin/train/35929ab2b304_blocks_ranking_rgb_demo_clean_seed21_ep21_step230_20260708_015655.json,dcc90544676f1582945b8ad1c62643cc2a3bcdabe7e3326257e04567b381ba38,b8faf053c18fb678d71da2cd1f7773059fe0e39d4b15e167ec0d3849c8a5c0b7,231,231,blocks_ranking_rgb,Approach,Stage Rollback
0d8688364778_blocks_ranking_rgb_demo_clean_seed33_ep33_step355_20260706_200047,robotwin/train/0d8688364778_blocks_ranking_rgb_demo_clean_seed33_ep33_step355_20260706_200047.json,5031c565fef1c779a9b87461f584636d2f3ef6896784f6747c2991fac1965f3d,a13a7968a5219b0f865f94b39a57aba78abccf1d3308adf5a864a9e49d261f1d,356,356,blocks_ranking_rgb,Approach,Stage Rollback
e5b24baf49fc_blocks_ranking_rgb_demo_clean_seed46_ep46_step236_20260706_162024,robotwin/train/e5b24baf49fc_blocks_ranking_rgb_demo_clean_seed46_ep46_step236_20260706_162024.json,7d529cbc03fcac341d5e40079a7081aac6dd1c306ba53f6d659573eceae0ddff,836f929cf980118f3a3da93cc89262827ea7e940cdd2b10b6c206fd05ac66e1e,237,237,blocks_ranking_rgb,Approach,Stage Rollback
63bcee777052_blocks_ranking_rgb_demo_clean_seed32_ep32_step249_20260706_172459,robotwin/train/63bcee777052_blocks_ranking_rgb_demo_clean_seed32_ep32_step249_20260706_172459.json,5e22396827ad702c8874d6aece7e796c731955458004f5bfac76c7a0daffae35,6e2a3efd5a6f7caf1361ea5b10c9dd6bffc2321569747fd908169645425dea9f,250,250,blocks_ranking_rgb,Approach,Stage Rollback
4dc03a800625_blocks_ranking_rgb_demo_clean_seed19_ep19_step258_20260706_165000,robotwin/train/4dc03a800625_blocks_ranking_rgb_demo_clean_seed19_ep19_step258_20260706_165000.json,c15b28fc69dc5b1ed23fe97eb4e10c6a3198c4e711b2143932a00da853878c4d,db1e4bc3c38905bed214b9f30b0f9cb87138ea2f7fe9f3e304c7cff4e4bc4918,259,259,blocks_ranking_rgb,Approach,Stage Rollback
d8a5089ed788_blocks_ranking_rgb_demo_clean_seed18_ep18_step403_20260706_165626,robotwin/train/d8a5089ed788_blocks_ranking_rgb_demo_clean_seed18_ep18_step403_20260706_165626.json,f2418743bc4b0232d83be05a7f6a69fd53061212658064add718e91c74e74578,ad76f9de81ffab54a76ffb86fc68cf4b0831de306813493d65869387a3a4398f,404,404,blocks_ranking_rgb,Approach,Stage Rollback
8a47cbdd49b8_blocks_ranking_rgb_demo_clean_seed49_ep49_step240_20260708_011940,robotwin/train/8a47cbdd49b8_blocks_ranking_rgb_demo_clean_seed49_ep49_step240_20260708_011940.json,9eb074d7e7b281bde49adb465261c3b3504c3cbc22afd77b1e5275d47559e9e3,dbdb91550304a9ab700a72b197538c6c07846816d00265147c616970c0a0e30d,241,241,blocks_ranking_rgb,Approach,Stage Rollback
f29593a0a5e8_blocks_ranking_rgb_demo_clean_seed100010_ep10_step360_20260703_175230,robotwin/train/f29593a0a5e8_blocks_ranking_rgb_demo_clean_seed100010_ep10_step360_20260703_175230.json,9823ba2feed705c276be043f477e4ed7a12b5d44968d2230859b86af6354b8b0,40ed44dbb9d3b5ba4a32777af1a6525f9862f57574d42751de72b8f37136ad93,361,361,blocks_ranking_rgb,Approach,Stage Rollback
05c564c1c7e7_blocks_ranking_rgb_demo_clean_seed41_ep41_step215_20260708_170924,robotwin/train/05c564c1c7e7_blocks_ranking_rgb_demo_clean_seed41_ep41_step215_20260708_170924.json,49a2d8c3e10e611f951081b5c0ed65dd543634d8a311becd0ad6c315469277b4,2977875879aa8d3ccab0a9f9dada8400548c75cd7ffcc8aa8c6ca1f0aa892281,216,216,blocks_ranking_rgb,Approach,Stage Rollback
77b3863e0224_blocks_ranking_rgb_demo_clean_seed2009_ep9_step299_20260708_170832,robotwin/train/77b3863e0224_blocks_ranking_rgb_demo_clean_seed2009_ep9_step299_20260708_170832.json,57e92b39779ab49a37457f04239fa24bdee8125bf3c27a9c7bbd350890c45258,c5f9d24138dd4362a91bd48adc2cab3f19097d8eb734055b9491dd025e38f6b8,300,300,blocks_ranking_rgb,Approach,Stage Rollback
c077093f75ad_blocks_ranking_rgb_demo_clean_seed33_ep33_step355_20260708_170757,robotwin/train/c077093f75ad_blocks_ranking_rgb_demo_clean_seed33_ep33_step355_20260708_170757.json,c7802af8eb54bef62dbf4184356b3111fa0b034cd4ebbd6ff8a2e616315c345f,1ffb7429dd0db40630f1835018b6103e7b25f5d634f4f185a5f76f9ba109f42e,356,356,blocks_ranking_rgb,Approach,Stage Rollback
42afba2caebc_blocks_ranking_rgb_demo_clean_seed46_ep46_step260_20260708_171022,robotwin/train/42afba2caebc_blocks_ranking_rgb_demo_clean_seed46_ep46_step260_20260708_171022.json,db28cb62d96a42ece0f4875720a9b35dbf7d29bda792921cdb30bffd55d3b0b1,feffd721d8609a147f984cf78d90fdf0b50bec79ba59962e3eb1b5fba8ac4b4a,261,261,blocks_ranking_rgb,Approach,Stage Rollback
6a33a2d82e5b_blocks_ranking_rgb_demo_clean_seed30_ep30_step245_20260706_173359,robotwin/train/6a33a2d82e5b_blocks_ranking_rgb_demo_clean_seed30_ep30_step245_20260706_173359.json,4671195fa1b6dd755282c45d2566823e431843f018f7681edad11eb74c17621d,92d01853ed7b181cfb3f3a63f08fb4deebc241744d7d210c5d24c5513d832ae9,246,246,blocks_ranking_rgb,Approach,Stage Rollback
e637b9fb7851_blocks_ranking_rgb_demo_clean_seed10_ep10_step220_20260708_171328,robotwin/train/e637b9fb7851_blocks_ranking_rgb_demo_clean_seed10_ep10_step220_20260708_171328.json,dffc4d232ea05a8a14132c4113831dda080159c6703aa645cccc73fe9c7464e1,75990c0d3487d760e4f5c0376e3cd442a977ef048910905a99ae415c1968f224,221,221,blocks_ranking_rgb,Approach,Stage Rollback
4831b5d21039_blocks_ranking_rgb_demo_clean_seed2033_ep32_step299_20260708_170816,robotwin/train/4831b5d21039_blocks_ranking_rgb_demo_clean_seed2033_ep32_step299_20260708_170816.json,7625fe881cdc5014283abf0eda30ed080a697f243631e23023e74aac6ae7a7c0,052a8d4bf8d987a24b84c04cefb8c4663be03d09c9c1e153579faef5444f158e,300,300,blocks_ranking_rgb,Approach,Stage Rollback
9c3081db2ccf_blocks_ranking_rgb_demo_clean_seed4_ep4_step415_20260706_171040,robotwin/train/9c3081db2ccf_blocks_ranking_rgb_demo_clean_seed4_ep4_step415_20260706_171040.json,b68f6db48eda92821600ca4b0d0a426fc7569182757aaac7e5b2c216848ce5d5,ab9b39fe4d0d2a8cdafbaa9db39f770d3d956efbd426207c2b67e767b26268b8,416,416,blocks_ranking_rgb,Approach,Stage Rollback
8315e6c9dcc0_blocks_ranking_rgb_demo_clean_seed9_ep9_step225_20260708_171040,robotwin/train/8315e6c9dcc0_blocks_ranking_rgb_demo_clean_seed9_ep9_step225_20260708_171040.json,b3ed4c4c3f981ad1778f6d9b786d84538e0272bff5eb675bf768533b2629a285,f840f122c7bea80845772ef07b1d308460f82923cf5bf49d2b2a161386800159,226,226,blocks_ranking_rgb,Approach,Stage Rollback
9992b3e07659_blocks_ranking_rgb_demo_clean_seed16_ep16_step245_20260706_175131,robotwin/train/9992b3e07659_blocks_ranking_rgb_demo_clean_seed16_ep16_step245_20260706_175131.json,98ad438f64bb4a6edb8a5204ba05a34782175a8c85022d53b81c38d103d828dc,fb5bac0463f1f44d9238cda30b0d442c7c0ef1628b48e0eb6221e275ed3605d7,246,246,blocks_ranking_rgb,Approach,Stage Rollback
3cfed201059b_blocks_ranking_size_demo_clean_seed26_ep22_step300_20260708_192510,robotwin/train/3cfed201059b_blocks_ranking_size_demo_clean_seed26_ep22_step300_20260708_192510.json,4cd42043a630723ecaa0f651a194e942f5fe9e316b3a3ab8ed2736cabc122c14,c8dffa1f9480884d72a73ab5c59ec046beb995ed43dc869b58582354e008b381,301,301,blocks_ranking_size,Approach,Stage Rollback
e15427bfb20b_blocks_ranking_size_demo_clean_seed14_ep11_step80_20260706_205531,robotwin/train/e15427bfb20b_blocks_ranking_size_demo_clean_seed14_ep11_step80_20260706_205531.json,65941fd04f9b17e6842a9ef733b7a1fdfdeb8cc7a2422e7ad38b5e0e0eed16a0,58d5126324fd940e94ae2f3df0b9d71ed12bb46a150b88d86ddf27812ce35f3a,81,81,blocks_ranking_size,Approach,Stage Rollback
9b8a5af7a1d0_blocks_ranking_size_demo_clean_seed45_ep39_step255_20260706_200008,robotwin/train/9b8a5af7a1d0_blocks_ranking_size_demo_clean_seed45_ep39_step255_20260706_200008.json,92a473ff2444f8322581285eef2123cbeb20e25b7a3ef36a6e3f8169081fa778,8417f41a99afeee3c86acb702ea48eabdd892c093aa76d30b84a801778758541,256,256,blocks_ranking_size,Approach,Stage Rollback
fdbb9b08b88f_blocks_ranking_size_demo_clean_seed2_ep1_step205_20260708_193704,robotwin/train/fdbb9b08b88f_blocks_ranking_size_demo_clean_seed2_ep1_step205_20260708_193704.json,be0c4b4354b81006408596ca873defb825d0757e2c423ac85a44fd921cd1bce5,007c4852dcd56731952a9847c74863cfbeae05086a0573ef0156b5c8fefa234b,206,206,blocks_ranking_size,Approach,Stage Rollback
afe34b0b8901_blocks_ranking_size_demo_clean_seed50_ep44_step225_20260706_205814,robotwin/train/afe34b0b8901_blocks_ranking_size_demo_clean_seed50_ep44_step225_20260706_205814.json,c075707ea0bb5405028e782d99f45dfb7b878f56a232236ae1b106378bf0e9fb,637b62fd8f99054172c798e45023c4129e839296d476f6496b5f593b8ffba7f9,226,226,blocks_ranking_size,Approach,Stage Rollback
2df8c661ea54_blocks_ranking_size_demo_clean_seed26_ep22_step300_20260708_200414,robotwin/train/2df8c661ea54_blocks_ranking_size_demo_clean_seed26_ep22_step300_20260708_200414.json,a7c97baf7a0a8e8d985ff82a9c1f6e096b83ff663a0a11b63c9c67f885918df4,bdf5b9491c8d96b36dd8a333d3195309a3627b9a308c8178394a3b0e5ce7aebc,301,301,blocks_ranking_size,Approach,Stage Rollback
f645f66d4a8b_blocks_ranking_size_demo_clean_seed14_ep11_step80_20260708_192254,robotwin/train/f645f66d4a8b_blocks_ranking_size_demo_clean_seed14_ep11_step80_20260708_192254.json,eeea09fecb321b763adf11c37827ea7e407e47674a7d301fea710672825b5e8b,25eb5e8fcc44e33317457efd280520eb49d544beeb9bad1e3e09897b1d9c2743,81,81,blocks_ranking_size,Approach,Stage Rollback
3179c0db7873_blocks_ranking_size_demo_clean_seed2_ep1_step215_20260706_175038,robotwin/train/3179c0db7873_blocks_ranking_size_demo_clean_seed2_ep1_step215_20260706_175038.json,1e7b80f0fe88e7e526e6222320b13af3ca6a5bfe981d793c36acacf6e9434af6,77d2b33af092a01b269b4412e13b6ce705f805bdc9b1cbc2e9c1849ebddc55df,216,216,blocks_ranking_size,Approach,Stage Rollback
7fbbbf8b88c6_blocks_ranking_size_demo_clean_seed37_ep33_step280_20260708_200512,robotwin/train/7fbbbf8b88c6_blocks_ranking_size_demo_clean_seed37_ep33_step280_20260708_200512.json,a27197e8695d8a354ed9815625abf69fedfc1d0eb36e0b1a56a5a1e8834225b8,eef69037feb1c6b368db07143c7fdb3ca8346e3488f64c3d93b205bf0c8610e6,281,281,blocks_ranking_size,Approach,Stage Rollback
8cf97ab307d4_blocks_ranking_size_demo_clean_seed30_ep26_step400_20260708_200447,robotwin/train/8cf97ab307d4_blocks_ranking_size_demo_clean_seed30_ep26_step400_20260708_200447.json,b825d18a31f30c783fff6af41c43ba398b15ec11369469801182c5a371aa4307,6d0c8a80eee34a603b875155c3ea3657d6e6a75646dfe1c46dc0a4bd0b68aefa,401,401,blocks_ranking_size,Approach,Stage Rollback
fdca2f9a131b_stack_bowls_three_demo_clean_seed100002_ep2_step80_20260711_132509,robotwin/train/fdca2f9a131b_stack_bowls_three_demo_clean_seed100002_ep2_step80_20260711_132509.json,667f0a283ad090430a3e3d4e310edae64ca729585ed848a08cc5ec354dd5ad2f,9bb67fd6225056244ec1811b69df262e8f72208d0fbe5ea9d1081b7c58191695,81,81,stack_bowls_three,Approach,Stage Rollback
bca3704722f1_stack_bowls_three_demo_clean_seed100032_ep19_step85_20260711_133029,robotwin/train/bca3704722f1_stack_bowls_three_demo_clean_seed100032_ep19_step85_20260711_133029.json,4480b8c1434154f9bdfa561f405a97e73a97aca486f90b0b401e93c0660fa484,31e46cbe3a09b3d517a52d296192c1aa15b8fae9153e0f8453c6231e2e4e864c,86,86,stack_bowls_three,Approach,Stage Rollback
c35c4d615bad_stack_bowls_three_demo_clean_seed100022_ep10_step228_20260711_131234,robotwin/train/c35c4d615bad_stack_bowls_three_demo_clean_seed100022_ep10_step228_20260711_131234.json,e459e6f2f4486157cf0b7628fe9ea24a8b9b98ef5189e55708ac8bb770effe5d,fa706fb0ee411ff04fd0d769b65f4fe6155614dd49332002f5388b0a5c9058d6,229,229,stack_bowls_three,Approach,Stage Rollback
fc70f20e8dbd_stack_bowls_three_demo_clean_seed100038_ep24_step390_20260711_132443,robotwin/train/fc70f20e8dbd_stack_bowls_three_demo_clean_seed100038_ep24_step390_20260711_132443.json,79e24bf7748ba478959654444817eeee9de359980d5609d5917d05f53f1597b3,12f700bea5dd23ab74d6ae95b1f7004d0679ff7a3eff6a81be8d9aead48b137e,391,391,stack_bowls_three,Approach,Stage Rollback
7ea045a59c64_stack_bowls_three_demo_clean_seed100032_ep20_step380_20260711_132356,robotwin/train/7ea045a59c64_stack_bowls_three_demo_clean_seed100032_ep20_step380_20260711_132356.json,06d4017edbcddf746bb0c9fb24670cf9a7aa98ad36b07acf4b7e728b3dab3552,67c9e819752e6b0956326b8c5757f59f9d9fedaef500b439b5380af2d85de2fd,381,381,stack_bowls_three,Approach,Stage Rollback
e0e151a4144c_place_object_stand_demo_clean_seed100013_ep12_step75_20260708_023824,robotwin/train/e0e151a4144c_place_object_stand_demo_clean_seed100013_ep12_step75_20260708_023824.json,69bf0bd3a43ab843eb234f8ac868a46a2148b784c9756c934138c0c03c697dc6,292feddfbc1eac04f871b44631e9e0957c1c6429793ac063783078c638704c38,76,76,place_object_stand,Approach,Stage Rollback
25c9e5d79dc4_place_object_stand_demo_clean_seed51_ep48_step81_20260706_162538,robotwin/train/25c9e5d79dc4_place_object_stand_demo_clean_seed51_ep48_step81_20260706_162538.json,8d3ea9852bf5730fc59de0836630177c8eb4a2bbb4aff4c2b05f260cf42a7890,bd57a11fe11a21119eec59d4c44de6e601df280325d5467b6369d695f10a6e01,82,82,place_object_stand,Approach,Stage Rollback
f26f54a06007_place_object_stand_demo_clean_seed33_ep31_step80_20260708_024037,robotwin/train/f26f54a06007_place_object_stand_demo_clean_seed33_ep31_step80_20260708_024037.json,c46653d39eafd308f14f4e5553479c0d0e055f87c5c70c72a861ab9c17916aee,753f6df29705cba64d1406009d2b00ce4be9bf4374c30872bcc68d82c6c5bdc9,81,81,place_object_stand,Approach,Stage Rollback
4809930295d3_put_bottles_dustbin_demo_clean_seed100033_ep21_step230_20260712_122525,robotwin/train/4809930295d3_put_bottles_dustbin_demo_clean_seed100033_ep21_step230_20260712_122525.json,39919797652cb011cd6d5a37e513aa0542288b6254d6b06dbaec2c24b89e864e,cca0dfe87d6231975d335bef75e5fe0a884745d83d82930597f8e01f78e79837,231,231,put_bottles_dustbin,Approach,Stage Rollback
630063d42d83_put_object_cabinet_demo_clean_seed100110_ep14_step85_20260711_141030,robotwin/train/630063d42d83_put_object_cabinet_demo_clean_seed100110_ep14_step85_20260711_141030.json,eee21f93a6700f13ec19adde8ae1f8dd8fdbf39175a23119af004d56d4c66547,6e3f3e10df906f596496444891f0ed09352c7a7ca0355d0fedefde3a4a782604,86,86,put_object_cabinet,Approach,Stage Rollback
846a9bb5b3ad_put_object_cabinet_demo_clean_seed100026_ep1_step160_20260711_140057,robotwin/train/846a9bb5b3ad_put_object_cabinet_demo_clean_seed100026_ep1_step160_20260711_140057.json,403a49b594b172982c6028496e69b4f6c3567db6e7e6ca7722e0f4764dffe664,f0ff4ea275c33dce5cf609c743b61f979de85be7080a10c317749748dbfba445,161,161,put_object_cabinet,Approach,Stage Rollback
68f1c181bbeb_put_object_cabinet_demo_clean_seed100153_ep21_step80_20260711_140750,robotwin/train/68f1c181bbeb_put_object_cabinet_demo_clean_seed100153_ep21_step80_20260711_140750.json,7bbe1ef8da7a23e846ff12694814a3a157f6b8aa4c6c82a62a410500aaa74cc4,9a59b51e7ed715284c82946013afa12acd39046c86541dd0a94594a2a2c57321,81,81,put_object_cabinet,Approach,Stage Rollback
733fa16112b9_lift_pot_demo_clean_seed100037_ep15_step100_20260710_150006,robotwin/train/733fa16112b9_lift_pot_demo_clean_seed100037_ep15_step100_20260710_150006.json,840706b73e8b62142e39d8a4e3a6ea42c6eb8afff21714a51ed0651a939bf687,cdb4b7af01ddb59b2b40ec9349b5e230d277b594f5dc047adf28d32e38e38c43,101,101,lift_pot,Approach,Stage Rollback
73f3e5ceb210_scan_object_demo_clean_seed100098_ep24_step90_20260711_135151,robotwin/train/73f3e5ceb210_scan_object_demo_clean_seed100098_ep24_step90_20260711_135151.json,b01e5cf5ad41dc89639fc420fdf5352188189fcd9f89108ae969d7adba609a6f,fe1bc07b6ea9fa97d27bc21656e52a0b15f24c79bd05fdb1ce67565478a063d7,91,91,scan_object,Approach,Stage Rollback
2f1c3d2a6751_stamp_seal_demo_clean_seed100027_ep17_step95_20260711_130324,robotwin/train/2f1c3d2a6751_stamp_seal_demo_clean_seed100027_ep17_step95_20260711_130324.json,0a54d89810592fd1594cbe2cd6bdc240d8f52dee07e305dc4af221908fb3fdd3,ba5682b112f23213a1acab076a479ca030bdd543c7a7b21fddad2927f82daefa,96,96,stamp_seal,Approach,Stage Rollback
d040ad54bb20_place_a2b_left_demo_clean_seed50_ep43_step90_20260708_163535,robotwin/train/d040ad54bb20_place_a2b_left_demo_clean_seed50_ep43_step90_20260708_163535.json,ca6eeb800ba376904f9a0e0ccbab9d6feceda90432e4e5aee752b25502b189a7,3c1c5b3785b97b6602d27674af1aefbb5ba10e7c5b7d75a6fc0f908ff266af61,91,91,place_a2b_left,Approach,Stage Rollback
52286c81742f_place_a2b_left_demo_clean_seed2009_ep6_step115_20260701_134726,robotwin/train/52286c81742f_place_a2b_left_demo_clean_seed2009_ep6_step115_20260701_134726.json,b1f301e544ae54ed91024dd7ce4d379f1a53c035f4801fa7793f248ffb04d2bb,ab0ed2c51fa28e06e0947933fcb7ab51d426f3297874c6bbd428a55b86df1b04,116,116,place_a2b_left,Approach,Stage Rollback
c6802d32f62c_place_a2b_left_demo_clean_seed2008_ep5_step92_20260701_134523,robotwin/train/c6802d32f62c_place_a2b_left_demo_clean_seed2008_ep5_step92_20260701_134523.json,90ce99c3e357f6770fb3730f412f5c28680cd49008c9ea6843a97f3352fab443,17d4c029c41d50433a2351d32bf958a25495554f0f1c2c4cc26650b046625bfc,93,93,place_a2b_left,Approach,Stage Rollback
31f94046ea5a_place_a2b_left_demo_clean_seed2005_ep2_step79_20260701_134354,robotwin/train/31f94046ea5a_place_a2b_left_demo_clean_seed2005_ep2_step79_20260701_134354.json,05873fc619b08f24c9982c6e1a57334ca29a65d15abd776b959320c8e16ff796,ff9d033a0493249237aff0da78d4aee945a293033d21ea5cecca003d15f259e3,80,80,place_a2b_left,Approach,Stage Rollback
428783873c03_place_a2b_left_demo_clean_seed2027_ep21_step91_20260701_135722,robotwin/train/428783873c03_place_a2b_left_demo_clean_seed2027_ep21_step91_20260701_135722.json,ee9a72cd7a927c50ed95d05b096c81dd6202e1b03418a3e815c32b22748217b3,725612adc63f2ae16376c623e5fddce02468a48ecc9be361842ff5c516f3393a,92,92,place_a2b_left,Approach,Stage Rollback
39adc2eaa238_place_object_basket_demo_clean_seed3_ep2_step101_20260706_161028,robotwin/train/39adc2eaa238_place_object_basket_demo_clean_seed3_ep2_step101_20260706_161028.json,61f2dfe4a6de51d7cbc6909c5f7da66ba83429f044354b068a9a008d620e3d96,6767b3980ece8fbd8525a1a2a24271593e11cae8483bcaa4c592135439c2b840,102,102,place_object_basket,Approach,Stage Rollback
1808d60f2cec_place_object_basket_demo_clean_seed2014_ep11_step73_20260706_165706,robotwin/train/1808d60f2cec_place_object_basket_demo_clean_seed2014_ep11_step73_20260706_165706.json,cab72c1b9d84f8386baefb8126c3fee681bae44572cd4c908258823087dd0667,91e99601e43276103ee2a01c928777b413fedbd798ff66520bddfc11b2fd724b,74,74,place_object_basket,Approach,Stage Rollback
e220ca60bcfe_place_object_basket_demo_clean_seed2025_ep18_step78_20260706_170427,robotwin/train/e220ca60bcfe_place_object_basket_demo_clean_seed2025_ep18_step78_20260706_170427.json,7f47074ec05df9809aad70010684fd611e7447743385579b75361a61fa02a437,20c83ff64792ffc56d6cd20e5ca23637f509c9dae4d1b8ae59072f62b9d9f4d7,79,79,place_object_basket,Approach,Stage Rollback
c9b913ab6f14_hanging_mug_demo_clean_seed100012_ep11_step235_20260710_081659,robotwin/train/c9b913ab6f14_hanging_mug_demo_clean_seed100012_ep11_step235_20260710_081659.json,695e1445fa0b26a1ab11f72d3c3d65defc7706580f11a6088eb6578e0920c830,b46ca594b63da0051fea8d9f56e8e8262cba735fbd72bfd7793432e67d82994c,236,236,hanging_mug,Approach,Stage Rollback
225aa2bfffe6_place_a2b_right_demo_clean_seed100020_ep16_step80_20260708_161742,robotwin/train/225aa2bfffe6_place_a2b_right_demo_clean_seed100020_ep16_step80_20260708_161742.json,01a10604aabfc2974932a8e5e83ae13aebef9230c938901d1898c4eeb4951d56,283febcd980ec160a4b9b485d137f74b664ccdf4054bec9ddb55c8f3b778ca6e,81,81,place_a2b_right,Approach,Stage Rollback
e02d46e32a31_place_can_basket_demo_clean_seed69_ep45_step100_20260708_154953,robotwin/train/e02d46e32a31_place_can_basket_demo_clean_seed69_ep45_step100_20260708_154953.json,ff87f9eae12c3423cc4b0d74d34b016858eddf6882d6a9268982376bc286f524,d3aeea9f750ad3cf4b093197958f7ca17d3ba5e5257c81d157178cac113e36df,101,101,place_can_basket,Approach,Stage Rollback
a8436cec03c8_shake_bottle_demo_clean_seed100006_ep5_step105_20260711_133902,robotwin/train/a8436cec03c8_shake_bottle_demo_clean_seed100006_ep5_step105_20260711_133902.json,a795050b7d4528d4f22fbbc8f180818283081bde184b36ef2c795f4e10e13dc9,19241386beb8ba4ca820432fa05888de48fc7cab646f3e54a1b9d8561a6fe245,106,106,shake_bottle,Approach,Stage Rollback
4a939138b36a_beat_block_hammer_demo_clean_seed27_ep27_step149_20260630_174332,robotwin/train/4a939138b36a_beat_block_hammer_demo_clean_seed27_ep27_step149_20260630_174332.json,722135e99bee7792048ce6d2a5fd33f0badf56641b92130fe36ea2bf7fe81d1a,7dd54ce318885debb867c14527c11feebf411d7f0d74465668478e10735f5eab,150,150,beat_block_hammer,Approach,Stage Rollback
04541a49ba96_beat_block_hammer_demo_clean_seed20_ep20_step146_20260630_173848,robotwin/train/04541a49ba96_beat_block_hammer_demo_clean_seed20_ep20_step146_20260630_173848.json,fb34d853260e6096f27b227888af4c0e692a0794e8852e962f283b9e4d8c6567,ef7a7d044979791f0f70e44125fbf96c9ce38b1af361dd9418cd0798d3bafecc,147,147,beat_block_hammer,Approach,Stage Rollback
b990afba3ea1_beat_block_hammer_demo_clean_seed24_ep24_step144_20260630_174311,robotwin/train/b990afba3ea1_beat_block_hammer_demo_clean_seed24_ep24_step144_20260630_174311.json,122d19d10244fe4e7a70ba4d5a39227405db2b908ddccafc73ec2789ce3f85ea,97b6e28f771b74c34bd97f50e6840b4db53b4499552e46269505f6b6997fc3d8,145,145,beat_block_hammer,Approach,Stage Rollback
8e275e0089d2_beat_block_hammer_demo_clean_seed21_ep21_step142_20260630_174141,robotwin/train/8e275e0089d2_beat_block_hammer_demo_clean_seed21_ep21_step142_20260630_174141.json,d802dc256d224147c3e327a245e1500f1e6eca441a6de26b1ed6d4bbb7bbc7bb,c3504be2853e155cfd5a5e86216ab8f36fc5ba364f8442dd6c465453790a5644,143,143,beat_block_hammer,Approach,Stage Rollback
3d859ce2cb80_place_bread_basket_demo_clean_seed36_ep36_step80_20260706_213246,robotwin/train/3d859ce2cb80_place_bread_basket_demo_clean_seed36_ep36_step80_20260706_213246.json,4c8801913b08f8006f9560cf21089902dd1f651bd34e8d0e3bc88ed1e6110bd7,a7300db39836ae93877f47f16fc5a4125a1bc8b247cc7acde574efad4fca2474,81,81,place_bread_basket,Approach,Stage Rollback
da975d2a4719_place_bread_basket_demo_clean_seed36_ep36_step85_20260708_160947,robotwin/train/da975d2a4719_place_bread_basket_demo_clean_seed36_ep36_step85_20260708_160947.json,bd70c2f740ab00d95145d3a9da3b5fc1de3e054a7b782f1d41ee91db1bfc54d0,b99260f99e9a1a917c5180d0574c0803fb406cd28b036204e287899ed1295923,86,86,place_bread_basket,Approach,Stage Rollback
0cbafb2bbe7a_stack_bowls_two_demo_clean_seed49_ep39_step235_20260708_020510,robotwin/train/0cbafb2bbe7a_stack_bowls_two_demo_clean_seed49_ep39_step235_20260708_020510.json,4565b22f16ab27a4d5c1b900daf1527b608e32181844ab59e519a2638bca6249,ac94f89b423bfed152a781733dd7e7b7edc7cc07347d91c64f2a9c51cc9d6873,236,236,stack_bowls_two,Approach,Stage Rollback
7504f241ae1d_stack_bowls_two_demo_clean_seed11_ep8_step265_20260708_020503,robotwin/train/7504f241ae1d_stack_bowls_two_demo_clean_seed11_ep8_step265_20260708_020503.json,529a2f8baad2521923ae13ee1cfa58cd8fb5b92ba11cf37bd544506658e9d5df,39d0a162f78d16c62889cf4b628b5c27f639ea62bfbdd91b42a198277e3f3274,266,266,stack_bowls_two,Approach,Stage Rollback
2d0d855d8e48_move_can_pot_demo_clean_seed100027_ep26_step67_20260630_153142,robotwin/train/2d0d855d8e48_move_can_pot_demo_clean_seed100027_ep26_step67_20260630_153142.json,22a8bfb60023d6d15157807368dbb6045103516c76a95ccc64d73008d655199a,04651389528a42da00e346b834ca941ac5bc9d2b9afbe23b35fc409647cc256e,68,68,move_can_pot,Contact,Wrong Pose
f8ebb5341dbb_move_can_pot_demo_clean_seed0_ep0_step47_20260630_181132,robotwin/train/f8ebb5341dbb_move_can_pot_demo_clean_seed0_ep0_step47_20260630_181132.json,7c9a13cc1de1204508543aa70b2ac6765dda570890279f8e5dcbce673933ca8a,c80df683347ba6482131a8fd22a83f3d3d90ed8f57d59621cdddae85044d8132,48,48,move_can_pot,Contact,Wrong Pose
d34fb6cd7071_move_can_pot_demo_clean_seed100017_ep16_step35_20260706_165329,robotwin/train/d34fb6cd7071_move_can_pot_demo_clean_seed100017_ep16_step35_20260706_165329.json,1cd06fd5ad51bbce1d44a034e8d36018e527a01cc3ac9da4b6ed76c148d9a0d7,0e4b62b4f89ce553a5b4db835830af3fbf34dbf552fecc2ddc732284395902f7,36,36,move_can_pot,Contact,Wrong Pose
22bf1ec94284_move_can_pot_demo_clean_seed100010_ep9_step39_20260630_152049,robotwin/train/22bf1ec94284_move_can_pot_demo_clean_seed100010_ep9_step39_20260630_152049.json,f4a3d9ae636ee50b2ac2aa5cf4ea36d6e1eb1331cde3525dcab06260a92c5bc4,32d644ed304700aa1d31dbaaa34d2d1bcd35a972385ea821e5816f5fd974631e,40,40,move_can_pot,Contact,Wrong Pose
8bf92bcc099e_move_can_pot_demo_clean_seed2028_ep27_step38_20260701_130157,robotwin/train/8bf92bcc099e_move_can_pot_demo_clean_seed2028_ep27_step38_20260701_130157.json,ce0760faa21ab0046b5c240870c49982a39e0f9105d54f94b5e84e55caff4bdc,c2e7350f9cbab2e8ad290f9ac986cdb0a97a2c74d70a782ead326150abb06e0d,39,39,move_can_pot,Contact,Wrong Pose
efe37313b561_move_can_pot_demo_clean_seed100017_ep16_step40_20260630_152946,robotwin/train/efe37313b561_move_can_pot_demo_clean_seed100017_ep16_step40_20260630_152946.json,4e332e362031cc1aefcf6c2ff75562c83bf36256143cf2f32b3bfc5e163a3d2e,7083c3f14f60c24f05b23d1129e65f5374317c46476f3acbe31a52c6517a7a14,41,41,move_can_pot,Contact,Wrong Pose
bde319a930a3_move_can_pot_demo_clean_seed100022_ep21_step37_20260630_153124,robotwin/train/bde319a930a3_move_can_pot_demo_clean_seed100022_ep21_step37_20260630_153124.json,54edaa63cd98955176d8f4c945e4d686f1916ae6eaef60f1e7fefed20959ae26,6dca3a671c0bf7ac220f2dd3088b17d3085820b1cf7f4bfb77373a67497a0308,38,38,move_can_pot,Contact,Wrong Pose
b9a6f7455434_move_can_pot_demo_clean_seed100007_ep7_step49_20260706_161950,robotwin/train/b9a6f7455434_move_can_pot_demo_clean_seed100007_ep7_step49_20260706_161950.json,4c71294e69a7fffd20112a011aedf01b129bc02d7db80db0d5d27ce40b607bf4,7a3e2829accdb21bc366024ba9e52a9a3b3eff9626adec57b3936b4c48bc2be1,50,50,move_can_pot,Contact,Wrong Pose
9f0d30d491d5_move_can_pot_demo_clean_seed2049_ep45_step34_20260706_162258,robotwin/train/9f0d30d491d5_move_can_pot_demo_clean_seed2049_ep45_step34_20260706_162258.json,c56b607bc596bd8842baf81035f8049aaaa25b9d6edd3f74b7d548d57b512fa7,036833eae8bb347f415c7c12685a92354c4e6d3cd2d614f4a689ff6172b5f176,35,35,move_can_pot,Contact,Wrong Pose
53953f395883_move_can_pot_demo_clean_seed2012_ep12_step40_20260701_130118,robotwin/train/53953f395883_move_can_pot_demo_clean_seed2012_ep12_step40_20260701_130118.json,d0ac36c3ac06d51899214cd858a320744fb43a46dad584e5cc80dea2e5e34ef2,752c0599164885d3847d0bebcab7d0187c694b8da82f8075c976565e32dd8dca,41,41,move_can_pot,Contact,Wrong Pose
ff7f75740b44_move_can_pot_demo_clean_seed22_ep21_step40_20260708_172740,robotwin/train/ff7f75740b44_move_can_pot_demo_clean_seed22_ep21_step40_20260708_172740.json,41f7a8e6d16edf0c3085f14d636c3f27ec80467cc3720f50d8b6ffeb31e56ae4,443a35f7b076c9bf7a678ee0a77e391acfd60e94da863ea1e4daf6fe1e8deda8,41,41,move_can_pot,Contact,Wrong Pose
7bc99bdd54e8_move_can_pot_demo_clean_seed28_ep26_step39_20260706_154424,robotwin/train/7bc99bdd54e8_move_can_pot_demo_clean_seed28_ep26_step39_20260706_154424.json,2b8c8a330d62d049a640dc71b0404b2225353e5e86120a3f1acc414de7ab1a05,662fe96dd5ee46d1b2babe423f6c1d3c246edbd4532008460401648bbfa38c02,40,40,move_can_pot,Contact,Wrong Pose
0cde56d219e1_blocks_ranking_size_demo_clean_seed22_ep19_step213_20260706_173137,robotwin/train/0cde56d219e1_blocks_ranking_size_demo_clean_seed22_ep19_step213_20260706_173137.json,9888abd811590ce1f7f6557fccf7f7c33581814df2194745479d77682ee7cd16,b23969257e419dc81f356ef4f939a9d20064ee0ca6aa69b39cb4b78ecdf488ab,214,214,blocks_ranking_size,Contact,Wrong Pose
025b8f20c970_place_object_basket_demo_clean_seed2014_ep11_step55_20260708_030151,robotwin/train/025b8f20c970_place_object_basket_demo_clean_seed2014_ep11_step55_20260708_030151.json,2d39f43a07858372a3ca5addfb6b4e0d8f4b6f1f40f6b912c79b1d23532f5ba6,8f49eaeba2a34f3d387b0397f370f1d13d115da74cda152cd8bcb67917c86f56,56,56,place_object_basket,Contact,Wrong Pose
f24192c3e65e_place_object_basket_demo_clean_seed2043_ep26_step54_20260706_201140,robotwin/train/f24192c3e65e_place_object_basket_demo_clean_seed2043_ep26_step54_20260706_201140.json,ed77d390e310df037aacbef2caeb61c93db3145a3201f67dbdc9a8a9f06eab45,d0dd55ea1510a13ca4a6c5fda82d7ba2fced33cd0f91f6f87142efc75fdcf8f4,55,55,place_object_basket,Contact,Wrong Pose
91786d5167dc_place_object_basket_demo_clean_seed2043_ep26_step55_20260707_181850,robotwin/train/91786d5167dc_place_object_basket_demo_clean_seed2043_ep26_step55_20260707_181850.json,5b9cfbb9d1050025a5c73eddb5bd557eec7e396e0414f37d0a0ab25a06b80637,bd4fc081dd1092f4624cf7f9d2416c2ace7122357b4d28cedd92c2733b4387de,56,56,place_object_basket,Contact,Wrong Pose
a6369bf5bb80_place_object_basket_demo_clean_seed2051_ep33_step55_20260708_025059,robotwin/train/a6369bf5bb80_place_object_basket_demo_clean_seed2051_ep33_step55_20260708_025059.json,5c2bdd48224706891bb4189d71f53b00cfac1c659de9d6ad63dddb7626fe6fe4,22e01a8315308aeb5246cac481d20788e412e97c321b8fc27ac59eceb240302d,56,56,place_object_basket,Contact,Wrong Pose
5d6e12dfdf4c_place_object_basket_demo_clean_seed2060_ep40_step165_20260706_172603,robotwin/train/5d6e12dfdf4c_place_object_basket_demo_clean_seed2060_ep40_step165_20260706_172603.json,715aa242006b5063f5f3e9c7ab92e12f8d69bee25666150c34cf959441d467f3,f888ecd695b0c48d2c072520d5133dbcb7ad62eae07f940cb5f3c3fbd3cd3aa6,166,166,place_object_basket,Contact,Wrong Pose
e4a95db6d24f_place_object_basket_demo_clean_seed2006_ep4_step55_20260708_030121,robotwin/train/e4a95db6d24f_place_object_basket_demo_clean_seed2006_ep4_step55_20260708_030121.json,e5b14278adfc5cc529ee9e3f42037fd626297b06ee0b1539c026c9a9b7dd2d82,4676adc3ee71296be16fa7d85432047b809e3f76a868cde368f7d19692a6dbcc,56,56,place_object_basket,Contact,Wrong Pose
0adf1f6e211b_place_object_basket_demo_clean_seed2020_ep15_step60_20260708_030107,robotwin/train/0adf1f6e211b_place_object_basket_demo_clean_seed2020_ep15_step60_20260708_030107.json,ae946b7e8afc6f5d3657717bf5b0d2278a67b8883bd50b24ec8aa80f153ca0fd,5009d9227b175c41df5c8f0116adc864dde05cc8b09457ec2810b2ad4afcd48a,61,61,place_object_basket,Contact,Wrong Pose
514b89103453_place_object_basket_demo_clean_seed2020_ep15_step60_20260708_030125,robotwin/train/514b89103453_place_object_basket_demo_clean_seed2020_ep15_step60_20260708_030125.json,d91c8812809b9989579c10f2bd5b89dc92360a4025bd7163fe7660e073ea4850,ebf9bc4c99e98e497c0d30f3d4e638293de16b57ed55fa15391bdbaeb2ce4d0f,61,61,place_object_basket,Contact,Wrong Pose
8d4afe153f55_place_object_basket_demo_clean_seed2051_ep33_step60_20260708_030020,robotwin/train/8d4afe153f55_place_object_basket_demo_clean_seed2051_ep33_step60_20260708_030020.json,f5d8ecec1821ba7590b5bc33e017c9ffaeabf7df8ee53e37c99f091dcb3b7f2d,13b3ebdb03011a36db1f1f8ca9def7fdfac28fe0f1a5e5e2a5119e7b31f4662b,61,61,place_object_basket,Contact,Wrong Pose
77b7603a7cbf_place_object_basket_demo_clean_seed2060_ep40_step50_20260708_025345,robotwin/train/77b7603a7cbf_place_object_basket_demo_clean_seed2060_ep40_step50_20260708_025345.json,0672822f9114d455f59edfb8913b4a4f23f4a66de93d9dc636ffa040990878e1,706fc938235ab0e86ecb47ddf8f483e1571f072a3cfd35ec69b7126e0b09bf5f,51,51,place_object_basket,Contact,Wrong Pose
56ddba0b56a6_place_object_basket_demo_clean_seed2013_ep10_step70_20260708_030024,robotwin/train/56ddba0b56a6_place_object_basket_demo_clean_seed2013_ep10_step70_20260708_030024.json,1af583e3076e1862fa4223dc5d267b080e7c227911e05a15b493c07342eef541,afddecda736dfc1fb0c6c40a1369fe99d4d76beca242dccfb6fb4538a81c7c47,71,71,place_object_basket,Contact,Wrong Pose
14f6725f40a0_place_object_basket_demo_clean_seed2013_ep10_step65_20260708_025337,robotwin/train/14f6725f40a0_place_object_basket_demo_clean_seed2013_ep10_step65_20260708_025337.json,855b871cbf33e3a5de69af1b7752b23057a606c288cd5d767c08ef363fac2770,25114248e87a57f8de592397ab70eab42b86f82b65c583415ed588c6696a58e4,66,66,place_object_basket,Contact,Wrong Pose
cf837ef677f9_place_object_basket_demo_clean_seed2025_ep18_step65_20260706_204357,robotwin/train/cf837ef677f9_place_object_basket_demo_clean_seed2025_ep18_step65_20260706_204357.json,04b356e4f0aee5422cd8ea32bc00657c39cb0c7ba56afb4bf8526b0921ae416a,b86b8b06e3686367d88fb84c41e64694f9a84186f48bfeeb03320b0def895434,66,66,place_object_basket,Contact,Wrong Pose
8955032f9602_place_object_basket_demo_clean_seed2029_ep20_step55_20260708_025818,robotwin/train/8955032f9602_place_object_basket_demo_clean_seed2029_ep20_step55_20260708_025818.json,2a77ec726c538cc946ffa9504a038e72b59539be578bfad19c82365b75df9aa9,e2e4c8cc70613e0920add4ea6b78f5b9e03fbbe14d1bba5a847b4427420ba1b7,56,56,place_object_basket,Contact,Wrong Pose
c77b5f0859b4_place_object_basket_demo_clean_seed2038_ep23_step60_20260706_201150,robotwin/train/c77b5f0859b4_place_object_basket_demo_clean_seed2038_ep23_step60_20260706_201150.json,e14ca242adcd3d44343764e4e7bda39798c6e16f05c50fd43c13d3a4ed1a57bb,1e03966e1c00974b4e713559e70ef801699bebe9f735d8832bd54b671d7147ff,61,61,place_object_basket,Contact,Wrong Pose
7a651c0444ab_place_object_basket_demo_clean_seed2046_ep29_step70_20260708_025210,robotwin/train/7a651c0444ab_place_object_basket_demo_clean_seed2046_ep29_step70_20260708_025210.json,0e109948a94ee848b38d048fa4e9f9fdb1e6fbfa72da86f46dafcd7788db2f86,0c3efb1f5a28d880526437ef8efa37872bad735df00d43a50c5cb983d4c8f681,71,71,place_object_basket,Contact,Wrong Pose
711fb5473fb7_place_object_basket_demo_clean_seed2070_ep48_step200_20260708_030030,robotwin/train/711fb5473fb7_place_object_basket_demo_clean_seed2070_ep48_step200_20260708_030030.json,db3dc8530b8d4d313e7c7acc98d3523b384eb4d6834d1898197f6d540895d949,688931f5715b3444be16b079269baeb0fad88e2b6417268694f1a50efc1944f7,201,201,place_object_basket,Contact,Wrong Pose
162635145787_place_object_basket_demo_clean_seed2066_ep44_step83_20260706_161755,robotwin/train/162635145787_place_object_basket_demo_clean_seed2066_ep44_step83_20260706_161755.json,77f43117ff1f79b920c0888184b0a7415db97c8b80299df606b34475bcc3ba95,1c88e6af6ed8302e8fb1135df2178de8c930cd656976c33d7aa47718f35b3c8d,84,84,place_object_basket,Contact,Wrong Pose
07a1d62bbfda_place_object_basket_demo_clean_seed2010_ep8_step80_20260708_030119,robotwin/train/07a1d62bbfda_place_object_basket_demo_clean_seed2010_ep8_step80_20260708_030119.json,021a2162006faa809a9ad214a688975172de223506d214a23453f57536d80704,1902a8bcc1e7ba7e6c803df44c30850e52f8aaa30e3c92af7ea2b70ccc304ace,81,81,place_object_basket,Contact,Wrong Pose
a2272d6c243b_place_object_basket_demo_clean_seed2029_ep20_step50_20260708_025341,robotwin/train/a2272d6c243b_place_object_basket_demo_clean_seed2029_ep20_step50_20260708_025341.json,974a4e98a71e039800e908d5e43d3f3ebc91be499ab66335a60eec910a82cd77,d1f636ec0f4d1689cd1078d99d12c2b23f47c59173c9552f1fef96a51047d6d4,51,51,place_object_basket,Contact,Wrong Pose
2d4b83478ad3_place_object_basket_demo_clean_seed2046_ep29_step65_20260708_030147,robotwin/train/2d4b83478ad3_place_object_basket_demo_clean_seed2046_ep29_step65_20260708_030147.json,b2eda13d322f6ec25d044a4f20942248eead5d51208a514dff5ace67ab62461f,11349fb930f477735c3ccbd2a420faca3cdbddf247209f4c968fbecaca7133b2,66,66,place_object_basket,Contact,Wrong Pose
d8ef88cd8965_place_object_basket_demo_clean_seed2058_ep39_step70_20260708_025833,robotwin/train/d8ef88cd8965_place_object_basket_demo_clean_seed2058_ep39_step70_20260708_025833.json,9f968d7776989c49c7cf8281e1e0099291265dc2c7239c08a259def3db946588,8b567a75b3c5f4d710d4e7f3e83d1183b7ceae12fcaa6927f8d1b99093a449f2,71,71,place_object_basket,Contact,Wrong Pose
b1ef46db2c80_place_object_basket_demo_clean_seed2061_ep41_step60_20260708_003541,robotwin/train/b1ef46db2c80_place_object_basket_demo_clean_seed2061_ep41_step60_20260708_003541.json,48cf62c39906fd304bf64f4e14a11eebf81e34b1579fb60fa401be54dcb4d72e,2bdc5cc9a5f333525d47d7c71ebf41abbb4a561a74ead8c721a32cbf7718d5ab,61,61,place_object_basket,Contact,Wrong Pose
6828ebeae66a_pick_diverse_bottles_demo_clean_seed84_ep36_step40_20260708_173207,robotwin/train/6828ebeae66a_pick_diverse_bottles_demo_clean_seed84_ep36_step40_20260708_173207.json,eb1bf972066f4d8f37a4aa25d424dcc846204fe650a53aa6f37ecc440ee3f2ed,71b17def8f287585e90eff4a7b46b29fdfcdab9ea3eca89ffa1f23f37c588e77,41,41,pick_diverse_bottles,Contact,Wrong Pose
a0a721b6f112_pick_diverse_bottles_demo_clean_seed13_ep7_step50_20260708_015931,robotwin/train/a0a721b6f112_pick_diverse_bottles_demo_clean_seed13_ep7_step50_20260708_015931.json,4324514bbc1362d4a437840a98ced04acbc432c3e1332ee1f5587f8d09891832,4b7054372fc4ccf236887062357ba0e4601f1b7044a8b6faefcf4e77dcbe2c17,51,51,pick_diverse_bottles,Contact,Wrong Pose
330ba0b2ae02_pick_diverse_bottles_demo_clean_seed46_ep22_step30_20260708_173127,robotwin/train/330ba0b2ae02_pick_diverse_bottles_demo_clean_seed46_ep22_step30_20260708_173127.json,17f5c601efb806f2134c5965d1bb4d3131f27b0428c29825e0e9713056f3561e,21ed4641f8afae83af5c12b83247b3ddc9942e64b7c9c6c00c70228be4f15759,31,31,pick_diverse_bottles,Contact,Wrong Pose
23f99d82abbe_pick_diverse_bottles_demo_clean_seed84_ep36_step35_20260706_200533,robotwin/train/23f99d82abbe_pick_diverse_bottles_demo_clean_seed84_ep36_step35_20260706_200533.json,eb00a740098e6bc37d2103886e7bd156d9a0f88c4df984d9920f573095764b15,66d1107a5491478d8e66847ea9728b673ce94a7e64723a7392909bd0b0247af7,36,36,pick_diverse_bottles,Contact,Wrong Pose
54301aa10f1e_pick_diverse_bottles_demo_clean_seed46_ep22_step40_20260706_203952,robotwin/train/54301aa10f1e_pick_diverse_bottles_demo_clean_seed46_ep22_step40_20260706_203952.json,1f62b80e7481ae3c9090298e2541312fcf6c3751fc5fc1bd8e58a5d88ddde121,51c70b08eea2dff6feddb0e5727d0304ff1a0de355dcb2fe93f7e1bf501510b2,41,41,pick_diverse_bottles,Contact,Wrong Pose
88d851316e1a_place_a2b_right_demo_clean_seed2010_ep9_step60_20260706_213310,robotwin/train/88d851316e1a_place_a2b_right_demo_clean_seed2010_ep9_step60_20260706_213310.json,a1113e309e40cf6238002dd2907af60ddd7da3c81273659bbee946d0c00f3c64,16adf7f6cb6048893cd2ebc7c6abb9ff657dbd0b27df1792dbd9ccfcb44bed9c,61,61,place_a2b_right,Contact,Wrong Pose
027e2225df5d_place_a2b_right_demo_clean_seed2027_ep25_step83_20260706_160921,robotwin/train/027e2225df5d_place_a2b_right_demo_clean_seed2027_ep25_step83_20260706_160921.json,3dca5eaa1e4857d7a2d262accd3bd4698599710710b9a03014088c60c1b9e1fe,9f99cc5186ef576dc71522ee4248d89d036befa257fd47bc0d945232e4f70357,84,84,place_a2b_right,Contact,Wrong Pose
dfe46a48e2cf_place_a2b_right_demo_clean_seed2031_ep29_step51_20260706_170824,robotwin/train/dfe46a48e2cf_place_a2b_right_demo_clean_seed2031_ep29_step51_20260706_170824.json,033a48ad529bc21982948bce74bcac96fb69d833043b7423ced115dfc2788041,22f9d9a0a2f0d35339f44312c948c514962785a89a1d79e00d5fdcf0eeb9a8fa,52,52,place_a2b_right,Contact,Wrong Pose
42951e9a2679_place_a2b_right_demo_clean_seed2031_ep29_step79_20260706_153714,robotwin/train/42951e9a2679_place_a2b_right_demo_clean_seed2031_ep29_step79_20260706_153714.json,99c73d27b7a3eab1a571f83b4d33f8c69e222a77edb32da07dddfa1aaeb5aac8,c888c94e45c52857b69dc664ca4823cc8988b2878cd8681171113008e2e04258,80,80,place_a2b_right,Contact,Wrong Pose
8a183c66c3ba_place_a2b_right_demo_clean_seed2039_ep37_step60_20260706_204025,robotwin/train/8a183c66c3ba_place_a2b_right_demo_clean_seed2039_ep37_step60_20260706_204025.json,c95a44813f86b8edc014a123a0152a8f183db785b61c3493c2322a0288c27a61,39f98d332191d77a72ab489f129f58abb9e67a95db72fdc50e08e53316159345,61,61,place_a2b_right,Contact,Wrong Pose
16593c5c7467_place_a2b_right_demo_clean_seed2015_ep14_step80_20260706_202742,robotwin/train/16593c5c7467_place_a2b_right_demo_clean_seed2015_ep14_step80_20260706_202742.json,33b58eb835d7ec9563206f9cdf39ea86abfeef69747018c093b89ecebb482739,7f9ed96e01b228eba22256d34b2081f20b86d70a5dc8eb1f930877dfbfff0924,81,81,place_a2b_right,Contact,Wrong Pose
f4378b904497_open_microwave_demo_clean_seed32_ep24_step70_20260708_190642,robotwin/train/f4378b904497_open_microwave_demo_clean_seed32_ep24_step70_20260708_190642.json,16b2678c6025b151b8ba6ffbd90aa4f776c31f996007c5f199bec1f675bd2606,1a31a4fe60097679ef37ac873c49582e3c19eaa08a6d4915669f088e8a8c5708,71,71,open_microwave,Contact,Wrong Pose
0fa49b349bfc_open_microwave_demo_clean_seed6_ep3_step65_20260708_191209,robotwin/train/0fa49b349bfc_open_microwave_demo_clean_seed6_ep3_step65_20260708_191209.json,18bbd8265bc6bea80db4144155325f638a2b03e51a3682f722a0116b6640814b,7fc3ed97802c2c1365c30b036367e04d23c9d484a8db21e4306fd51d6f402ae2,66,66,open_microwave,Contact,Wrong Pose
09c94a8e2900_place_bread_basket_demo_clean_seed14_ep14_step41_20260706_201602,robotwin/train/09c94a8e2900_place_bread_basket_demo_clean_seed14_ep14_step41_20260706_201602.json,9cd8ba9236f72b11f685a46b09485c95b54309b04eb471f371c0e49cbe706665,d93227b3b72fb931e9b837e1b2207e206133cb3374a68210b49e854ef9cbc913,42,42,place_bread_basket,Contact,Wrong Pose
21a1be0cbd97_place_bread_basket_demo_clean_seed47_ep47_step40_20260708_002402,robotwin/train/21a1be0cbd97_place_bread_basket_demo_clean_seed47_ep47_step40_20260708_002402.json,b5412cc9dbba77d79b0628ca8465656309463c2cc6e23f882c4674ef9525e70c,afa6fff607cac4848363a5ca55a37b8f8585e2807564d92b136ecea856912f74,41,41,place_bread_basket,Contact,Wrong Pose
92c20fef1952_place_cans_plasticbox_demo_clean_seed42_ep42_step50_20260708_030543,robotwin/train/92c20fef1952_place_cans_plasticbox_demo_clean_seed42_ep42_step50_20260708_030543.json,88c711ff8acad5a334609f1378f6ca88836ef86ed808bd9f47a6387e4912a82b,bed5838482dee4e1f296bdc10f495c8b5c72cc71965b981729a92d7a1cc36166,51,51,place_cans_plasticbox,Contact,Wrong Pose
a5c71c0c4ffa_place_cans_plasticbox_demo_clean_seed27_ep27_step40_20260708_030438,robotwin/train/a5c71c0c4ffa_place_cans_plasticbox_demo_clean_seed27_ep27_step40_20260708_030438.json,63eff5b92752bfc03be124e039bbe405b04da6404fee8f592a0aed753e8e1bbd,80ecb07d9ea25164f470ab0a9f781f2fbc8c0466925e5c673579a67dfe52956a,41,41,place_cans_plasticbox,Contact,Wrong Pose
3f9d48c29522_place_cans_plasticbox_demo_clean_seed37_ep37_step45_20260706_164827,robotwin/train/3f9d48c29522_place_cans_plasticbox_demo_clean_seed37_ep37_step45_20260706_164827.json,23b483f93fc7523d3e38dd415d250c1e692017d6c21f8d01e812bc766f734d7c,b3d3ee72bbd4842b99f8f5077196741b962126b8bc1bde50a8a62a30f27899f7,46,46,place_cans_plasticbox,Contact,Wrong Pose
9904f1be64d0_place_phone_stand_demo_clean_seed100038_ep25_step50_20260708_023245,robotwin/train/9904f1be64d0_place_phone_stand_demo_clean_seed100038_ep25_step50_20260708_023245.json,df91686c32ce3653d0775c0a672a2b58732dac2852780d1fb7a595bccdb66ff4,f7c7593ed474e9950d3f18323038d555bef514360e413b62971652ee9d6041c7,51,51,place_phone_stand,Contact,Wrong Pose
9382d8877d83_place_phone_stand_demo_clean_seed100008_ep5_step50_20260706_203413,robotwin/train/9382d8877d83_place_phone_stand_demo_clean_seed100008_ep5_step50_20260706_203413.json,afd71516681fea7a85c6339cd8d33b259b86f7ba7829d17a2936b810efbb24fd,57d154a321a00e2b82fb0ffdb3705c6f5391f79d552df7f55c13304ebf16a71f,51,51,place_phone_stand,Contact,Wrong Pose
8132d0f030b5_place_can_basket_demo_clean_seed100051_ep34_step45_20260706_210003,robotwin/train/8132d0f030b5_place_can_basket_demo_clean_seed100051_ep34_step45_20260706_210003.json,2c1860cabea42d2cf6ba78a909ef63e22ee6a899ba938e5d5f467057893ecdc3,5d95bf53d964ba97fbe0252bd44ec8222516365c0827eb946ca1608fd9a728b5,46,46,place_can_basket,Contact,Wrong Pose
4bef0a9bd00a_place_a2b_left_demo_clean_seed27_ep27_step53_20260701_011227,robotwin/train/4bef0a9bd00a_place_a2b_left_demo_clean_seed27_ep27_step53_20260701_011227.json,691d3c9aa62bf9dbda8e3b6dcb4d3f0910df1a87a0a1bf3eadc05bc5c9c2b263,30357ba98d9dab328bf1f6a03c88eec26ba9a687b74c7e2502795385bc400f0a,54,54,place_a2b_left,Contact,Wrong Pose
2d7f561dad61_place_a2b_left_demo_clean_seed2008_ep5_step55_20260708_002333,robotwin/train/2d7f561dad61_place_a2b_left_demo_clean_seed2008_ep5_step55_20260708_002333.json,d2950166326ef6bf4d621e3a63c379082a6f1643ee30bd63ed4fe24f452f1e1b,570f7e45b9e41ed9fca86b0d03f399fee84ee1f9806c30f9cdb175bfaa98085b,56,56,place_a2b_left,Contact,Wrong Pose
a04b025ed244_place_a2b_left_demo_clean_seed2031_ep24_step55_20260708_002235,robotwin/train/a04b025ed244_place_a2b_left_demo_clean_seed2031_ep24_step55_20260708_002235.json,c711549cf5766ac46a6c395bff923131a4e7ecee6ee156967aa51a4cfcab293b,64f4a6108ff55cd13103b4a80b738487635162bf8e89c74708dcab7aa1af0a1d,56,56,place_a2b_left,Contact,Wrong Pose
39919d4305b1_place_a2b_left_demo_clean_seed2037_ep28_step60_20260707_014423,robotwin/train/39919d4305b1_place_a2b_left_demo_clean_seed2037_ep28_step60_20260707_014423.json,5956117e838544040ef361011b6c79da94ac70780f495935d299ddf8cb87161e,78e3d2f2aeeb4b5361fbefcab757c043575a07375f7706961b2f1963fb9ac8cd,61,61,place_a2b_left,Contact,Wrong Pose
93e5549f14d6_place_a2b_left_demo_clean_seed2031_ep24_step120_20260706_203640,robotwin/train/93e5549f14d6_place_a2b_left_demo_clean_seed2031_ep24_step120_20260706_203640.json,226ce50d7187921d886a085f9e301f1fefaf30227b2dc16fa9afcb5b497d3622,8437ca8a5ecaa3e33368940dd487e8770f21c760989407dd2d2dc2fb4a0b3a47,121,121,place_a2b_left,Contact,Wrong Pose
6a621bc89283_place_a2b_left_demo_clean_seed2043_ep34_step60_20260706_212915,robotwin/train/6a621bc89283_place_a2b_left_demo_clean_seed2043_ep34_step60_20260706_212915.json,585230d9dc4c7c2a663274bd6119633eca05b4f4b7ed772e516fd76c6531f3af,d15c9f962cc9d4e0f3c496134bc98e913d04dd30b8da264ee84cc4cb7a165824,61,61,place_a2b_left,Contact,Wrong Pose
27e93d9638fd_dump_bin_bigbin_demo_clean_seed21_ep9_step51_20260630_180612,robotwin/train/27e93d9638fd_dump_bin_bigbin_demo_clean_seed21_ep9_step51_20260630_180612.json,57f9bc72c7ea6ef97dcf3e1b31690a5f1cb1263ee8cf3eeb1c515b5f469821be,d367cfaa28f913221e4dc10a391c87c3d220abcc5f48109ac450fe38c7acd3a7,52,52,dump_bin_bigbin,Contact,Wrong Pose
fbc94f8f3fd7_dump_bin_bigbin_demo_clean_seed59_ep28_step50_20260630_181046,robotwin/train/fbc94f8f3fd7_dump_bin_bigbin_demo_clean_seed59_ep28_step50_20260630_181046.json,1906e19cca55e6550b9e940b8cd5a48eb6e2342767803bbd1a3d20b408dfee72,ed61e1427f882a72f9d6e9fa637ff7e1cfbf1ccb414a577da67ad6b1b37d5f91,51,51,dump_bin_bigbin,Contact,Wrong Pose
a92f2d1076e2_dump_bin_bigbin_demo_clean_seed12_ep5_step51_20260630_180348,robotwin/train/a92f2d1076e2_dump_bin_bigbin_demo_clean_seed12_ep5_step51_20260630_180348.json,4525e147636beae1e896599bc6fcf8486d394c34e9343400477d26de940bfba3,5cd6947837150008f4064378e832142738e00a67f57395c699b44a7d47c23ba0,52,52,dump_bin_bigbin,Contact,Wrong Pose
2ed7badddd34_dump_bin_bigbin_demo_clean_seed43_ep22_step49_20260630_181000,robotwin/train/2ed7badddd34_dump_bin_bigbin_demo_clean_seed43_ep22_step49_20260630_181000.json,3c7bd5d909e089e4c73ab07aff42b42f9f6e05eeb2c57d327b92f2a6d011a491,6c53fcc8ef2d55a87e2cfd818604148be6463aecb58add2bbab300b62090470e,50,50,dump_bin_bigbin,Contact,Wrong Pose
6ba75368f4a2_dump_bin_bigbin_demo_clean_seed32_ep14_step75_20260630_180940,robotwin/train/6ba75368f4a2_dump_bin_bigbin_demo_clean_seed32_ep14_step75_20260630_180940.json,752d191ce998e453a155b8abcebda9ff97c1378701d8be5b76e4453a1781e47e,584aa2b44a2423dfbed969e230a4f44e9e410e62c4b7a15a5388106f7f256812,76,76,dump_bin_bigbin,Contact,Wrong Pose
cc5681bbda7d_blocks_ranking_rgb_demo_clean_seed38_ep38_step225_20260708_171428,robotwin/train/cc5681bbda7d_blocks_ranking_rgb_demo_clean_seed38_ep38_step225_20260708_171428.json,3c95b59fac62346d8c441f3872e8425ef0dec8eeb8c62e84e79b6bfc2499d453,893ed97133b9e134b82d6a58a5c5c57d2f257203f0391e3b4648eb90f2291243,226,226,blocks_ranking_rgb,Contact,Wrong Pose
ef7095ff46fc_blocks_ranking_rgb_demo_clean_seed2015_ep15_step199_20260706_205852,robotwin/train/ef7095ff46fc_blocks_ranking_rgb_demo_clean_seed2015_ep15_step199_20260706_205852.json,8edfd59c3b0375b468107dcc04a7100caaf9ceaf341f72a6903250449323c582,c1cbe36af9cec6ad8026a144e380d7b6b2e4597c30b5785ddcb0fe9704bca829,200,200,blocks_ranking_rgb,Contact,Wrong Pose
ab51169b9f66_place_burger_fries_demo_clean_seed46_ep46_step45_20260706_200152,robotwin/train/ab51169b9f66_place_burger_fries_demo_clean_seed46_ep46_step45_20260706_200152.json,0240a145120cf457b7092b4e06a5061ec53d1f207335774145b97373b0f62aa5,1134739854bbe0dbfa63114474b600c1b9d73c33ab66f930792be10a766a8d2a,46,46,place_burger_fries,Contact,Wrong Pose
e8ccfcb497c8_place_burger_fries_demo_clean_seed46_ep46_step40_20260708_155756,robotwin/train/e8ccfcb497c8_place_burger_fries_demo_clean_seed46_ep46_step40_20260708_155756.json,4577cfa56511fd4df1bb1f3f6b452b6c52ca6f958d41d66e2f5f73f212f44dde,11db0011002677e20c75a26eb3cfafc448d63486c0ffe74a59adfef30c2ea37b,41,41,place_burger_fries,Contact,Wrong Pose
7815fd444542_place_object_stand_demo_clean_seed2044_ep43_step60_20260708_023720,robotwin/train/7815fd444542_place_object_stand_demo_clean_seed2044_ep43_step60_20260708_023720.json,a49d0b1336eac84f216628b6e12fbefd3e53cdc53b6d69cbde9d8225b65cd131,d6d5257edc2c9b722f014f9d83d9e661cfbead92ab148d51f8764ca7a38698ce,61,61,place_object_stand,Contact,Wrong Pose
ab2230e0c0ac_place_object_stand_demo_clean_seed15_ep14_step50_20260708_023622,robotwin/train/ab2230e0c0ac_place_object_stand_demo_clean_seed15_ep14_step50_20260708_023622.json,9532836cbcf67a4822e3f84ba59ba1a6befb99317e5c6331a7a758744b5838a7,ee89501c8e72dff5e12d9a0847d9e68b5bf1f10e231ca1ad0fcb551eec4460e9,51,51,place_object_stand,Contact,Wrong Pose
7c98600e241d_place_object_stand_demo_clean_seed100008_ep7_step46_20260706_161429,robotwin/train/7c98600e241d_place_object_stand_demo_clean_seed100008_ep7_step46_20260706_161429.json,c2f3923148e79728cd39c3003eddcf735f52a7606d6cf8d903c20444642d0a68,0dd49459e64ecf7ade60d7dfc797dbe42740dadccafee893bedc1476c86252f2,47,47,place_object_stand,Contact,Wrong Pose
19cd44d9622a_place_object_stand_demo_clean_seed17_ep16_step50_20260708_014647,robotwin/train/19cd44d9622a_place_object_stand_demo_clean_seed17_ep16_step50_20260708_014647.json,47f80dacbc6f8e356279ead64b8975d9e7c24e5fd1f6f6acdb8f7f8695aa10d8,ef9b192d1a1a2ed020cc8821702f7aee9900aceced507de4e2d3d3d5d0a4458a,51,51,place_object_stand,Contact,Wrong Pose
ae8b6a8411b9_place_object_stand_demo_clean_seed2043_ep42_step60_20260708_023705,robotwin/train/ae8b6a8411b9_place_object_stand_demo_clean_seed2043_ep42_step60_20260708_023705.json,473291a566f9631fd50318b78dc52b78766d9f60a7dcb12568ef172ea2c2ecc6,e82e430bc7d72c15c92c0b6c8c826978942f2a16b457a7d3c2b62a3c990cc014,61,61,place_object_stand,Contact,Wrong Pose
1729fd40df38_place_object_stand_demo_clean_seed100008_ep7_step50_20260708_023834,robotwin/train/1729fd40df38_place_object_stand_demo_clean_seed100008_ep7_step50_20260708_023834.json,93acf5122023e772dfd49d9961f3de3cfbbe06449e8dc62bbd9f639ba572c9be,5ffa0d6989439fffd56d7e7c82f275edcbd4d3b28e0d28a29a786a7c5a26c451,51,51,place_object_stand,Contact,Wrong Pose
e00cc94aa060_place_object_stand_demo_clean_seed17_ep16_step50_20260708_024059,robotwin/train/e00cc94aa060_place_object_stand_demo_clean_seed17_ep16_step50_20260708_024059.json,b505597d51a31ac895278e24190bb13f40341a7553ae3fa9ae1c4ef7970bf34d,ecbae406d279e92efee15554ee3f970b174b673094938b9cb4e47a6c9265c39e,51,51,place_object_stand,Contact,Wrong Pose
bd967f448298_place_bread_skillet_demo_clean_seed96_ep36_step35_20260708_014417,robotwin/train/bd967f448298_place_bread_skillet_demo_clean_seed96_ep36_step35_20260708_014417.json,b9595520873a8aa98499ba6f872ce2f21acb191f4249533a19185adf79d95c1f,7448bae20c87a32ed1b22af69c684515dfbf4a91f18f757ffd8c601de9ea7d0c,36,36,place_bread_skillet,Contact,Wrong Pose
5f678e19840e_place_bread_skillet_demo_clean_seed100079_ep31_step45_20260708_014406,robotwin/train/5f678e19840e_place_bread_skillet_demo_clean_seed100079_ep31_step45_20260708_014406.json,7fe976751f7359a8f5127b2706f8678bd4d17431a465d0b18ade2257b2d83de4,672d2c4efcf7512ced6fdeb3bcb35b66e005f369a204f3db7bf763bc48e6c3a8,46,46,place_bread_skillet,Contact,Wrong Pose
1e1aca28dbd3_place_bread_skillet_demo_clean_seed2039_ep12_step50_20260708_014203,robotwin/train/1e1aca28dbd3_place_bread_skillet_demo_clean_seed2039_ep12_step50_20260708_014203.json,cb384246da0b46517328b151c6293cfdb963a94ed4483b569cf4401e4ac02714,7149b27ac9dc659b9369693a9414158ed2c16d97e3a2bfc66db3e915fdae1368,51,51,place_bread_skillet,Contact,Wrong Pose
0e65cf8c92b3_stack_bowls_two_demo_clean_seed49_ep39_step201_20260706_011224,robotwin/train/0e65cf8c92b3_stack_bowls_two_demo_clean_seed49_ep39_step201_20260706_011224.json,a7c2eb4d1f072b4ca249d479804785f012f2eb5664e629c29d6df77dd8a0c90c,257c1331c5f17c45b19bf9402d96c4b06285ab64938d9b7c65940f0fec15c8e3,202,202,stack_bowls_two,Contact,Wrong Pose
43749ea440ca_stack_bowls_two_demo_clean_seed22_ep18_step45_20260706_004946,robotwin/train/43749ea440ca_stack_bowls_two_demo_clean_seed22_ep18_step45_20260706_004946.json,de5fd6ee7441da16e78dff20ab7e55d6e193ce23d146f26a66e85f697c000324,3f20c1215073f479eefbdfa666fd20685305b2d7b6cd7f3e9ec9470dc774168a,46,46,stack_bowls_two,Contact,Wrong Pose
0a4e33e5ad3d_open_microwave_demo_clean_seed14_ep14_step94_20260630_185337,robotwin/train/0a4e33e5ad3d_open_microwave_demo_clean_seed14_ep14_step94_20260630_185337.json,76e89d76fc332441009a8f8859b379521d55d075e3d2b54dd61eccec102d5301,202d6a0c2e407018196391d461144dfe286fb86d700ac8a69f3408ddf9b9eb60,95,95,open_microwave,Move,Wrong Pose
b12a0363634e_open_microwave_demo_clean_seed100017_ep14_step146_20260630_160126,robotwin/train/b12a0363634e_open_microwave_demo_clean_seed100017_ep14_step146_20260630_160126.json,2ec5a7eecd437280a1fe8a611861ed71a2284d8014ef8e2e1a28e78ce336cfe3,a75d415bf1a5ec7fbb8b914221d8ab1d2978c037f6d5b1ba3640f0297ed58859,147,147,open_microwave,Move,Wrong Pose
8bb39fed1004_open_microwave_demo_clean_seed100017_ep12_step150_20260708_191700,robotwin/train/8bb39fed1004_open_microwave_demo_clean_seed100017_ep12_step150_20260708_191700.json,be8190f079eab9b8e44888ba69f383f6f43444e93d3ad23f5c03c3085a92b56b,5fefdbcd801e4960306095aedaa56db82bdec417cd1c0f4dc859622b54fefb94,151,151,open_microwave,Move,Wrong Pose
7399ac045c1b_open_microwave_demo_clean_seed2021_ep17_step185_20260706_213237,robotwin/train/7399ac045c1b_open_microwave_demo_clean_seed2021_ep17_step185_20260706_213237.json,0e411c85d4c0da626eede55dca6449f75fd187980ad82eac3eaed817dfd1a3d4,435ea5b1af2fa423643039f3987de431718d1e516f8d22d1ce82d7b1bac8ec8a,186,186,open_microwave,Move,Wrong Pose
f622bcdc40c1_open_microwave_demo_clean_seed100036_ep26_step119_20260630_161926,robotwin/train/f622bcdc40c1_open_microwave_demo_clean_seed100036_ep26_step119_20260630_161926.json,77e44dcd286a04e67680baa6870eda5abd1be88bbec772b653fb0f8f8e7fbdcd,b52f9f3bd48ff0e3b0a01d4768e3f58f59bde877ff5c2a0295281b1532e34e73,120,120,open_microwave,Move,Wrong Pose
460537193d6f_open_microwave_demo_clean_seed100007_ep6_step277_20260630_154344,robotwin/train/460537193d6f_open_microwave_demo_clean_seed100007_ep6_step277_20260630_154344.json,3ae4ab1f7c6ec8f57fbc93240155371bc5c50923a81e15fe7533cfddeaa1e4a6,a623bcd09253c0c2e45faa0bef695ed403221d4e157d7f781c545fb173d6e759,278,278,open_microwave,Move,Wrong Pose
4c86a3d50f55_open_microwave_demo_clean_seed100013_ep10_step93_20260630_160036,robotwin/train/4c86a3d50f55_open_microwave_demo_clean_seed100013_ep10_step93_20260630_160036.json,61cd40ae3a5775ac4aa402010e41648293591093276c1fe4c5587a90e1019bf3,1e9f93e5c2923b675c6bbd8150d653608cb2a2f8e4c4309d3455abca4d22ef40,94,94,open_microwave,Move,Wrong Pose
fdbf256e5083_open_microwave_demo_clean_seed100016_ep13_step91_20260630_160102,robotwin/train/fdbf256e5083_open_microwave_demo_clean_seed100016_ep13_step91_20260630_160102.json,d4395fc8fd96598a9b2a5bf22e09345777293c2994741a5a3094ec6818fe6f05,1e18bad1907dcbbb676a681125ce4c2671a7c63566094e4cd091f38a1033ef4e,92,92,open_microwave,Move,Wrong Pose
28f57bc9b0d0_open_microwave_demo_clean_seed2021_ep17_step299_20260701_132506,robotwin/train/28f57bc9b0d0_open_microwave_demo_clean_seed2021_ep17_step299_20260701_132506.json,e4737dbefd34e35424f1f17cfe0404f7124a4a61bfd6bd711d26b1d7fc7942ca,7dd52960503a49d80d901a181af37eb578137ebf9e870382a62ad371ea41f333,300,300,open_microwave,Move,Wrong Pose
2ebcd1a5c3cf_open_microwave_demo_clean_seed16_ep16_step139_20260630_185444,robotwin/train/2ebcd1a5c3cf_open_microwave_demo_clean_seed16_ep16_step139_20260630_185444.json,efcff35df92a5e719dd5c1be75fdfdc175d14b25a3a740b235eee443c947b79d,4ec14e63f2f248c49e373211c3ef992136ca8fece96fa552e91b4cddc7542b3f,140,140,open_microwave,Move,Wrong Pose
4a446eeba04c_open_microwave_demo_clean_seed60_ep47_step415_20260708_191253,robotwin/train/4a446eeba04c_open_microwave_demo_clean_seed60_ep47_step415_20260708_191253.json,03291446bdf5f511df479030c0c836c65b8f466fdde98178dad9411e0013ef41,997b1c1953caf447172217ecf7b365639465ed9efaea4bc17938314571bc2546,416,416,open_microwave,Move,Wrong Pose
eaa4029a6cd7_open_microwave_demo_clean_seed21_ep15_step275_20260708_190553,robotwin/train/eaa4029a6cd7_open_microwave_demo_clean_seed21_ep15_step275_20260708_190553.json,edda206267a955802035834748a63640f2fbd86cb01d3c59dc333223f7f2b98a,496283f92119c65555f26ea070235d38920a689a0279fdd64673432cd1665545,276,276,open_microwave,Move,Wrong Pose
815c5a55f9bd_open_microwave_demo_clean_seed22_ep22_step173_20260630_190452,robotwin/train/815c5a55f9bd_open_microwave_demo_clean_seed22_ep22_step173_20260630_190452.json,a49a8f5b7ecf5da9c313459866bab087664c3eed0f7b8a15530118b68571255c,92d0bdee059d3239780bf2ffea4cebdcb724ab139e307c568e5048a1b945b8ed,174,174,open_microwave,Move,Wrong Pose
48686f3c7005_open_microwave_demo_clean_seed100022_ep17_step400_20260707_013136,robotwin/train/48686f3c7005_open_microwave_demo_clean_seed100022_ep17_step400_20260707_013136.json,abe2478b184d3a332b7487355fac9898da1809432992cf67136ccd37d5fd6d32,772342876898563206708588ad984ada60f68e09b1358e2981a99f817dfc996f,401,401,open_microwave,Move,Wrong Pose
9b2dbe9c3519_open_microwave_demo_clean_seed2012_ep8_step299_20260701_131648,robotwin/train/9b2dbe9c3519_open_microwave_demo_clean_seed2012_ep8_step299_20260701_131648.json,71127dc541e062a58eb2ddb1d9ef21e59c283e2415731077096dad490d875861,145de32bc94138a84a0da1c53cffab9a38379b9201cc4b480e440dfe99701937,300,300,open_microwave,Move,Wrong Pose
240d07eecc63_open_microwave_demo_clean_seed19_ep19_step245_20260630_185544,robotwin/train/240d07eecc63_open_microwave_demo_clean_seed19_ep19_step245_20260630_185544.json,e7240d25085ab77458e3438baba1faf153dc5a8ecf3714411481b1f6fecc2ef7,4267eb0371b2e77693caabec476ad167d7dc6e0bc2f404200a80971439b32154,246,246,open_microwave,Move,Wrong Pose
377b4039abf4_open_microwave_demo_clean_seed2004_ep2_step299_20260701_130757,robotwin/train/377b4039abf4_open_microwave_demo_clean_seed2004_ep2_step299_20260701_130757.json,45d7ddb8af882832075afa1a03244d0498759dcbb434dc78389a922e9e8a2608,e23b09c20564b3b2a53956ccdd7c3a03e30427285c0095706c5f595af03ea576,300,300,open_microwave,Move,Wrong Pose
9a46250a5381_open_microwave_demo_clean_seed2017_ep13_step299_20260701_132226,robotwin/train/9a46250a5381_open_microwave_demo_clean_seed2017_ep13_step299_20260701_132226.json,be3ab428183ed3a98cfe8b9c22f7fb58599c7d15d82a5d21ad3c551f71469884,4822e2ca01cc7b2055b5ddd46125986dd149535d128d5f2dfe982b9c8ea8cdfc,300,300,open_microwave,Move,Wrong Pose
5ca90f972561_open_microwave_demo_clean_seed100001_ep1_step81_20260630_153223,robotwin/train/5ca90f972561_open_microwave_demo_clean_seed100001_ep1_step81_20260630_153223.json,3ac9e425964bf4895317c166a4cc2052b342b5481c426b9c96e1f5a94a4572a3,804ab925019e72efbb1804a5c7034b4d30cb736ea3572bd31791a450d55cad8a,82,82,open_microwave,Move,Wrong Pose
0539e4e1abea_open_microwave_demo_clean_seed2025_ep21_step185_20260708_190911,robotwin/train/0539e4e1abea_open_microwave_demo_clean_seed2025_ep21_step185_20260708_190911.json,8df57e512d32cef3b1bdf2f737053bd0ee34e60d0fcd5034bbfd4d697a14caed,f2938d034f7404e546e07efba7ae0b6c8bbbb880569551ee83f16b091a54128f,186,186,open_microwave,Move,Wrong Pose
89a745d7d7ba_open_microwave_demo_clean_seed34_ep26_step250_20260708_190559,robotwin/train/89a745d7d7ba_open_microwave_demo_clean_seed34_ep26_step250_20260708_190559.json,5db610a97bc167c307f457ec156df22ce43f200f1380bcf41c8c43c94cec8a81,d078409290455d15338aafb6b8957f93810eef3cc02f9afcf6bcaeab889c5f17,251,251,open_microwave,Move,Wrong Pose
8d85af4633c0_open_microwave_demo_clean_seed100021_ep18_step114_20260630_160243,robotwin/train/8d85af4633c0_open_microwave_demo_clean_seed100021_ep18_step114_20260630_160243.json,300ee59efcc77d4fff6b7687bafb8e91cc132a4968a5d795482ad08c1d36cba4,a1eb1d673a8f51b40f858010cb97eeddd6c4fbbc768ffa2e6fd4e6ffaa3a6e7c,115,115,open_microwave,Move,Wrong Pose
ba0072ebc346_open_microwave_demo_clean_seed2026_ep22_step84_20260708_191653,robotwin/train/ba0072ebc346_open_microwave_demo_clean_seed2026_ep22_step84_20260708_191653.json,ea012698bf54bd88fd58ebfe4308af2ac060ea4ba0331ab0bb0d16f860496ac4,56be95477656cf369535247dbafe6693ce34f15583f15ddfb6d36f899370b163,85,85,open_microwave,Move,Wrong Pose
dcd263ce6699_place_phone_stand_demo_clean_seed12_ep12_step83_20260701_012109,robotwin/train/dcd263ce6699_place_phone_stand_demo_clean_seed12_ep12_step83_20260701_012109.json,87f8c1c0178cfb9eae551bbe70129ac64c6608d7c2df815765f5c80988957def,a56215f377117f29fc8061ce9c26b7420d01f7679f91f3518ebdfc9929aba9c7,84,84,place_phone_stand,Move,Wrong Pose
51d5bb5b3e49_place_phone_stand_demo_clean_seed24_ep24_step80_20260701_012454,robotwin/train/51d5bb5b3e49_place_phone_stand_demo_clean_seed24_ep24_step80_20260701_012454.json,e7ce0100353425f41681deae13a35d7dddf8684396fe61b615acc0510298bd47,a736dce427fe319e647a7b05b6e4c80662728156e8c0ad7908568fa46470a8ff,81,81,place_phone_stand,Move,Wrong Pose
d12b587e16fc_place_phone_stand_demo_clean_seed17_ep17_step81_20260701_012353,robotwin/train/d12b587e16fc_place_phone_stand_demo_clean_seed17_ep17_step81_20260701_012353.json,ab132b0110c40a23a6886c7cc187c5264190aca611e34fcd1418de5e81f6c7b6,f50f0ccc07a8019adf270cd0b7450fc4311e9a09ea16573b6b70b08ae1cf4041,82,82,place_phone_stand,Move,Wrong Pose
12c75257fcbb_place_phone_stand_demo_clean_seed100008_ep5_step78_20260630_164719,robotwin/train/12c75257fcbb_place_phone_stand_demo_clean_seed100008_ep5_step78_20260630_164719.json,998f70b1f5b7305403ef9622324b7d8a95d54919f1b25a0e7d67eb664b69078d,c9e414868fa96bb2ceae8f10fccb88a878430b80769825d062410e82d4ed59f7,79,79,place_phone_stand,Move,Wrong Pose
d9498e04b940_place_phone_stand_demo_clean_seed8_ep8_step83_20260701_012641,robotwin/train/d9498e04b940_place_phone_stand_demo_clean_seed8_ep8_step83_20260701_012641.json,4446ab25ebeaaaf053d2626a907ad587aea2375ff8c4e062af2bb51db556182a,7deb582904d4f568e76f2e0f6d26e9ba70f93a96e3960ad7bbe075a71fdd99dd,84,84,place_phone_stand,Move,Wrong Pose
15c58a529b0f_place_phone_stand_demo_clean_seed18_ep11_step80_20260708_022550,robotwin/train/15c58a529b0f_place_phone_stand_demo_clean_seed18_ep11_step80_20260708_022550.json,8e5b71a0db94e11333e624c4787e2f53ef56596c31c65d43a9520184e2d63619,5ff93496e456ac5bdbc56861c3636f6d7139c8b471eeab396c0183c303a3b6da,81,81,place_phone_stand,Move,Wrong Pose
636b21715c62_place_phone_stand_demo_clean_seed63_ep46_step81_20260706_161841,robotwin/train/636b21715c62_place_phone_stand_demo_clean_seed63_ep46_step81_20260706_161841.json,67a3fe52f28fa863771882833659926c71003418862917f1d1949cdf3ea6bf39,b7acd9d134488fbd42100bc9d939380782f73ef0820387d9678260dbaa5edcea,82,82,place_phone_stand,Move,Wrong Pose
fa78854cfbdf_stack_blocks_three_demo_clean_seed49_ep48_step316_20260706_171641,robotwin/train/fa78854cfbdf_stack_blocks_three_demo_clean_seed49_ep48_step316_20260706_171641.json,694cdfb7b25f93e03f05801e9c1aa5c38fd6f20f2103e9e3c309c71f539275fe,dd17d597d6d50469df400808a393de0449256c0b045b1b660835e9f0ae8552d1,317,317,stack_blocks_three,Move,Wrong Pose
84d2cb682c90_stack_blocks_three_demo_clean_seed30_ep29_step274_20260706_142950,robotwin/train/84d2cb682c90_stack_blocks_three_demo_clean_seed30_ep29_step274_20260706_142950.json,1b797bcda1efbcf42ebc3253e3eaaa695bc4893a097545efa01fe3ca48b96205,9e3f942e8e929c103571e5eacda8524601c3793733de3d72054d7758e55e111c,275,275,stack_blocks_three,Move,Wrong Pose
29feac773625_stack_blocks_three_demo_clean_seed9_ep9_step164_20260706_212839,robotwin/train/29feac773625_stack_blocks_three_demo_clean_seed9_ep9_step164_20260706_212839.json,c24b3fe1131ef7fb64782701c2f4c11bcacc7c1128551bc808b3f94f3bee9143,3c1b581bc32138f448532146293d2dc5656c07513149e727c89ba7b4a6582287,165,165,stack_blocks_three,Move,Wrong Pose
2f73064f0eae_stack_blocks_three_demo_clean_seed100009_ep8_step310_20260708_022414,robotwin/train/2f73064f0eae_stack_blocks_three_demo_clean_seed100009_ep8_step310_20260708_022414.json,e2d4972ab88e7b76457e3fc3a9e1332ad381ea9ba53b6519bf803b3a1d1a8cbe,6377e18c2b8fb0ef54ead2b961ea55139a65e2a9b1ebb457122fb02005f15c5c,311,311,stack_blocks_three,Move,Wrong Pose
d7e0605403d0_stack_blocks_three_demo_clean_seed100042_ep37_step315_20260708_020725,robotwin/train/d7e0605403d0_stack_blocks_three_demo_clean_seed100042_ep37_step315_20260708_020725.json,2701ce686d5a168f16652c5354a5da8f1fbee1c02ce1759183807086112eba95,a6e099386a5fc2324927e6cadf108faf5c41ea020c299d5ddb954291d51d2315,316,316,stack_blocks_three,Move,Wrong Pose
667ff67d3ef9_stack_blocks_three_demo_clean_seed1_ep1_step95_20260706_195350,robotwin/train/667ff67d3ef9_stack_blocks_three_demo_clean_seed1_ep1_step95_20260706_195350.json,5af1ee0053ca32dbc6bfce74c154b66526665e1f392d23e328baf2b48a3051b3,1915c0d74a77673808af148a9bf951fea3cc5dc1dbcfdff8ac03bdab63c294ae,96,96,stack_blocks_three,Move,Wrong Pose
305fbc1ddc08_stack_blocks_three_demo_clean_seed2031_ep27_step155_20260706_205128,robotwin/train/305fbc1ddc08_stack_blocks_three_demo_clean_seed2031_ep27_step155_20260706_205128.json,80771f519f5e565fdb23a7ebf0bc431ec96106fac65130adcce59697ad481fcc,b80f38511a0766a894cc518014c7ff480be6562c7805599a6409ea9119d9f271,156,156,stack_blocks_three,Move,Wrong Pose
b19e02562253_stack_blocks_three_demo_clean_seed36_ep35_step151_20260706_173728,robotwin/train/b19e02562253_stack_blocks_three_demo_clean_seed36_ep35_step151_20260706_173728.json,037df901a8c18f7b0c8b07de51eeef36cf02b8e72003ce7284c91366f12239d4,15f8861e62a015297a6571ab4896842284cb0a852e5a478390747a5e2a8a6365,152,152,stack_blocks_three,Move,Wrong Pose
c2249c03d2b4_stack_blocks_three_demo_clean_seed4_ep4_step265_20260706_200111,robotwin/train/c2249c03d2b4_stack_blocks_three_demo_clean_seed4_ep4_step265_20260706_200111.json,f086a12b707a239d7941d68b967ad44577dd22546346bdba8c41cf642b470f6c,d27b6ea281b1731518af4fc3924226e2fe69052bb4ad4d0e29d64c0c5094a5f5,266,266,stack_blocks_three,Move,Wrong Pose
30132650b362_stack_blocks_three_demo_clean_seed30_ep29_step270_20260706_195206,robotwin/train/30132650b362_stack_blocks_three_demo_clean_seed30_ep29_step270_20260706_195206.json,2f483ca0cff8ca1297c6c761b525c8dd79d20fddfba7ee7a5559a1054953d102,2cd474e30db6501bdb9865c44fa8330ef85fcab92ca1d95cc22a5ae7dfff312b,271,271,stack_blocks_three,Move,Wrong Pose
9c1abebcd5d9_stack_blocks_three_demo_clean_seed9_ep9_step165_20260706_174831,robotwin/train/9c1abebcd5d9_stack_blocks_three_demo_clean_seed9_ep9_step165_20260706_174831.json,0bea9ccad8d5a9a84a9a97ec35e4957cce02ef480ee11894ea2cdfe00d6d05fa,1f511a0ab1c241a393651d628b9ef2f47b87753976aced59cdb69c213f31f30b,166,166,stack_blocks_three,Move,Wrong Pose
ff4de939bfa8_stack_blocks_three_demo_clean_seed25_ep24_step425_20260708_021913,robotwin/train/ff4de939bfa8_stack_blocks_three_demo_clean_seed25_ep24_step425_20260708_021913.json,50926ba0d20f919cc2558f2c20151a61f285c37b9a517873edb9b72fc3cd5157,758001cae66c6d0af3ef9364cb5064b7339bf616b395be4a9f38655e987d4a5f,426,426,stack_blocks_three,Move,Wrong Pose
7c5b5c2a302f_stack_blocks_three_demo_clean_seed29_ep28_step264_20260706_142836,robotwin/train/7c5b5c2a302f_stack_blocks_three_demo_clean_seed29_ep28_step264_20260706_142836.json,c36f42c73465e41f396fad30dd6800c29599e1b9cadc320aa5d43b1b596d515c,cc72902444a8a285fbfeeb213270b2f6f417cc4860d56c41dd1ec96b9c46c2c2,265,265,stack_blocks_three,Move,Wrong Pose
8ff7a7cd49c2_stack_blocks_three_demo_clean_seed22_ep22_step290_20260706_141721,robotwin/train/8ff7a7cd49c2_stack_blocks_three_demo_clean_seed22_ep22_step290_20260706_141721.json,6ec826b9f34ffa6ef205239bd0ba74d36c595417d7b7207337368f44bbbf83ce,db58b9f0949a3ccb79c157967736a0163b9f9257be8910488c57304860ca7f5f,291,291,stack_blocks_three,Move,Wrong Pose
17d6c5b134b3_stack_blocks_three_demo_clean_seed2002_ep2_step325_20260708_022454,robotwin/train/17d6c5b134b3_stack_blocks_three_demo_clean_seed2002_ep2_step325_20260708_022454.json,b8ca460298725063c402cfc2f2771019f69482b47d9d41a676afc2ec8493feba,ac37f135c76dfa11695318b9bf19a90fcb41f47e09f933e87372234e6bc53ee3,326,326,stack_blocks_three,Move,Wrong Pose
4a9316c61e7e_stack_blocks_three_demo_clean_seed26_ep25_step265_20260706_173747,robotwin/train/4a9316c61e7e_stack_blocks_three_demo_clean_seed26_ep25_step265_20260706_173747.json,5fcb909bb4264a50a743f7281c34631cdaba9210be521627b77c4d3ad33a890b,b3d2a6e39752b4fc594418902095c19a099ee89837fe30f11e5708a3a4c3b253,266,266,stack_blocks_three,Move,Wrong Pose
1441b12c8ec1_stack_blocks_three_demo_clean_seed33_ep32_step270_20260706_144041,robotwin/train/1441b12c8ec1_stack_blocks_three_demo_clean_seed33_ep32_step270_20260706_144041.json,633bb4b2c88c9f6f69655194421853ea33ddb5f1b08b4a4a177389bbee3c3908,75613cd043e2821cfd9c165cdb3ec0b243ddfcf49f13eff43f88c4e3737287f0,271,271,stack_blocks_three,Move,Wrong Pose
3984ddadf797_stack_blocks_three_demo_clean_seed27_ep26_step250_20260706_201535,robotwin/train/3984ddadf797_stack_blocks_three_demo_clean_seed27_ep26_step250_20260706_201535.json,bb6b4cc861c70ea0e288c1e81413462b2d7959b332828cd11a8a028ada6d3e22,4ed7fe04ffece96bac645518b247f0ff17f3162bbfa1400bf8f5474259f2350f,251,251,stack_blocks_three,Move,Wrong Pose
6a064ebff038_stack_blocks_three_demo_clean_seed100009_ep8_step304_20260706_110554,robotwin/train/6a064ebff038_stack_blocks_three_demo_clean_seed100009_ep8_step304_20260706_110554.json,d1f0a92f23471211f9b361d6de8909b710d5a2cf659408b550de13a7d841accd,61fe688b421da0db93cab73f27455e731268d1d2d27f819b0585a9cfa73a9e93,305,305,stack_blocks_three,Move,Wrong Pose
cb1b630f2b38_stack_blocks_three_demo_clean_seed20_ep20_step325_20260708_022424,robotwin/train/cb1b630f2b38_stack_blocks_three_demo_clean_seed20_ep20_step325_20260708_022424.json,2161e11b2d14ed1188fe4a90fc1d3013c9636316ade508f326301626774bfd08,701f48d0a0aa51069119fe7f2b9295e31ac9bc3eb12aa3535656e5771f1cf49b,326,326,stack_blocks_three,Move,Wrong Pose
9b0ac20c3570_stack_blocks_three_demo_clean_seed7_ep7_step440_20260708_020741,robotwin/train/9b0ac20c3570_stack_blocks_three_demo_clean_seed7_ep7_step440_20260708_020741.json,95f7729c82fafa1da8c761fd6b22fd444aa1da4056087939bb04c24dcb580768,e6c7a74714cb6f06a4dd96bfd4736daf0fac31864b7dd6a60f7f95b44f551e0f,441,441,stack_blocks_three,Move,Wrong Pose
171eb0cc15d4_stack_blocks_three_demo_clean_seed2015_ep14_step270_20260707_165408,robotwin/train/171eb0cc15d4_stack_blocks_three_demo_clean_seed2015_ep14_step270_20260707_165408.json,35529beb39ec54375825faf7a8bd9e92e5293dd265e448358e824529c7a77e37,0eeb83038ed25a40fbc86068348b8ce5c0aec2b6449a16c5341ebdbe3f71cc54,271,271,stack_blocks_three,Move,Wrong Pose
63e91d851118_stack_blocks_three_demo_clean_seed26_ep25_step267_20260706_142632,robotwin/train/63e91d851118_stack_blocks_three_demo_clean_seed26_ep25_step267_20260706_142632.json,5df399afc601034fb2533c6eb2865e2c60964be71660c96dc8e6689da4103d36,b7ce5a1b8d597dee99c1418d7eb2d8a3279a091279df430e0195d5965130cb84,268,268,stack_blocks_three,Move,Wrong Pose
ca028843ed21_stack_blocks_three_demo_clean_seed4_ep4_step335_20260708_022506,robotwin/train/ca028843ed21_stack_blocks_three_demo_clean_seed4_ep4_step335_20260708_022506.json,50d23a950612ada661a3bcf78770f6e6e3bb054cb9d81659e19c53fe253a7c8e,3ed008d11d56f43b0cdec0a6eb579247d8137b0b9f60c2d155277c04b62d50c8,336,336,stack_blocks_three,Move,Wrong Pose
6a202818bf9f_stack_blocks_three_demo_clean_seed100050_ep45_step320_20260707_181835,robotwin/train/6a202818bf9f_stack_blocks_three_demo_clean_seed100050_ep45_step320_20260707_181835.json,17a6ab2ef0b07cff392606531ac885fc539b4a3210fea9f90c93ad1d195c5f75,709c9c9ec2052846375c09184f0bbc73f38119261ed359e2712c7eded533209d,321,321,stack_blocks_three,Move,Wrong Pose
2be831011473_stack_blocks_three_demo_clean_seed25_ep24_step424_20260706_142502,robotwin/train/2be831011473_stack_blocks_three_demo_clean_seed25_ep24_step424_20260706_142502.json,09cbd9c71952bc4b5b9c1d85f8bce243be6c810bbcfe42e1aaffd8eec8457f67,6035be31eef895a3d63a0b453af6732c850ee7d68390370caf516dc945b32e6b,425,425,stack_blocks_three,Move,Wrong Pose
d1ea96730672_stack_blocks_three_demo_clean_seed20_ep20_step331_20260706_141518,robotwin/train/d1ea96730672_stack_blocks_three_demo_clean_seed20_ep20_step331_20260706_141518.json,b75ed044bfaad5b5a89533783adef5406b230366441da3e9c66b2cfd2776184d,28b9d114bff35ab2efc08b859d3aab79b71e84ed750af2c9ea4a8a10fff99651,332,332,stack_blocks_three,Move,Wrong Pose
00a95962fe04_stack_blocks_three_demo_clean_seed2050_ep45_step148_20260706_161725,robotwin/train/00a95962fe04_stack_blocks_three_demo_clean_seed2050_ep45_step148_20260706_161725.json,4d1c26f8ce0b75909e1534920fc602c3c2f97390e2699e4733709384daa24caa,cda0c20320c76bf619ec90321367d0be08b264f6b274e7018602e22b360849bf,149,149,stack_blocks_three,Move,Wrong Pose
f739c1d9d56c_stack_blocks_three_demo_clean_seed36_ep35_step146_20260706_151221,robotwin/train/f739c1d9d56c_stack_blocks_three_demo_clean_seed36_ep35_step146_20260706_151221.json,9eb9196c52458e3c53a42f41d516e9aa14d96e321f39e6264f80be3ba96010b3,df3c8d8b12d4fdc74f9f5b2c80cecbce438755a66979cd72365bc34288095914,147,147,stack_blocks_three,Move,Wrong Pose
b384ea663562_stack_blocks_three_demo_clean_seed27_ep26_step257_20260706_142708,robotwin/train/b384ea663562_stack_blocks_three_demo_clean_seed27_ep26_step257_20260706_142708.json,7dfe7b69588e858fdef54c2e32a2627bd39940388c460f27e071f83399c53a40,8d17f66dad3556f977e30cc212030f5de238a76bbc450fa94b53930d535c710c,258,258,stack_blocks_three,Move,Wrong Pose
6cbcd8b6a1a3_stack_blocks_two_demo_clean_seed36_ep35_step272_20260706_020024,robotwin/train/6cbcd8b6a1a3_stack_blocks_two_demo_clean_seed36_ep35_step272_20260706_020024.json,fffbf29e26335a70c382d4e431f4c2281ec7647f3bd8786885a2376e50ded674,992d4e8a3d915d19a1f986fb4d8c6a8c2381c0dfb35780c4a03cdf00d7dba200,273,273,stack_blocks_two,Move,Wrong Pose
a0c24238b582_stack_blocks_two_demo_clean_seed35_ep34_step256_20260706_015941,robotwin/train/a0c24238b582_stack_blocks_two_demo_clean_seed35_ep34_step256_20260706_015941.json,5ad6d5c11f679601489e02e65d8549d2727f05603c4bedf7fb9f353535d115d8,419614dca3152bbc4f77331a36165d8ac179e5ce9c7d79626f60746bd486fa51,257,257,stack_blocks_two,Move,Wrong Pose
d10f5f2cb3ec_stack_blocks_two_demo_clean_seed2044_ep44_step292_20260706_021530,robotwin/train/d10f5f2cb3ec_stack_blocks_two_demo_clean_seed2044_ep44_step292_20260706_021530.json,0abb2fe4618caac1885bd37cee0c6cd69453f5bb8c02b3f960152cbea03fddf5,b2bc7b345211d6cab0a638d70426c28048a79a02f2f62e0f55659cdca7995d4b,293,293,stack_blocks_two,Move,Wrong Pose
9c3e85334830_stack_blocks_two_demo_clean_seed34_ep33_step264_20260706_015919,robotwin/train/9c3e85334830_stack_blocks_two_demo_clean_seed34_ep33_step264_20260706_015919.json,959a6c8676cfa3d53b40e352dae79e7ff732978416dabec9f820ad21b7cdfa4f,5503bccdea77ee69c62c70dce91c69d9ad4b035404a1d035dc0c947a075b05ff,265,265,stack_blocks_two,Move,Wrong Pose
5b04520308ff_stack_blocks_two_demo_clean_seed33_ep32_step249_20260706_020936,robotwin/train/5b04520308ff_stack_blocks_two_demo_clean_seed33_ep32_step249_20260706_020936.json,3f5db8ab11e936195c68a0e2339513c56e2b5023ab169e9b77ce100ccf6d67db,2fbae5e51dfab45456a7006c8f2655432867436f5fca0622380a83552f6eb264,250,250,stack_blocks_two,Move,Wrong Pose
51bd51b4fe9f_stack_blocks_two_demo_clean_seed47_ep46_step157_20260706_021411,robotwin/train/51bd51b4fe9f_stack_blocks_two_demo_clean_seed47_ep46_step157_20260706_021411.json,ec37c846d235bc651a2569aa565ca046c87857222e1555d31c983f47d6b46c46,1ed7b4c7f1331ea440a5ccc19325b543b7213d0081d9657acb13fb780fbee5a0,158,158,stack_blocks_two,Move,Wrong Pose
dcb9e02ee17a_stack_blocks_two_demo_clean_seed2047_ep47_step163_20260706_021548,robotwin/train/dcb9e02ee17a_stack_blocks_two_demo_clean_seed2047_ep47_step163_20260706_021548.json,26aedf29c1a18e7147b8e3878a9c76bb322749581688fe91ed7982e7e3306976,44b34541e1d89a681e44ab9d58eff107cdba0ff7cafd12a159979935959131ce,164,164,stack_blocks_two,Move,Wrong Pose
2b7f6f726f55_stack_blocks_two_demo_clean_seed25_ep24_step269_20260706_014905,robotwin/train/2b7f6f726f55_stack_blocks_two_demo_clean_seed25_ep24_step269_20260706_014905.json,5bb3c0a6be42cff58adb8e49ec52a38e6f360e23f06a4057a8e79d7425f7d9f0,3e258a483ad7bacff4c06f0fd08bf4cf85c39d28cd8e7832ece0523c9fe8dfbd,270,270,stack_blocks_two,Move,Wrong Pose
52db7e5da5fe_stack_blocks_two_demo_clean_seed2003_ep3_step161_20260706_020517,robotwin/train/52db7e5da5fe_stack_blocks_two_demo_clean_seed2003_ep3_step161_20260706_020517.json,d204094d7ea193326ec96715f77c8a4d555ec070f18b1994e00c68b4e01a48c2,0bcf5ede51c3bb082bec7826cec7df89322d106f6aafbdad483d462d18eab954,162,162,stack_blocks_two,Move,Wrong Pose
79788798cb4d_stack_blocks_two_demo_clean_seed25_ep24_step271_20260706_020805,robotwin/train/79788798cb4d_stack_blocks_two_demo_clean_seed25_ep24_step271_20260706_020805.json,c073e3233170c6d3c096e0b9953bf42cbc112cc5538a4de00a2a681d1d65ec24,058af0e7bb12a62e434b9498bfbb2166bef85a54edfc115399d4283651bf47ec,272,272,stack_blocks_two,Move,Wrong Pose
c89364b572ed_blocks_ranking_rgb_demo_clean_seed11_ep11_step153_20260706_000142,robotwin/train/c89364b572ed_blocks_ranking_rgb_demo_clean_seed11_ep11_step153_20260706_000142.json,05062dd26817da2a9ae434a7f5f2d083b9dc6f5f6709928139ae77ea44010a29,ef0a569602b8fb0ed3c7e47546cf170eb4da78ebf3e90b3e8ee503e61bc1fca8,154,154,blocks_ranking_rgb,Move,Wrong Pose
a845bfbefd1b_blocks_ranking_rgb_demo_clean_seed2000_ep0_step299_20260706_172236,robotwin/train/a845bfbefd1b_blocks_ranking_rgb_demo_clean_seed2000_ep0_step299_20260706_172236.json,8adba2b8b7f7120145d6a66e6efa968d4919e28dbf6dd81b92a720b5912e1d52,3ee1a3692b632b19bdcf20ec7c68f709c995130d93a538adf5f600404f47dbac,300,300,blocks_ranking_rgb,Move,Wrong Pose
4b81e5af10c9_blocks_ranking_rgb_demo_clean_seed42_ep42_step310_20260708_171416,robotwin/train/4b81e5af10c9_blocks_ranking_rgb_demo_clean_seed42_ep42_step310_20260708_171416.json,dd9116f8038c125d681f1f1b31c80a8ca34bc55e4784dd08c289e41f7181743c,30c9e060bb2492ef5b46f5329d91cf419467ef70ed9e85623bb19682bcbb2942,311,311,blocks_ranking_rgb,Move,Wrong Pose
3bbd7402ff8d_blocks_ranking_rgb_demo_clean_seed2014_ep14_step125_20260708_015743,robotwin/train/3bbd7402ff8d_blocks_ranking_rgb_demo_clean_seed2014_ep14_step125_20260708_015743.json,1cb2e0111f74a54263fa4e691804db01897ee6117cdff8222ceba153c9185d07,daae783bfbdff26cfbd7237aa349ae1a85d34777e62a797b894a662b0fbdd527,126,126,blocks_ranking_rgb,Move,Wrong Pose
19505e0d1154_blocks_ranking_rgb_demo_clean_seed42_ep42_step305_20260708_171215,robotwin/train/19505e0d1154_blocks_ranking_rgb_demo_clean_seed42_ep42_step305_20260708_171215.json,6ebd616a73314c502e4a3c9b344073ec3ecb933908891c8b93c05a7d67f9ea88,3dbe74393f9bafeaeeb50e797c67c5d6f5e11a1c569b257f059c4e3f24212603,306,306,blocks_ranking_rgb,Move,Wrong Pose
80465acdd4c7_blocks_ranking_rgb_demo_clean_seed2031_ep30_step299_20260706_204324,robotwin/train/80465acdd4c7_blocks_ranking_rgb_demo_clean_seed2031_ep30_step299_20260706_204324.json,af050f067078a0d5c33e18f73074a451e1ce859ce2a075cf04051b1472b09941,e1b83b4540852a03872833ee791894f901da94550180354013ac950881d0a16d,300,300,blocks_ranking_rgb,Move,Wrong Pose
46f92f53fc89_blocks_ranking_rgb_demo_clean_seed2026_ep25_step299_20260706_200652,robotwin/train/46f92f53fc89_blocks_ranking_rgb_demo_clean_seed2026_ep25_step299_20260706_200652.json,8dc974b31ea9f0af93ba2bd34adda057dd29cdb55636b65d8851d5d41f811cba,e6e1d43cbd48e4b7996a620b16dc0b7f556b1ae8b0decef87fa1c918147fd1c6,300,300,blocks_ranking_rgb,Move,Wrong Pose
ffab4e4ec55b_blocks_ranking_rgb_demo_clean_seed2047_ep46_step299_20260706_203832,robotwin/train/ffab4e4ec55b_blocks_ranking_rgb_demo_clean_seed2047_ep46_step299_20260706_203832.json,daa76f239ff15d12bc27974a9ed2adcef10ee5847f394971c1fb3a01212ea99f,07f6300adf2126d843d64bdd35827e4ea7f24c3b88d66ef9540907ddeae4154a,300,300,blocks_ranking_rgb,Move,Wrong Pose
85cc53da6091_place_bread_basket_demo_clean_seed2005_ep5_step134_20260706_153433,robotwin/train/85cc53da6091_place_bread_basket_demo_clean_seed2005_ep5_step134_20260706_153433.json,d4edebf8f8961ff3b967754012c330eb6f6bc258d556bb8e17cfce3a5390634d,9d0751f2ef19b3c7c571403bc57bb5e58563ce734cee8d56f205a2e3027a3c37,135,135,place_bread_basket,Move,Wrong Pose
f52220927153_place_bread_basket_demo_clean_seed34_ep34_step136_20260706_164748,robotwin/train/f52220927153_place_bread_basket_demo_clean_seed34_ep34_step136_20260706_164748.json,f6ffda9e60d7835c54d104dc1311640f40ae728f58576c99bc25ed57674ca6de,b0d5517eebe39b3380053cda60ee712f3169fd0fd44e2a81a0255c95730b076e,137,137,place_bread_basket,Move,Wrong Pose
62044be8c502_stack_bowls_two_demo_clean_seed2064_ep46_step163_20260706_171512,robotwin/train/62044be8c502_stack_bowls_two_demo_clean_seed2064_ep46_step163_20260706_171512.json,c01215c973e3dbdab0ed8827d9c8a0fa2c053c554a9a351c4ede19c5bcaafcec,ed5490b35c6ae05cbbefacad02730e3037e327db7ee0479245991db7f88ed15e,164,164,stack_bowls_two,Move,Wrong Pose
db447186bc19_stack_bowls_two_demo_clean_seed31_ep25_step197_20260706_005112,robotwin/train/db447186bc19_stack_bowls_two_demo_clean_seed31_ep25_step197_20260706_005112.json,d4661d0c6f18358854eacd6550d59057991dd4e75fe403c11b7e4f35feb73eac,468ab6209cbb76fff13d13b669d84b3cb60ba627a5ccf0881a85567005a3f8de,198,198,stack_bowls_two,Move,Wrong Pose
aad1d15b36e3_stack_bowls_two_demo_clean_seed38_ep29_step228_20260706_005146,robotwin/train/aad1d15b36e3_stack_bowls_two_demo_clean_seed38_ep29_step228_20260706_005146.json,0c53fa071145fad1ea65cd02e2d3be2532cefd1eda6ce8bc67782cc850a9923a,5eb018088fa8d37bb05751456b621471e713373d3d75d018639fcb6743bc4e6b,229,229,stack_bowls_two,Move,Wrong Pose
c7f265e19b32_stack_bowls_two_demo_clean_seed23_ep19_step165_20260706_205714,robotwin/train/c7f265e19b32_stack_bowls_two_demo_clean_seed23_ep19_step165_20260706_205714.json,169c147f823cce9f790ec275895341b84779feeac2ef555bcb449c429e754234,473059ee4fe8d525500d207192d1db6ba576b626fd67e5eea02fd638e5e9be10,166,166,stack_bowls_two,Move,Wrong Pose
d89c1cc24c2a_stack_bowls_two_demo_clean_seed22_ep18_step85_20260708_002317,robotwin/train/d89c1cc24c2a_stack_bowls_two_demo_clean_seed22_ep18_step85_20260708_002317.json,54a557fc00804eb729bc62177e1a9a3a519a681cd039b2163fdbb4ea88ef7f36,2f617fae16c0e82179788f6d8feb2274ffd942dd87c9a1c75fc9d722562fe816,86,86,stack_bowls_two,Move,Wrong Pose
c13bd3e0fe37_place_a2b_right_demo_clean_seed5_ep4_step88_20260706_154941,robotwin/train/c13bd3e0fe37_place_a2b_right_demo_clean_seed5_ep4_step88_20260706_154941.json,f9a154f4d1bb2f3d56bbdf89e9bef71dfd3db68c13dcb50317578d6a22bbc978,a27069b9d4a7d6682dac13b72d7025d57adefd13447b66a9caecef16afcefb77,89,89,place_a2b_right,Move,Wrong Pose
a0e4f4945eee_place_a2b_right_demo_clean_seed23_ep20_step117_20260706_154816,robotwin/train/a0e4f4945eee_place_a2b_right_demo_clean_seed23_ep20_step117_20260706_154816.json,3b72e0fa7256949f57e853909f1aedb8ff5885ab5fa629da64eed6f1a218abc1,b82c1b173f0a60c186b274e6be34bd4ea0e17ab468420e52b3f222d69fe3b067,118,118,place_a2b_right,Move,Wrong Pose
412136d0d9a1_move_can_pot_demo_clean_seed48_ep46_step50_20260708_003236,robotwin/train/412136d0d9a1_move_can_pot_demo_clean_seed48_ep46_step50_20260708_003236.json,3b35dabfa47e9748ff60bd5eba94412817e10a5aef48f3f7cae26e0eff729135,988322ed91e6c610850540d90c93b8f51db578dd4e666624765b26895194a5b3,51,51,move_can_pot,Move,Wrong Pose
d12dc3b4a0c3_move_can_pot_demo_clean_seed43_ep41_step135_20260706_200751,robotwin/train/d12dc3b4a0c3_move_can_pot_demo_clean_seed43_ep41_step135_20260706_200751.json,980c849a4cccc231395bb5372e409e4788453eb42a6aa2f0bf6bdc9b3d6cb86c,5427792236e16d766d96c9d05962a4d1cd95e5d3392d1204c1961a034a5bd5bf,136,136,move_can_pot,Move,Wrong Pose
dfd19b7da1f0_place_object_stand_demo_clean_seed2015_ep15_step80_20260706_204832,robotwin/train/dfd19b7da1f0_place_object_stand_demo_clean_seed2015_ep15_step80_20260706_204832.json,e943755deb23d59cef4a326f391bb53cb7f8e15362e85b762ba02ddb0f151e56,b98be31eaf4ffa91a1de0bf202990657aa395f553418cb026e1008b79d8ea7a8,81,81,place_object_stand,Move,Wrong Pose
25f44d2bb604_place_object_basket_demo_clean_seed18_ep11_step118_20260706_160828,robotwin/train/25f44d2bb604_place_object_basket_demo_clean_seed18_ep11_step118_20260706_160828.json,9384ea2926c8287c0bb51ed1d4f7ba2ef2148f04e49c4c2e40c2ee58fe6e6f68,ba6a777a2f37a1e34fe1afe582f3f2251d3713ea265c3f97dfcbd929b3c6a1c1,119,119,place_object_basket,Move,Wrong Pose
2bb9e111555f_place_object_basket_demo_clean_seed100001_ep1_step100_20260706_170323,robotwin/train/2bb9e111555f_place_object_basket_demo_clean_seed100001_ep1_step100_20260706_170323.json,9c57cf67f3f05a6289f9597e40134a8bfc6d7931ece3b24b8df0c53b0319b35f,8443ab10238648326715981efa4cfbebb2abd0301cd124be65d05080dc0e52eb,101,101,place_object_basket,Move,Wrong Pose
1033179d15e7_click_alarmclock_demo_clean_seed100014_ep11_step82_20260705_183757,robotwin/train/1033179d15e7_click_alarmclock_demo_clean_seed100014_ep11_step82_20260705_183757.json,ba0f59d0186b7dce3a522317df614d68e2e376d8c65ab5c7086d065db3687e47,b53b6a37a70b6348a881cf8b48e69dad4f414d45837df8aa0f7afc78bd019cea,83,83,click_alarmclock,Move,Wrong Pose
1722f2ad6a51_click_alarmclock_demo_clean_seed46028_ep47_step48_20260706_173442,robotwin/train/1722f2ad6a51_click_alarmclock_demo_clean_seed46028_ep47_step48_20260706_173442.json,015facff0c9c43434002640b9ac2a0791beb47ca91d8f57185b8a07fd263f176,a8621595a81ec402a410b0138211050af6b3607540c2d821cc5c4e8dc6591224,49,49,click_alarmclock,Move,Wrong Pose
105db6fb86de_click_alarmclock_demo_clean_seed100026_ep22_step131_20260705_183821,robotwin/train/105db6fb86de_click_alarmclock_demo_clean_seed100026_ep22_step131_20260705_183821.json,ddf080ed93760abc32f450015faec9864e6e62ab49775f3139977f19399e6147,16866888b256b6acf558235f222cdc0ff57d1eaf389dfdd806a6d449c22df799,132,132,click_alarmclock,Move,Wrong Pose
d8d293f1966a_click_alarmclock_demo_clean_seed100022_ep18_step114_20260705_183816,robotwin/train/d8d293f1966a_click_alarmclock_demo_clean_seed100022_ep18_step114_20260705_183816.json,ad18eb32e32be3c0a10c3a4da9b75618621ab77d261225a0c455bf185da9d4e8,6c080d284cab29b98584fdf58b9631239e29171bb7d3db067d79922b8c5aacd7,115,115,click_alarmclock,Move,Wrong Pose
8f2ee6a0f9c7_click_alarmclock_demo_clean_seed100029_ep25_step100_20260705_183839,robotwin/train/8f2ee6a0f9c7_click_alarmclock_demo_clean_seed100029_ep25_step100_20260705_183839.json,28bc8efeae5396107567e116c73e89ca00604aa00333d92ad6e379bcb3f43591,eccb9e9d8475540d94a23d72e1cffa968e9bbef4edf5b9782c62227a0e17587d,101,101,click_alarmclock,Move,Wrong Pose
546ea486a187_click_alarmclock_demo_clean_seed100056_ep48_step98_20260705_183942,robotwin/train/546ea486a187_click_alarmclock_demo_clean_seed100056_ep48_step98_20260705_183942.json,524d51b225cc44010ed92f6f936aa100d8a7756f2367568348549efc168b0651,ea41167da3eac6e30c4dfa5b91c8fa89553207015cececa386aef08f9d4486f3,99,99,click_alarmclock,Move,Wrong Pose
3078debdb0ae_click_alarmclock_demo_clean_seed100040_ep34_step101_20260705_183904,robotwin/train/3078debdb0ae_click_alarmclock_demo_clean_seed100040_ep34_step101_20260705_183904.json,b45d105db0b064e6a402805a31e5436fc9fbfedf6491d99d74e95c1dc560bd5a,c8259a1465a65f09b27bd3b998c0a081df50d6dcf9ef18c5fe9ca3631de10c14,102,102,click_alarmclock,Move,Wrong Pose
27c80a91d281_click_alarmclock_demo_clean_seed100027_ep23_step85_20260705_183832,robotwin/train/27c80a91d281_click_alarmclock_demo_clean_seed100027_ep23_step85_20260705_183832.json,1bcdf670a98d05e4f56b01227bf4cf6500d78311cdb1d5e3cb074e65970c1df8,008a82a2f616e0a601ae326d5fdc5a8aaaf1f5af788827c3733d3fe1b6a5a080,86,86,click_alarmclock,Move,Wrong Pose
566ced853d4d_click_alarmclock_demo_clean_seed100053_ep45_step93_20260705_183928,robotwin/train/566ced853d4d_click_alarmclock_demo_clean_seed100053_ep45_step93_20260705_183928.json,af4ae1f4b98300c8cc8fca1c51427b0e3448b837350b0c79193696278ebbed18,c13b6c16e6a7c969466625b2c5ed120a60bd3078b23edbab5bda3443d8dde81a,94,94,click_alarmclock,Move,Wrong Pose
9eefadec079b_click_alarmclock_demo_clean_seed100016_ep13_step145_20260705_183802,robotwin/train/9eefadec079b_click_alarmclock_demo_clean_seed100016_ep13_step145_20260705_183802.json,94b0ca7c6b9250a8830d75d23dcbc29009d3af3184b2c7f2730b51125bda8403,6b306b597149741c3961aa2af0fd894662993da6adbd03f66b9e4b7e3728d300,146,146,click_alarmclock,Move,Wrong Pose
5f61585505f9_click_alarmclock_demo_clean_seed100055_ep47_step109_20260705_183933,robotwin/train/5f61585505f9_click_alarmclock_demo_clean_seed100055_ep47_step109_20260705_183933.json,2965b431217d1a065ebc3d2df74d637bd864b96505c530177058c68c81b147b2,bbfa841b64a7548ef38975a3466a8fd7b125ee18500a75540d8f4c0b326480bd,110,110,click_alarmclock,Move,Wrong Pose
3bbdc11ae4a2_click_alarmclock_demo_clean_seed46030_ep49_step53_20260706_174110,robotwin/train/3bbdc11ae4a2_click_alarmclock_demo_clean_seed46030_ep49_step53_20260706_174110.json,eeac40875d6869b93d310387d2827aecedffa1da3adaff0629c1988132ddbaf2,fcb2ea3b96ec9f86673e2b7267917b4586e313b12b10f4713e520838da024c01,54,54,click_alarmclock,Move,Wrong Pose
ebf705001a86_click_alarmclock_demo_clean_seed100010_ep7_step51_20260705_183740,robotwin/train/ebf705001a86_click_alarmclock_demo_clean_seed100010_ep7_step51_20260705_183740.json,c34bce35b9aad2612b18b878e6b5a702c561b23ff4c5c44f7948872edce852a1,3dfac849eebeb875afe587f38c614f262cd81056e6b5a4c9d0755516eddc4cd3,52,52,click_alarmclock,Move,Wrong Pose
56a32695e3ad_click_alarmclock_demo_clean_seed100007_ep4_step50_20260705_183732,robotwin/train/56a32695e3ad_click_alarmclock_demo_clean_seed100007_ep4_step50_20260705_183732.json,c6ca305170cc965fe8654cbd91fcbbcc738eee2ba1d40e09ce24126c41ed2433,bf70c3674d76b519b6698a0c8ec5abdef8e483b93f63c9d371729beee256961c,51,51,click_alarmclock,Move,Wrong Pose
882f278fa555_click_alarmclock_demo_clean_seed44019_ep13_step75_20260706_174115,robotwin/train/882f278fa555_click_alarmclock_demo_clean_seed44019_ep13_step75_20260706_174115.json,6cb90d727cc43f95b74b6aae8d2f766e863a0515e7e6b4dea4ae79bb2858b3f6,d2c319c5cccfdffe83ba8811aa7d4fb84e592bf30d9bea9c0ca7e6ad05173f85,76,76,click_alarmclock,Move,Wrong Pose
9eccfdf66a2a_click_alarmclock_demo_clean_seed44016_ep10_step47_20260706_173147,robotwin/train/9eccfdf66a2a_click_alarmclock_demo_clean_seed44016_ep10_step47_20260706_173147.json,6f11a0ab04c5541ff5173630ce71cd92d1a69de3434a5174b9c5383e695f42ba,396c3224107dbd27b43035dece8ef9486398833defc76e69c990ada0b3b6483e,48,48,click_alarmclock,Move,Wrong Pose
34eb0cbf6202_click_alarmclock_demo_clean_seed46009_ep33_step63_20260706_170748,robotwin/train/34eb0cbf6202_click_alarmclock_demo_clean_seed46009_ep33_step63_20260706_170748.json,aa4550b504dff74b83cdaf13c6414acc2a934e570a24aaa4f4613da2f111f246,bafd772b8ff27460265f63344eee0e607360b28e9e8281d02555529ad79d93c7,64,64,click_alarmclock,Move,Wrong Pose
277aab86e2d6_click_alarmclock_demo_clean_seed46025_ep44_step51_20260706_171415,robotwin/train/277aab86e2d6_click_alarmclock_demo_clean_seed46025_ep44_step51_20260706_171415.json,d8ced491577fedc0629a44e99daba5239e1763b9151b8ecfdd484cec99db0c02,fbdfdf6b17e0f74732e8575195b3b58ac1af5a70aa2048feb82d6c3a9b78d723,52,52,click_alarmclock,Move,Wrong Pose
cf212fdd7a12_click_alarmclock_demo_clean_seed46026_ep45_step64_20260706_174936,robotwin/train/cf212fdd7a12_click_alarmclock_demo_clean_seed46026_ep45_step64_20260706_174936.json,127bcecebb446b93ce5237691e5e883cafb0118e5184e5439e3b5a998f9f6da9,d5d9fc812179b56d36b49dc8126595d692f0a5954fed9f8bb484fae8d9f2dc33,65,65,click_alarmclock,Move,Wrong Pose
08d86f5d99bf_click_alarmclock_demo_clean_seed44001_ep1_step60_20260706_195112,robotwin/train/08d86f5d99bf_click_alarmclock_demo_clean_seed44001_ep1_step60_20260706_195112.json,2e577010515d9ac013d450c5a5f862bbba33d70925f074f00fbca6d8ee1946f6,d56b32d89f366cffec373e75a77105d4385074afb09afbb2a6615a109bf00e7d,61,61,click_alarmclock,Move,Wrong Pose
20eec21fa683_click_alarmclock_demo_clean_seed44028_ep21_step58_20260706_160625,robotwin/train/20eec21fa683_click_alarmclock_demo_clean_seed44028_ep21_step58_20260706_160625.json,212075344bcee9962f4fefbb2c56576ba319aff173efcccaba891e058f7c04f2,649bb7cdcfdba20c1aac1ae4f57262c6931db0589b4c6796daa5e547ce434304,59,59,click_alarmclock,Move,Wrong Pose
235bfb57a71e_click_alarmclock_demo_clean_seed46000_ep25_step55_20260706_174317,robotwin/train/235bfb57a71e_click_alarmclock_demo_clean_seed46000_ep25_step55_20260706_174317.json,d79aecb49a8c9c4690aabda103a0883504ce219839f9abbe2292e05b2f3c9352,d73ad496cb6ad31b8d4c2a21feab15f75977b4f5035448948b1e0063889d3a84,56,56,click_alarmclock,Move,Wrong Pose
a9c700633374_click_alarmclock_demo_clean_seed46024_ep43_step87_20260706_155545,robotwin/train/a9c700633374_click_alarmclock_demo_clean_seed46024_ep43_step87_20260706_155545.json,8ef9a8c0f39fcac8fdbb66592320969cf4fbec4b972aedb1ac91e0aca2c7ff3e,2ed950795b0856841e8e401b1390a986eca5280ac2e60d4b731e54a606285e9d,88,88,click_alarmclock,Move,Wrong Pose
d7ceb9597f86_click_alarmclock_demo_clean_seed44011_ep6_step100_20260707_181937,robotwin/train/d7ceb9597f86_click_alarmclock_demo_clean_seed44011_ep6_step100_20260707_181937.json,e4623c3df910f8cfecfd2cd209d0cf96c2ab2b73d0d4d133f56d7e99de08ad13,bba829e54633eacebe640faf9ccb671870c5ee4d2f459f80ade47c04a5257d3e,101,101,click_alarmclock,Move,Wrong Pose
9f365cdb630f_click_alarmclock_demo_clean_seed44020_ep14_step49_20260706_172129,robotwin/train/9f365cdb630f_click_alarmclock_demo_clean_seed44020_ep14_step49_20260706_172129.json,57f2c0465acd3d7ef292dcc0b1a25d26148429f671295a5b925d2ac91f8579bd,2e81259384db1740805f6e46b1b66da94c636b5e0ac983fadd551564c1f40b7d,50,50,click_alarmclock,Move,Wrong Pose
ce1a024a0f48_blocks_ranking_size_demo_clean_seed39_ep35_step248_20260706_165650,robotwin/train/ce1a024a0f48_blocks_ranking_size_demo_clean_seed39_ep35_step248_20260706_165650.json,fb206f6948fb9ee734a52221f458a5be6d99ee9652b840540447d8ecc9c7fe9f,7395585cc3f64a6e926c4bd2bc29462db58b1a3495d4f8714511182b3331d3e0,249,249,blocks_ranking_size,Move,Wrong Pose
b98f927df32b_blocks_ranking_size_demo_clean_seed7_ep5_step310_20260708_015412,robotwin/train/b98f927df32b_blocks_ranking_size_demo_clean_seed7_ep5_step310_20260708_015412.json,ad220bff066696e70774a8aa7f8d41e7f09c9ff910408ffa0886fc58ef05d169,000da5eaf767a0164817105e45dbd6bb7a93748d04a5b3db52fe94c55cfb51a4,311,311,blocks_ranking_size,Move,Wrong Pose
ca55876bf666_blocks_ranking_size_demo_clean_seed2037_ep34_step299_20260706_175001,robotwin/train/ca55876bf666_blocks_ranking_size_demo_clean_seed2037_ep34_step299_20260706_175001.json,be91955e2809a4afba3191262f343287117e05f2c74dee732b24df24fe09b4c1,f727a7607f23f5a87afa938129b872cae073a87af50bf5f46035fddf29836847,300,300,blocks_ranking_size,Move,Wrong Pose
eec2e838faa3_blocks_ranking_size_demo_clean_seed2021_ep20_step299_20260706_213037,robotwin/train/eec2e838faa3_blocks_ranking_size_demo_clean_seed2021_ep20_step299_20260706_213037.json,7946fba2b7b1b00539afd739a6c46785759911f94a701ca6aabd55c03315b4b2,0ed07738d7d3d6bdb8ee5eb77ca4e8e4338bc20fa667be7df451cbaef49dd05d,300,300,blocks_ranking_size,Move,Wrong Pose
389a8a3c7abb_blocks_ranking_size_demo_clean_seed2020_ep19_step299_20260707_013049,robotwin/train/389a8a3c7abb_blocks_ranking_size_demo_clean_seed2020_ep19_step299_20260707_013049.json,eba9687452ffb76172554dba279246911ad82cd84b309dcb12bdf684b91fc8e1,3217a96ca4b790d453859e1651193e21ad05f9a3cc264fea6cb7ab76cdfeffd1,300,300,blocks_ranking_size,Move,Wrong Pose
f97895c1b94f_blocks_ranking_size_demo_clean_seed2041_ep38_step299_20260706_213116,robotwin/train/f97895c1b94f_blocks_ranking_size_demo_clean_seed2041_ep38_step299_20260706_213116.json,b5f54029967bfc84b72e309459a556edcea2d454bad9647f7e0931f43bc38b7a,462e5021e3985734fca7857736f48d5bc73b3b603ac9d6a55ef02ba1fb6ed7d4,300,300,blocks_ranking_size,Move,Wrong Pose
8c9358947b61_place_bread_skillet_demo_clean_seed82_ep29_step122_20260706_164320,robotwin/train/8c9358947b61_place_bread_skillet_demo_clean_seed82_ep29_step122_20260706_164320.json,54d9e5186ca2d1e05593313b029ace3b9862bdbfa21c47b992c86b0f04742842,330d857623d28000b6acb98cf504ff1f26a5b0378c5673e398367832552657ff,123,123,place_bread_skillet,Move,Wrong Pose
8c904586ef84_place_can_basket_demo_clean_seed100062_ep42_step72_20260706_165533,robotwin/train/8c904586ef84_place_can_basket_demo_clean_seed100062_ep42_step72_20260706_165533.json,f7a7b3e0d9d353c1a95839dfbb1ae6530247c996765204edc4db2ef655e59e93,0090c0b876f75c9eaa97cc1075093a82d0b3f1ec39b8370261dabd46d1c89363,73,73,place_can_basket,Move,Wrong Pose
d8ef291df46d_place_can_basket_demo_clean_seed100056_ep38_step160_20260706_200405,robotwin/train/d8ef291df46d_place_can_basket_demo_clean_seed100056_ep38_step160_20260706_200405.json,5ff6e1dc5e0fbefc14d392605e9fe77dbb503156e8dc3372c90988ae654ff0dc,7e0fec1ac2079ab78ebc9148f832598632e88f934d65031941f1cb22cd5fe0eb,161,161,place_can_basket,Move,Wrong Pose
d8253dd6b98a_click_bell_demo_clean_seed100026_ep26_step100_20260708_170417,robotwin/train/d8253dd6b98a_click_bell_demo_clean_seed100026_ep26_step100_20260708_170417.json,6431baec929afa2cdf0d4f5a27458e35b4b21853a9f234d2b43247a68f5377f7,72dd096d0442274e1a0bede344bba8166e55da5303672ade3edf93c0ec52899c,101,101,click_bell,Move,Wrong Pose
6c568cc549a3_click_bell_demo_clean_seed100021_ep21_step70_20260706_161927,robotwin/train/6c568cc549a3_click_bell_demo_clean_seed100021_ep21_step70_20260706_161927.json,45f35bc53548cfb20dce3013d238bb089fc5dc1d3b7c66ed0e5e5062861b978d,863f62614655c717d6e3b3b61f71af15a1374f336d115b3ad65ee9f0574f9519,71,71,click_bell,Move,Wrong Pose
436a18d36c44_click_bell_demo_clean_seed100004_ep4_step83_20260705_184216,robotwin/train/436a18d36c44_click_bell_demo_clean_seed100004_ep4_step83_20260705_184216.json,cb69a7255f6c0eae98a99b87fa58d1a0d731a9d6cd7cd9ce6982976c0a296858,dc305efea63fd955e473b44c6fe9fab44b165ecec69709b14f13d113721edf30,84,84,click_bell,Move,Wrong Pose
fba8ffb42d0c_click_bell_demo_clean_seed100014_ep14_step150_20260708_170351,robotwin/train/fba8ffb42d0c_click_bell_demo_clean_seed100014_ep14_step150_20260708_170351.json,3ad3eeb6b28f23aeac2dbbc62cbdd33aabebc29254f8cb51c8463c24b15d6f94,b9d49f7877dae5466a618d983563b6a13d7c5cfb409c315ef1f7f76a19ebad40,151,151,click_bell,Move,Wrong Pose
b27d8b0b2d82_click_bell_demo_clean_seed100000_ep0_step105_20260705_183946,robotwin/train/b27d8b0b2d82_click_bell_demo_clean_seed100000_ep0_step105_20260705_183946.json,934e88a223e85c130a20cd51f505c30abe73283216fbcf796e7b5dc00f9a9334,feb110c8642b67cc091c2295ce98e31ed4d5025118984656dba0a18dfc8d086f,106,106,click_bell,Move,Wrong Pose
12d8047beead_click_bell_demo_clean_seed100012_ep12_step0_20260708_170417,robotwin/train/12d8047beead_click_bell_demo_clean_seed100012_ep12_step0_20260708_170417.json,aa0016875d2347abbea0a593aa6abc991355af07caa7d7855284514233fe3c31,7ed7f19f4014fb292863f4a1f670a21728460385e134b3fe751a15144526a4ab,1,1,click_bell,Move,Wrong Pose
b2ae6e2d571d_click_bell_demo_clean_seed100023_ep23_step50_20260708_170424,robotwin/train/b2ae6e2d571d_click_bell_demo_clean_seed100023_ep23_step50_20260708_170424.json,62ccd9ba9d641538e9d35584542616fd232f65d75ce36e148d10d9f1b3789f47,a2bc75949988718ce95fed58445b3b5cef7189bed7b2019e6d174f0cf474396c,51,51,click_bell,Move,Wrong Pose
d6c4e49c0ec5_click_bell_demo_clean_seed100047_ep47_step72_20260706_160724,robotwin/train/d6c4e49c0ec5_click_bell_demo_clean_seed100047_ep47_step72_20260706_160724.json,1d7f95423d829f7fd4c50f1c63e90edbd39b1e3d343c65dfde4509ee96c7474a,6023aebfeb03679658b27761b55bcd164e879471ef2832d8d971a4cca40b8713,73,73,click_bell,Move,Wrong Pose
ef3c8d741c0d_place_a2b_left_demo_clean_seed2031_ep24_step299_20260701_140105,robotwin/train/ef3c8d741c0d_place_a2b_left_demo_clean_seed2031_ep24_step299_20260701_140105.json,9ff5179b651511ff2c2382163300ba9cfc8529711dacec8bb04b4e3c2f13027d,75afc31397afbafea0c0442b07c01082f4e118c90a177f8ca3fc4e1f4d9ea1e5,300,300,place_a2b_left,Move,Wrong Pose
c62d5a060f82_place_a2b_left_demo_clean_seed2029_ep22_step299_20260701_135742,robotwin/train/c62d5a060f82_place_a2b_left_demo_clean_seed2029_ep22_step299_20260701_135742.json,1e7e088c3ec2d35bc69038d4cee100544eb023f931d99daf486730a3128ec72f,0d406d291bb657c4dcffd9c666833ec65d5a9f4f0587ad297911227a9b09ca61,300,300,place_a2b_left,Move,Wrong Pose
87f58769a4a0_beat_block_hammer_demo_clean_seed2017_ep15_step90_20260701_020158,robotwin/train/87f58769a4a0_beat_block_hammer_demo_clean_seed2017_ep15_step90_20260701_020158.json,a1d2bd074818ca08b1982f7b4d16dfdb6fa5b1723cf627656d5a53edb381f12d,be633314f12d07e593af79d9b347cf3014525b710bedd164f51836f8d7f29ce5,91,91,beat_block_hammer,Move,Wrong Pose
9163536d3b81_beat_block_hammer_demo_clean_seed2025_ep21_step62_20260701_020229,robotwin/train/9163536d3b81_beat_block_hammer_demo_clean_seed2025_ep21_step62_20260701_020229.json,f4df06d91dab60c21d8b95c675495ac57480f83f84ecbf53a3d26675363588b4,b6298d2ccbc8230dce7f14c4417af1337824e113eb297875ca0cbdf755e46f70,63,63,beat_block_hammer,Move,Wrong Pose
8e86a41492e6_dump_bin_bigbin_demo_clean_seed29_ep12_step314_20260630_180657,robotwin/train/8e86a41492e6_dump_bin_bigbin_demo_clean_seed29_ep12_step314_20260630_180657.json,27d43f4c9387570dacc627a4019fb1849b5b8cbba965c0b77ee3318a252a5799,e81ed91cde40fcab1e91eb0a2cdbf082585e176d1285f9f1dd82181cd7510ca3,315,315,dump_bin_bigbin,Move,Wrong Pose
89c5f5d4f45f_place_cans_plasticbox_demo_clean_seed2029_ep29_step170_20260708_144151,robotwin/train/89c5f5d4f45f_place_cans_plasticbox_demo_clean_seed2029_ep29_step170_20260708_144151.json,a3d2c5aa9d1f71ed7f031f5a5a90f2cb193359e4e709b80470ba5f5baa04aeef,de5f024646706ed892fddb100141cc5f3397532cd80711f0aceb1ebcc1db3a94,171,171,place_cans_plasticbox,Move,Wrong Pose
73132de602b4_beat_block_hammer_demo_clean_seed1_ep1_step98_20260630_173712,robotwin/train/73132de602b4_beat_block_hammer_demo_clean_seed1_ep1_step98_20260630_173712.json,55c6c7f094bb7867f1b42be303be259527bdcebeef46476594fe6110ab148ac0,71a329763de31346e4c4f68ec3a17225ee8312127bcec2e8d1d50fd4facc1ae1,99,99,beat_block_hammer,Place,Wrong Pose
9b7d01bcfb55_beat_block_hammer_demo_clean_seed29_ep29_step109_20260630_174916,robotwin/train/9b7d01bcfb55_beat_block_hammer_demo_clean_seed29_ep29_step109_20260630_174916.json,5bed96dda1ee2b8f731dd6bbd3edf1d63b8a2c333090c0b5ed7b3a7436e4b96d,9f7ef226e88c61b2714c53bab83f5c8d6acb55eb3225bae6af25b1c5c2d661c0,110,110,beat_block_hammer,Place,Wrong Pose
63df4cb79d95_beat_block_hammer_demo_clean_seed4_ep4_step103_20260630_175339,robotwin/train/63df4cb79d95_beat_block_hammer_demo_clean_seed4_ep4_step103_20260630_175339.json,694cd383c289ff3ff7a99f2fd65fd29069e46ced18002c6c0e381b708eea3ebe,5480f657f1a0a05d9788699230bc569d8f4de91808d7c14b4f544ae69fa18f0e,104,104,beat_block_hammer,Place,Wrong Pose
1768c77bcbb4_beat_block_hammer_demo_clean_seed9_ep9_step188_20260630_175733,robotwin/train/1768c77bcbb4_beat_block_hammer_demo_clean_seed9_ep9_step188_20260630_175733.json,463c8ea9e6e2d738c2f120416570386927afd1b4c08c96b6a5995f49b28f7dae,5552cdb79955d1241e248d78d66b3c01332e8a883dfb4eff60192f7c5b1420a9,189,189,beat_block_hammer,Place,Wrong Pose
3f5ba6f6de5f_beat_block_hammer_demo_clean_seed100032_ep21_step113_20260630_150013,robotwin/train/3f5ba6f6de5f_beat_block_hammer_demo_clean_seed100032_ep21_step113_20260630_150013.json,a4724bd8b09277b02dafe39049724a7127142419b3303f2d2200c8604a149dae,a95a93cd3df29030e62d4a7f083b930c9f51704756de8eaa59009ae195abed12,114,114,beat_block_hammer,Place,Wrong Pose
a953916c6633_beat_block_hammer_demo_clean_seed100063_ep47_step111_20260616_172556,robotwin/train/a953916c6633_beat_block_hammer_demo_clean_seed100063_ep47_step111_20260616_172556.json,6ffd860edeac137ff107f708f167173a46b29a0eee75678f1beca53d40e9a8b6,b29a919a8d8d68b2779e3dd5d264503146f0bc00bcc29b2512d5390170334dad,112,112,beat_block_hammer,Place,Wrong Pose
1d2d8d5050d6_beat_block_hammer_demo_clean_seed6_ep6_step108_20260630_175355,robotwin/train/1d2d8d5050d6_beat_block_hammer_demo_clean_seed6_ep6_step108_20260630_175355.json,38fe4a439733af8b62ed0e97c6801c3665be802d4993bb8d57f95f44d4786597,69d67a569d0e65181eb34daa42b3c97c655abc187a929f126dfde75aa0cc27ab,109,109,beat_block_hammer,Place,Wrong Pose
18882f576991_beat_block_hammer_demo_clean_seed100000_ep0_step103_20260616_164619,robotwin/train/18882f576991_beat_block_hammer_demo_clean_seed100000_ep0_step103_20260616_164619.json,7f1391eaa8fea95468173d1ce0f049a978ede424215f24945ef4cacf79c7aefa,2762d24948d80f3a02ab403109f9ac5864c76e2edec3d8d373b00e912d049e47,104,104,beat_block_hammer,Place,Wrong Pose
b68a474620cd_beat_block_hammer_demo_clean_seed7_ep7_step102_20260630_175419,robotwin/train/b68a474620cd_beat_block_hammer_demo_clean_seed7_ep7_step102_20260630_175419.json,e1d3ef8c54ca70595a331364aa1342aada821daa15df60293dae868b633caa8a,2cadea7ed9786f1d0b06de80945e17019b4d201b6cefc0891adda8bd4bb8ba5a,103,103,beat_block_hammer,Place,Wrong Pose
ec26f6760506_beat_block_hammer_demo_clean_seed17_ep17_step130_20260630_173526,robotwin/train/ec26f6760506_beat_block_hammer_demo_clean_seed17_ep17_step130_20260630_173526.json,6329986f04d8d3e085e1bacc026c1243419723bb0900b5724fddb31bb89299e8,c0c0d4dc0b712da1998fd7515a1fdcbdbfaad3ffabc96ac8dbce15b122feaf23,131,131,beat_block_hammer,Place,Wrong Pose
e74279edb013_beat_block_hammer_demo_clean_seed11_ep11_step138_20260630_173451,robotwin/train/e74279edb013_beat_block_hammer_demo_clean_seed11_ep11_step138_20260630_173451.json,6c1f093a4d4d7d4ba2d8b637e4bbe2081978e5e1333a5b15dc7fb2955c09e724,52a873918e96c10836787a4a78a15a8c61aa8d6a1ecba6ff7ba756bcc52b8e89,139,139,beat_block_hammer,Place,Wrong Pose
8f5b918859b1_beat_block_hammer_demo_clean_seed100056_ep42_step116_20260616_172256,robotwin/train/8f5b918859b1_beat_block_hammer_demo_clean_seed100056_ep42_step116_20260616_172256.json,7ac5009a065df58919919a191755e48e3bc53f580911f608d9c625d38953be3f,84850d21b880d6255819edb8cd81f1f7a033781eac839b2d0261f3cdb411c2b7,117,117,beat_block_hammer,Place,Wrong Pose
cc7414b25be7_beat_block_hammer_demo_clean_seed100032_ep23_step109_20260616_170529,robotwin/train/cc7414b25be7_beat_block_hammer_demo_clean_seed100032_ep23_step109_20260616_170529.json,aa3f52fbc90d7b9d8a459232be479ea91471dcdd25ec86a2acca4e73bf032ca4,5b5a6d94b712cb19f0fda82d36bb10737422b003dbc5be5f5643fbd7765538cb,110,110,beat_block_hammer,Place,Wrong Pose
fcb15aea0c33_beat_block_hammer_demo_clean_seed100003_ep1_step107_20260630_144832,robotwin/train/fcb15aea0c33_beat_block_hammer_demo_clean_seed100003_ep1_step107_20260630_144832.json,7cfff86a0070dbd7ed5bcad71b7cf53041ed29dbd402b5b49321b7bf7a6b08b1,1ccb6bb3a0cc6b9c0b1f1a44f8ea40174ee2fd6dec1e2a3688c5fccbc20a24b6,108,108,beat_block_hammer,Place,Wrong Pose
48b65f47e7fe_beat_block_hammer_demo_clean_seed100017_ep13_step104_20260630_145607,robotwin/train/48b65f47e7fe_beat_block_hammer_demo_clean_seed100017_ep13_step104_20260630_145607.json,ae4c5e8dafb2fa91ce97d4afa11cdfe71ab984abe26e7380c6102e175c8e71e6,9110d9b906d2030d575da9508b1dc57f3bbfbd545ba9d5b8d08fde1cc2aa70b8,105,105,beat_block_hammer,Place,Wrong Pose
92f699d60ab4_beat_block_hammer_demo_clean_seed100006_ep2_step97_20260630_144856,robotwin/train/92f699d60ab4_beat_block_hammer_demo_clean_seed100006_ep2_step97_20260630_144856.json,153b487c4148b5fafa10066d53faafd697644784ec5272ed0b62dfc8bbc63192,bf6620961e4e39b53da163f7cc9b2ea4964bd6bbb9c439fc1fb522201fc73558,98,98,beat_block_hammer,Place,Wrong Pose
f14f87fb6cb7_beat_block_hammer_demo_clean_seed28_ep28_step114_20260630_174902,robotwin/train/f14f87fb6cb7_beat_block_hammer_demo_clean_seed28_ep28_step114_20260630_174902.json,6a496b64ee5ffe569839d207860af63575f250e65ce34358eb841952b289eb8e,df0b134f27d0feefcebdd95dc5a55b71331052d474cf4480c3e4bf2cf580fe65,115,115,beat_block_hammer,Place,Wrong Pose
40542aa51eca_beat_block_hammer_demo_clean_seed100049_ep36_step107_20260616_171334,robotwin/train/40542aa51eca_beat_block_hammer_demo_clean_seed100049_ep36_step107_20260616_171334.json,c78d0a3142ac420b0626136d7ebea8d3290649f00ff21494f0b7a1f9044aa1ad,deb222721486769b5de16ce9c9e07b3281ba7e3ecbe7e8faa7459e9d1f121f02,108,108,beat_block_hammer,Place,Wrong Pose
3b2c679c4163_beat_block_hammer_demo_clean_seed100051_ep37_step108_20260616_171448,robotwin/train/3b2c679c4163_beat_block_hammer_demo_clean_seed100051_ep37_step108_20260616_171448.json,aacec5caf5cfc60aed185f1ac3bfebdbc73af1604e7cbf4d96b89ff71eed97b2,b2d9d9ed0791df5c61a9c45a57fd45f4aa7113914c37f91df94cbc9169b5f33e,109,109,beat_block_hammer,Place,Wrong Pose
0b13499b3252_beat_block_hammer_demo_clean_seed8_ep8_step113_20260630_175652,robotwin/train/0b13499b3252_beat_block_hammer_demo_clean_seed8_ep8_step113_20260630_175652.json,1782cb79ae57c8150d1ff6a66351aebcc5b8abb2db3420f25af1c2a22652949b,83d562916fe578b8aa9501a1e3c3fa59070f27e67f72e4de862f01cb67066978,114,114,beat_block_hammer,Place,Wrong Pose
daaccc6d671f_beat_block_hammer_demo_clean_seed100030_ep22_step111_20260616_165707,robotwin/train/daaccc6d671f_beat_block_hammer_demo_clean_seed100030_ep22_step111_20260616_165707.json,756813d264b500418126e84ff3959b41cc09a941ccdaedf760b86f3b001d5336,cf5d9572dc27c07bb7b6868fe1993124af8beef1383651175a59640e419794f3,112,112,beat_block_hammer,Place,Wrong Pose
78081d3c1ef8_beat_block_hammer_demo_clean_seed100035_ep22_step104_20260630_150212,robotwin/train/78081d3c1ef8_beat_block_hammer_demo_clean_seed100035_ep22_step104_20260630_150212.json,8ea2e2e3a3401d4f62b3b53466833b6d139bf26d2a10d97b01d4ebca09da071a,faf6c0550041c4afff551e6aca6a170354da5c421e2f016e4c7b9e1cf7292b7f,105,105,beat_block_hammer,Place,Wrong Pose
41630ee672a6_place_phone_stand_demo_clean_seed100014_ep8_step111_20260617_165040,robotwin/train/41630ee672a6_place_phone_stand_demo_clean_seed100014_ep8_step111_20260617_165040.json,2b14f515861368a81d0b0308128db14df0b2d27c48cabd8bf34adec99075e310,574fd7bc3d8dc53772c6f3ea0b28e1281e5958555abe7063cbdffeb62e5f73ae,112,112,place_phone_stand,Place,Wrong Pose
2a22d0e12e94_place_phone_stand_demo_clean_seed100048_ep31_step96_20260617_170123,robotwin/train/2a22d0e12e94_place_phone_stand_demo_clean_seed100048_ep31_step96_20260617_170123.json,afcf6c7db2161f15c9f73d4ca1913be0fc4618fa2905c71a86fec2a6229564fa,0642a61125d383cc13fefe690ebeecfeaa058eb951083c2c04aee64907739cc8,97,97,place_phone_stand,Place,Wrong Pose
bf4d57fb5248_place_phone_stand_demo_clean_seed7_ep7_step120_20260701_012622,robotwin/train/bf4d57fb5248_place_phone_stand_demo_clean_seed7_ep7_step120_20260701_012622.json,555cc0741f564dbeba43b3e1cf31d5d5ef007bb1e4261e0c9276e443cbc50fcf,0dd57c4c0705520ca9e07b149f37092a64b9a6dceed72ce15ed1cfc6d380162b,121,121,place_phone_stand,Place,Wrong Pose
78ca66c39c4d_place_phone_stand_demo_clean_seed100067_ep44_step103_20260617_171142,robotwin/train/78ca66c39c4d_place_phone_stand_demo_clean_seed100067_ep44_step103_20260617_171142.json,3b5825d4746c0fb8901c9e8ab898468b6a15951420e059b18ceb7e54d8e444ea,b76487b059e4103b9f25105578a2bac3653dc841c8173837bdfa48662045a926,104,104,place_phone_stand,Place,Wrong Pose
7fd1b56d3971_place_phone_stand_demo_clean_seed100000_ep0_step110_20260617_164832,robotwin/train/7fd1b56d3971_place_phone_stand_demo_clean_seed100000_ep0_step110_20260617_164832.json,48ff4f41a15e4a4f53589f4d0af887a3bee23a0531cf2dd49b950ede94d0b46a,1f8ffc42000b7d6f884042710cc9383497846baaf507647b23360e4240d7389c,111,111,place_phone_stand,Place,Wrong Pose
1d83e98062d9_place_phone_stand_demo_clean_seed100015_ep9_step100_20260630_165732,robotwin/train/1d83e98062d9_place_phone_stand_demo_clean_seed100015_ep9_step100_20260630_165732.json,9ca90a36e1cc4cb27e2268ebaab21b47d217d1b1780d3f7ec1a9eca4434266ba,3294f1bfc2fa533572ac647ca37d736dd6c42ecaf9409bd054d55fa363efdc62,101,101,place_phone_stand,Place,Wrong Pose
17f709c64d34_place_phone_stand_demo_clean_seed100044_ep28_step107_20260630_173233,robotwin/train/17f709c64d34_place_phone_stand_demo_clean_seed100044_ep28_step107_20260630_173233.json,26d7bad42782056a8039c8e656be05495282a5f27fb0209bf34c03081755d265,184cf164eaedd1b4afc7293bb22114dca2acca7b0acd2b26f4101161266c6ac9,108,108,place_phone_stand,Place,Wrong Pose
5c7a3f1859d6_place_phone_stand_demo_clean_seed100018_ep12_step97_20260617_165316,robotwin/train/5c7a3f1859d6_place_phone_stand_demo_clean_seed100018_ep12_step97_20260617_165316.json,2f8f0f76a58cf01a1f0166e07159f502b77a16c07fc4b321acf53f73f1f36409,a10fbc90967ca5103e448ac39731f417eb8b4ed580d48a482296c6a83d692ecb,98,98,place_phone_stand,Place,Wrong Pose
1cbf14b00d4a_move_can_pot_demo_clean_seed6_ep6_step104_20260630_184905,robotwin/train/1cbf14b00d4a_move_can_pot_demo_clean_seed6_ep6_step104_20260630_184905.json,205a4787b5d7c0cbdc1241f0dcd64870e71fe19f7e27275143d1847224a55a9d,5d7b5d77cba07e1f2d7d6895ec869265247e91ff3e5d8ac361030173be7844ad,105,105,move_can_pot,Place,Wrong Pose
72461bcb5986_move_can_pot_demo_clean_seed12_ep12_step140_20260630_182403,robotwin/train/72461bcb5986_move_can_pot_demo_clean_seed12_ep12_step140_20260630_182403.json,7d3e73688f0a9803a058ea365255f826ac1cececb05788aaa60844a50b3c86b3,92e427d9d7370b20d2e956645b9375ba37d477d8148214e1eed853094aca696a,141,141,move_can_pot,Place,Wrong Pose
fe7509afaab2_stack_blocks_three_demo_clean_seed31_ep30_step265_20260708_022403,robotwin/train/fe7509afaab2_stack_blocks_three_demo_clean_seed31_ep30_step265_20260708_022403.json,ce66c1f0c8a27945d54133b74e8337cf36491ec324393a71ad4102c2491c4a6e,87e437b4626de63e922494dad7db8b581fe6148296ec616d1465c095c8b6b13e,266,266,stack_blocks_three,Place,Wrong Pose
92d64e9f4dbb_stack_blocks_three_demo_clean_seed22_ep22_step290_20260706_165558,robotwin/train/92d64e9f4dbb_stack_blocks_three_demo_clean_seed22_ep22_step290_20260706_165558.json,9250a993218a14c5a1db0e01008e9297e56a484b895366177c038e4af5a07837,24f4c3b7d4d42f6287b4e12fedc6b4bdb72b2e33e9fa8ba88f0697a4da7fa078,291,291,stack_blocks_three,Place,Wrong Pose
847c1e1a0484_stack_blocks_three_demo_clean_seed3_ep3_step268_20260706_151331,robotwin/train/847c1e1a0484_stack_blocks_three_demo_clean_seed3_ep3_step268_20260706_151331.json,6467f320a08e286383a8dc7b8f2bf52c0e74429c2f4dd3da0f6274253849f992,4965da93420b4d7a0be71194d9a1e46441f7e499a5f3208813df6ce3ae2b1666,269,269,stack_blocks_three,Place,Wrong Pose
b3b1c0fdac7e_stack_blocks_three_demo_clean_seed12_ep12_step270_20260708_022518,robotwin/train/b3b1c0fdac7e_stack_blocks_three_demo_clean_seed12_ep12_step270_20260708_022518.json,56a267470fa864920aee139ed9c2bd6a60812fbbb235020101d447e6ddff82fd,b99f57503bd28f8affb9a0818aaa81b9df98d03486c0adba38e8a460da0d6e4d,271,271,stack_blocks_three,Place,Wrong Pose
508b747deb29_stack_blocks_three_demo_clean_seed32_ep31_step273_20260708_001940,robotwin/train/508b747deb29_stack_blocks_three_demo_clean_seed32_ep31_step273_20260708_001940.json,17a71b577e47366e676838d377fd9bca4322f36448be1ab8841edc1ac0834077,20d5b9331134232a77d1655f3bfb47f9498cd4af837c260b1edd384f79f66352,274,274,stack_blocks_three,Place,Wrong Pose
c18f70c6ed90_stack_blocks_three_demo_clean_seed31_ep30_step274_20260706_143952,robotwin/train/c18f70c6ed90_stack_blocks_three_demo_clean_seed31_ep30_step274_20260706_143952.json,904c0a9773eafd57071af4c985b493910f21ec2b7c05f7dcd1f0c22bc524dbe4,53d5fa818ec81a1bf79a5fcb98c92a7e6913ad21e3039dc84afdffb84d314b60,275,275,stack_blocks_three,Place,Wrong Pose
ee0815525f6c_stack_blocks_three_demo_clean_seed3_ep3_step430_20260708_022350,robotwin/train/ee0815525f6c_stack_blocks_three_demo_clean_seed3_ep3_step430_20260708_022350.json,b8f4ed9c0763cd5e616d186856f83f95bb8af324283d1fc945923f41e8e815ad,6ad50c2b7aa03719b58e3a8867fa5f99961ff699ec7db6fbb972e5c87366eb0e,431,431,stack_blocks_three,Place,Wrong Pose
27c541b5b208_stack_blocks_three_demo_clean_seed12_ep12_step271_20260706_134259,robotwin/train/27c541b5b208_stack_blocks_three_demo_clean_seed12_ep12_step271_20260706_134259.json,d493ed70d799b69c8e7a5215fe703c8d0fe1e3806ab30ddcdfed5f2a5db21b45,10049e20c7f0dcbe6e791e201e0bb5ed7a6c8055dba991316e6a367c140d5c0f,272,272,stack_blocks_three,Place,Wrong Pose
99d5d0844dd5_stack_blocks_three_demo_clean_seed32_ep31_step287_20260706_144012,robotwin/train/99d5d0844dd5_stack_blocks_three_demo_clean_seed32_ep31_step287_20260706_144012.json,dcb754de4011cd19f5171f1155dc2ee312f97e450a73370204dabeed9b18516a,5b2f208ca858cd08c3a7925a5c950858af26e7498033fde2271755b0b5afa12b,288,288,stack_blocks_three,Place,Wrong Pose
66ef0d5ae100_stack_blocks_three_demo_clean_seed33_ep32_step435_20260708_022120,robotwin/train/66ef0d5ae100_stack_blocks_three_demo_clean_seed33_ep32_step435_20260708_022120.json,777eaa65d384cd4e231aa2e398d5d8b70f602a9b9359fcd5896119381e693add,7f751861f72715216e392e59162cc0882915a264df7e5bf6847d0d8a6f3ae35e,436,436,stack_blocks_three,Place,Wrong Pose
393b3d8b81d2_stack_blocks_three_demo_clean_seed41_ep40_step416_20260706_151544,robotwin/train/393b3d8b81d2_stack_blocks_three_demo_clean_seed41_ep40_step416_20260706_151544.json,2bc22f88e50c3d755763cc34dea7845b035d1dd2181137760107e50e0deabedd,e1b143bd85d24801142d56e87257b695b4353e6867a0d9dfd17b845b053768df,417,417,stack_blocks_three,Place,Wrong Pose
684a2dd3758a_place_cans_plasticbox_demo_clean_seed23_ep23_step180_20260706_205905,robotwin/train/684a2dd3758a_place_cans_plasticbox_demo_clean_seed23_ep23_step180_20260706_205905.json,4d64a7633c13b92264ca1a2076cb90e78dd454663a78a4b4d119d64ab4a8f8f9,009eb6fcce809d8f9d631cffb9fc1b470f197fd1f3a66500299a239d4f39f362,181,181,place_cans_plasticbox,Place,Wrong Pose
4793410f07a7_blocks_ranking_size_demo_clean_seed100001_ep1_step398_20260705_162712,robotwin/train/4793410f07a7_blocks_ranking_size_demo_clean_seed100001_ep1_step398_20260705_162712.json,608cdc1b3fbfdee6f6d3e3095a7cc6381d7531ce653c9be897bb02db315917b8,63cb471b8fcedf51557957abf57e7c67b2170905228db1dbe140a12f5442f28a,399,399,blocks_ranking_size,Place,Wrong Pose
33a2da9a3d66_blocks_ranking_size_demo_clean_seed8_ep6_step255_20260706_195648,robotwin/train/33a2da9a3d66_blocks_ranking_size_demo_clean_seed8_ep6_step255_20260706_195648.json,ae48093475e4e38b0be7e8fa6b52476be6c1d110a9c695b587f4f881fc96ac1d,63ee50f57a90ba9412cc4c354346d65fe0194236083a7f96cca3fc8a8bc1f2c4,256,256,blocks_ranking_size,Place,Wrong Pose
c83c402d5b07_place_object_basket_demo_clean_seed100001_ep1_step110_20260708_024215,robotwin/train/c83c402d5b07_place_object_basket_demo_clean_seed100001_ep1_step110_20260708_024215.json,859a64d3c0577928c76fe47352d0a2ec945438b9b2c8049a84e2bf6b6be6553d,ccc8713da06aa36cafec8570b89d677ec05ed3b15af4f8b8b8e8f283999f2b22,111,111,place_object_basket,Place,Wrong Pose
e771af9eb265_place_object_basket_demo_clean_seed8_ep5_step110_20260708_030043,robotwin/train/e771af9eb265_place_object_basket_demo_clean_seed8_ep5_step110_20260708_030043.json,e8436743207a754c8fdb29f5caaa010961d067c1d898e936719e3fbb737c6ae9,8a8544159610b067369e0d4d5913dc9a71820143a85266c53de461b8bf1de362,111,111,place_object_basket,Place,Wrong Pose
c1b056e80fd1_place_object_basket_demo_clean_seed35_ep23_step145_20260708_024200,robotwin/train/c1b056e80fd1_place_object_basket_demo_clean_seed35_ep23_step145_20260708_024200.json,9c99e9e79a8378704da6724484c58d4b3de297b7185a8ca4c9d690abca66cad0,49102d8983071dab5bdc59c2f7d388ed0f83f9d8b13fcfd4015f7266588143e6,146,146,place_object_basket,Place,Wrong Pose
f8a7de1c3644_place_object_basket_demo_clean_seed100034_ep23_step110_20260706_171239,robotwin/train/f8a7de1c3644_place_object_basket_demo_clean_seed100034_ep23_step110_20260706_171239.json,390d018f2210302f90990c5c3816570c36685bea770093c1b1ab0b3523069b46,eec91ff73f12f666045b0a7986b9682465c5e7fb5914629def2187403e5c813c,111,111,place_object_basket,Place,Wrong Pose
7a777010e83a_place_object_basket_demo_clean_seed100076_ep45_step110_20260708_015233,robotwin/train/7a777010e83a_place_object_basket_demo_clean_seed100076_ep45_step110_20260708_015233.json,6f41eb96688b1ffbce943d3ff05068e8e21426d03bb2bf56e5e267fca791fe01,b04bed15c9e7dde5eae9589325d231f5fab9c2cfd801209c5cfb51b4e84193a3,111,111,place_object_basket,Place,Wrong Pose
b90edb5f363b_place_object_basket_demo_clean_seed47_ep32_step140_20260708_002223,robotwin/train/b90edb5f363b_place_object_basket_demo_clean_seed47_ep32_step140_20260708_002223.json,efcb3dab0c2fd3995c29cd1570ef62400fc18a97acc8ad2ab4445e548fc6ea07,f8de78211932af00dc927c222a642c8a5ff85d4cfaed07b5b50f922e850deafb,141,141,place_object_basket,Place,Wrong Pose
4428dff3b2b4_place_object_basket_demo_clean_seed100002_ep2_step105_20260708_025753,robotwin/train/4428dff3b2b4_place_object_basket_demo_clean_seed100002_ep2_step105_20260708_025753.json,d4f48658f6d5e5ec89403cfb6674a8d301c8ac06d33bdb55c2fcec600d32bbc7,8d6b88365cbe71ebba75bde35937dbc71504cb25b3872ed72383e5d524fbbdf9,106,106,place_object_basket,Place,Wrong Pose
ca3b2c39fbb2_place_object_basket_demo_clean_seed50_ep35_step161_20260706_172405,robotwin/train/ca3b2c39fbb2_place_object_basket_demo_clean_seed50_ep35_step161_20260706_172405.json,ae1e9c0cf7f8d589d8ae1608cc97a759fe557a79eeb96b89828cb3a577b2d742,4e9a6bd8e4b561c0ffb21cc14ba468d2e5d96d73890d353424f21c579d993747,162,162,place_object_basket,Place,Wrong Pose
00e5743c94f1_place_object_basket_demo_clean_seed32_ep20_step147_20260706_172035,robotwin/train/00e5743c94f1_place_object_basket_demo_clean_seed32_ep20_step147_20260706_172035.json,581eec89740b1bc5a43e53e85568856c53c4025977ec8975dda60b3a4091cb79,9241cc1a10a476cd401bca6b95dfb4cc6664a9a46da028283d4e849f5016540c,148,148,place_object_basket,Place,Wrong Pose
416f6685a9bc_place_object_basket_demo_clean_seed8_ep5_step126_20260706_154242,robotwin/train/416f6685a9bc_place_object_basket_demo_clean_seed8_ep5_step126_20260706_154242.json,b4623298968cda74a2cab284b02c1ede2cbe6f74359508f58fae98175ebed505,4f486c4546f3d4053d8426ebb6b61badd38a8c880b76a09cf67feff6bd8d9afc,127,127,place_object_basket,Place,Wrong Pose
5c525d40f0c6_place_object_basket_demo_clean_seed35_ep23_step145_20260708_024207,robotwin/train/5c525d40f0c6_place_object_basket_demo_clean_seed35_ep23_step145_20260708_024207.json,e0c8cb328794ac1935007c1925063fe2937e417c4157a5061ee0d56923d86e00,148f0e02720c4ba74acf6b7e8eefb11528be046aaf309aca5a962de4e91b6d58,146,146,place_object_basket,Place,Wrong Pose
b9ce6747da3f_place_object_basket_demo_clean_seed100034_ep23_step145_20260706_195918,robotwin/train/b9ce6747da3f_place_object_basket_demo_clean_seed100034_ep23_step145_20260706_195918.json,963b3f4f33cff06d4935bc4981c83bcc8cfbdece6e8b0887702f9ffdc17a8da2,b0a14bbda1c2d0549b7195641aa2b6b99cd5c7658bdc9815b1e8062b7ec7827f,146,146,place_object_basket,Place,Wrong Pose
39f6fd2de430_place_object_basket_demo_clean_seed100002_ep2_step110_20260708_025742,robotwin/train/39f6fd2de430_place_object_basket_demo_clean_seed100002_ep2_step110_20260708_025742.json,163d0c9cf0a73fd21c87f20998aeb5720a7b299cb38c589d34814c08e711cd26,2626adc2b90302c17f49224e9d1ecec1ce5c364470f7e384221ca027e7d42570,111,111,place_object_basket,Place,Wrong Pose
cb2fd4f62a5e_place_can_basket_demo_clean_seed24_ep20_step124_20260706_155802,robotwin/train/cb2fd4f62a5e_place_can_basket_demo_clean_seed24_ep20_step124_20260706_155802.json,07cb43fd9753106a7696a726093aa1ead6fafccf7d66b84913a0c3566339def5,d757aad7ed6f5732d737afc078efb5223574e07217bf319216c7ae724fed7e4d,125,125,place_can_basket,Place,Wrong Pose
bfee1acae72e_place_can_basket_demo_clean_seed2016_ep13_step130_20260706_204923,robotwin/train/bfee1acae72e_place_can_basket_demo_clean_seed2016_ep13_step130_20260706_204923.json,0c7278fcf33885caa126959ee7c1909f48d4932d23ff6edf4cf282a0d7f84dc0,a8fea2f0b0e985eabbfdf5106bfaafa9b4a727bdf262758c4c72afb15658f07b,131,131,place_can_basket,Place,Wrong Pose
1d4798aa23b0_place_can_basket_demo_clean_seed31_ep24_step95_20260706_204214,robotwin/train/1d4798aa23b0_place_can_basket_demo_clean_seed31_ep24_step95_20260706_204214.json,9a393a84dcd1f9a86134303dd00a8517976e730ef042dd0960fc8363321f9f81,59eaecfae054b6b70c7b75c178352bbc469494d517654847e31d46dcbd641472,96,96,place_can_basket,Place,Wrong Pose
439d7c1a6c08_place_can_basket_demo_clean_seed100051_ep34_step105_20260708_010403,robotwin/train/439d7c1a6c08_place_can_basket_demo_clean_seed100051_ep34_step105_20260708_010403.json,68ea78d606880853c40932a04dacf9a74e30a5e1966e6c568e9d2e08ba8a83c1,e8e4f92a71a486b8b0ce4ebd24889610cbecc1a9a3fca072c1ce89eb098e62fd,106,106,place_can_basket,Place,Wrong Pose
24862becc287_place_can_basket_demo_clean_seed100057_ep39_step110_20260706_171205,robotwin/train/24862becc287_place_can_basket_demo_clean_seed100057_ep39_step110_20260706_171205.json,4977821a6fb05ab9bc65ad7691e4d20bf3e545633d614a0e4d7f4d258f1d1d66,30fab376056fdb2542bcaf2b8557ce7895909cf1f8c3963aa30d2f397944efa4,111,111,place_can_basket,Place,Wrong Pose
174921393864_place_can_basket_demo_clean_seed72_ep48_step110_20260708_014700,robotwin/train/174921393864_place_can_basket_demo_clean_seed72_ep48_step110_20260708_014700.json,8a8c7b24f39e11b1873c4eabc15f77329703d0a6c0f11e45a57915ee5c2f2eaa,e6f756be59f87d725e69fb6dfcb8f6951e483c8d2a092805adbde2343504d4e7,111,111,place_can_basket,Place,Wrong Pose
cf6c2b2f34fa_place_can_basket_demo_clean_seed17_ep15_step101_20260706_153641,robotwin/train/cf6c2b2f34fa_place_can_basket_demo_clean_seed17_ep15_step101_20260706_153641.json,ee7792614349e773828131a7a2256cf8b972d584ace6783e8da2c51b0e3934d8,f498043250ce55126f9a771555c627daef2734f3b377307b44b3b0c4177ad2e5,102,102,place_can_basket,Place,Wrong Pose
4753f892e9f6_place_can_basket_demo_clean_seed2016_ep13_step130_20260708_011010,robotwin/train/4753f892e9f6_place_can_basket_demo_clean_seed2016_ep13_step130_20260708_011010.json,2a6e53c07a9bc673a53ecd5ddfc5ddfeeba51213c94b6a57c9cc22ea269c5a86,ef45f20a9d4776492febdd931bd54fcc6e9109f1f055424d8a4691d890cfbcfc,131,131,place_can_basket,Place,Wrong Pose
246df00ef022_place_can_basket_demo_clean_seed2050_ep40_step85_20260708_153347,robotwin/train/246df00ef022_place_can_basket_demo_clean_seed2050_ep40_step85_20260708_153347.json,b2b239b4e3bc8d3319f349deca14d0568dcba041f3c827d243eb714224e4cfa3,afd8821cea584db313579e9f9c5161c034cbae16bec22ee8fd0133e817376458,86,86,place_can_basket,Place,Wrong Pose
aa9fa03a21db_place_can_basket_demo_clean_seed2050_ep40_step93_20260706_164850,robotwin/train/aa9fa03a21db_place_can_basket_demo_clean_seed2050_ep40_step93_20260706_164850.json,ff6d64abf463852bdce73aea61e5500c845102d6abe83a9e14cd22603fd04b4d,9b467fd874fb97f17bdfe9f9b5cd813b61652d1b96acf996301d4ac6c20b50ab,94,94,place_can_basket,Place,Wrong Pose
507d0765e77f_stack_blocks_two_demo_clean_seed11_ep11_step383_20260701_012846,robotwin/train/507d0765e77f_stack_blocks_two_demo_clean_seed11_ep11_step383_20260701_012846.json,269474a1cae953096f0ceafa00d0e0c92593621b6c88d51537088e5ef17d5013,531b5354171354cc480cd4b7c1e846d52befa01dd51bd02ca552929a0ca6f883,384,384,stack_blocks_two,Place,Wrong Pose
85ae0f5f8633_stack_blocks_two_demo_clean_seed14_ep13_step278_20260706_020649,robotwin/train/85ae0f5f8633_stack_blocks_two_demo_clean_seed14_ep13_step278_20260706_020649.json,4d60cd39de546a1b6971514ce7e6e65702477a70cad0f38de2dd45466fcabf1b,6d25fd8cfc9ce98cfa9a26c19e0de9925bc724c6f8de7ba29cfbd651ddff2f4a,279,279,stack_blocks_two,Place,Wrong Pose
ac3122e8a8fc_stack_blocks_two_demo_clean_seed29_ep29_step285_20260701_015255,robotwin/train/ac3122e8a8fc_stack_blocks_two_demo_clean_seed29_ep29_step285_20260701_015255.json,f2db377f9909831c9a1569bcc37eedc746032953dc3c04bf4406fcb8fac2297e,4f61b8faccbec9e0416cc3033b891f0ef28e8d3e5c63bafe90202010a494b030,286,286,stack_blocks_two,Place,Wrong Pose
9f8f64f5b29b_stack_blocks_two_demo_clean_seed24_ep24_step272_20260701_014324,robotwin/train/9f8f64f5b29b_stack_blocks_two_demo_clean_seed24_ep24_step272_20260701_014324.json,5fba31e5594c3366a7f5bbb0a9728abeef25cfcb08c85c4d3ef2648e77f94e69,8ebd27a93a91b6b803e1d5a7ef2cf07f47981b616dc4eb7625bbd16766ffb770,273,273,stack_blocks_two,Place,Wrong Pose
05ba5aebaf82_stack_blocks_two_demo_clean_seed26_ep25_step286_20260706_015049,robotwin/train/05ba5aebaf82_stack_blocks_two_demo_clean_seed26_ep25_step286_20260706_015049.json,92595f25756bd9aade4a2aab5ae8b95bc66b8ec7997481a89f1d0acfd1d3235b,88f49148c9cc3600da16283cb2ad7161a8c3c0a3d141b7683e3c0683b543480c,287,287,stack_blocks_two,Place,Wrong Pose
859c4009d121_stack_blocks_two_demo_clean_seed22_ep22_step341_20260701_014247,robotwin/train/859c4009d121_stack_blocks_two_demo_clean_seed22_ep22_step341_20260701_014247.json,f507f5dbd3f298dd46284d2e8afba7d93cce1ea458c0dca0274fd9227a8c6cea,197f6c7bcc18d91c8e6750a335f3f3674b8b920108d5c9c0b862764b61e25ea0,342,342,stack_blocks_two,Place,Wrong Pose
8bf97033779a_stack_blocks_two_demo_clean_seed3_ep3_step271_20260701_015321,robotwin/train/8bf97033779a_stack_blocks_two_demo_clean_seed3_ep3_step271_20260701_015321.json,47183d3f502960124a770a2b8e41dcf277e1498cb4ed99abb2971de18200b5a1,e0716d90eb1d15d8e3c7f786ca28fb891a76f5860320992bad323da3178575f4,272,272,stack_blocks_two,Place,Wrong Pose
b4129e418d54_stack_blocks_two_demo_clean_seed12_ep12_step264_20260701_012905,robotwin/train/b4129e418d54_stack_blocks_two_demo_clean_seed12_ep12_step264_20260701_012905.json,13272581896a9229a672c4792d313c0950ab63d3050d67c35700261d4aed52d0,10b02bd5b3998ee324741e76bee9b418e1636c3059344dd3cc0297976f62761e,265,265,stack_blocks_two,Place,Wrong Pose
1957b09e8e7f_stack_blocks_two_demo_clean_seed100043_ep43_step277_20260617_172851,robotwin/train/1957b09e8e7f_stack_blocks_two_demo_clean_seed100043_ep43_step277_20260617_172851.json,428638afafe0a564ad3954370c07f0d98c26aa2468952c459f69f053865b92a2,8359883598ac4a6e03e61098ecfb5fedd5ff4c81132262ad69a056da92319ec6,278,278,stack_blocks_two,Place,Wrong Pose
5baf751be41d_stack_blocks_two_demo_clean_seed100023_ep23_step252_20260617_172337,robotwin/train/5baf751be41d_stack_blocks_two_demo_clean_seed100023_ep23_step252_20260617_172337.json,3b8c53460375cf4500b8e23907d0d5727778fa3642e7c193c61289361f9ab582,d2a76326a3c1737b6c7f6e0fae2229016a5e4fb931f14bca47a18add46c882fe,253,253,stack_blocks_two,Place,Wrong Pose
03f16693e070_stack_blocks_two_demo_clean_seed100017_ep17_step274_20260617_172215,robotwin/train/03f16693e070_stack_blocks_two_demo_clean_seed100017_ep17_step274_20260617_172215.json,e5237c79c744058f9c56e3849ff005b5863c2d879b25524211c61c9306668d5a,e1a9fa1a976f024ae2c3eca41718dcf7bf411d00e9d01d866d55f088862964c9,275,275,stack_blocks_two,Place,Wrong Pose
8788d505f9be_stack_blocks_two_demo_clean_seed20_ep20_step272_20260701_014215,robotwin/train/8788d505f9be_stack_blocks_two_demo_clean_seed20_ep20_step272_20260701_014215.json,2941989cc287f30cb79762cc985e1d160a822407852b53b0956004f93b354fbd,aba85f73f5920f5ea071a8b82d626e77276ad1f68efd4b6032a6315c898daea2,273,273,stack_blocks_two,Place,Wrong Pose
3e21979a2ba2_stack_blocks_two_demo_clean_seed25_ep25_step275_20260701_014338,robotwin/train/3e21979a2ba2_stack_blocks_two_demo_clean_seed25_ep25_step275_20260701_014338.json,8575ee9647d82f6f4200ad333c601e9f182ee381a367003224bfe88af1cd89ce,6b051e8e6fc83ec8eb98c0e4645664730cb37abe97fb3afbbee865eb3760dc93,276,276,stack_blocks_two,Place,Wrong Pose
98f9b662d2cd_place_bread_basket_demo_clean_seed100052_ep44_step225_20260706_195139,robotwin/train/98f9b662d2cd_place_bread_basket_demo_clean_seed100052_ep44_step225_20260706_195139.json,62d06b0a9c73026d20e5a501cc54c0ae67c1e69722a477f6f427bd8b685d65d3,c567456f00948d1949d2d26b73f6ff50c7248491a39435e81c4b0d8c9f798746,226,226,place_bread_basket,Place,Wrong Pose
eb3de5f1904b_place_bread_basket_demo_clean_seed100032_ep26_step170_20260706_204746,robotwin/train/eb3de5f1904b_place_bread_basket_demo_clean_seed100032_ep26_step170_20260706_204746.json,9c4d66e3450950003b63d0afa1d63436cf5b4f43ea6f1e531a6199b41b101a3c,d0bf6638889fd2bfd13a98136e511c6a0cd2e3bb93566f2c2a7ec01e8d248623,171,171,place_bread_basket,Place,Wrong Pose
5c6e0ba1c3d6_place_bread_basket_demo_clean_seed2016_ep16_step160_20260708_014508,robotwin/train/5c6e0ba1c3d6_place_bread_basket_demo_clean_seed2016_ep16_step160_20260708_014508.json,469449f0fd9048b7adcfa24c251530ab816b8145c81594fd4987ad752af81512,b8d565d619c830cac944bc35005d2c3c128f857c2f6c0d067fb7e06bcf4d95d4,161,161,place_bread_basket,Place,Wrong Pose
590771bfe56c_place_object_stand_demo_clean_seed2034_ep33_step110_20260708_024031,robotwin/train/590771bfe56c_place_object_stand_demo_clean_seed2034_ep33_step110_20260708_024031.json,0e5bb754a93f26b89b3e2196fa9cb3e218c27f6925f9db3c1e29147b4c4cf3e1,92ff0665bf190158dab25b2264a09bc1430bad8bca9c2eb7e262f334d760ffdb,111,111,place_object_stand,Place,Wrong Pose
e0a888640492_place_object_stand_demo_clean_seed100026_ep25_step107_20260617_163329,robotwin/train/e0a888640492_place_object_stand_demo_clean_seed100026_ep25_step107_20260617_163329.json,4a6b72b2cbc696ad6520d2c757de875634e4ad0bf545e92960a2ab0fda9f82b2,5e6dec9bafa536d079a201e9f6bf1813b3203328a3faff971f519b11f7294246,108,108,place_object_stand,Place,Wrong Pose
4f7dc2c547b1_place_object_stand_demo_clean_seed2015_ep15_step80_20260706_205733,robotwin/train/4f7dc2c547b1_place_object_stand_demo_clean_seed2015_ep15_step80_20260706_205733.json,d30eac6d05f22cb14e02e167dd0ff266cd566288dd6cce447140bd24c38a0627,b3a33cbab24ab7b8023dde1498e09afd5bbea7017b698d99611f8b947a89e364,81,81,place_object_stand,Place,Wrong Pose
834cf5a5597e_place_a2b_left_demo_clean_seed14_ep14_step145_20260701_010502,robotwin/train/834cf5a5597e_place_a2b_left_demo_clean_seed14_ep14_step145_20260701_010502.json,c7f3a7ad71546aa725c403a9d194abcf467077442a7c6c49c6a7f79e8a8863ae,e02c7f4f7d9ad53eaf4c395c6f0819cbc63b351913c00b14e2c7af2f9b3d65cc,146,146,place_a2b_left,Place,Wrong Pose
8f8ca7697aad_click_alarmclock_demo_clean_seed1_ep0_step55_20260706_152655,robotwin/train/8f8ca7697aad_click_alarmclock_demo_clean_seed1_ep0_step55_20260706_152655.json,ac9e32a9e84801dc72be14a8d7e4da84239cc0ae152dbf979fb04fbd49d840f7,f9a107d8501a3893cade874b27d6c8e02d42afd223fab64a08d13dcb446ecf21,56,56,click_alarmclock,Place,Wrong Pose
8830111fb531_dump_bin_bigbin_demo_clean_seed100082_ep37_step281_20260616_191737,robotwin/train/8830111fb531_dump_bin_bigbin_demo_clean_seed100082_ep37_step281_20260616_191737.json,6ae64e00ce988c09a4fbd71fcda1619df8dd7265d2bb7e7ce981e0fc63e1d87e,1426ded65f226027b54ffba26f34ffb46a72956ae0af5a3c80427cffb086c9e4,282,282,dump_bin_bigbin,Place,Wrong Pose
1983cf27d5e4_press_stapler_demo_clean_seed100020_ep18_step59_20260706_154223,robotwin/train/1983cf27d5e4_press_stapler_demo_clean_seed100020_ep18_step59_20260706_154223.json,a045dc6eae854dcce436fb4e6de6ceed880c0d6a762d8e36df3c0f6a243fc1cc,1aeb1599fc1661a2a90ef7abed9a827ac66b25c09e4cba990feb0f0bd1b39257,60,60,press_stapler,Place,Wrong Pose
b420277ce553_hanging_mug_demo_clean_seed100015_ep14_step290_20260710_131244,robotwin/train/b420277ce553_hanging_mug_demo_clean_seed100015_ep14_step290_20260710_131244.json,6cdfb842924f5727654be53ca321fd2e93b4d418003254129303b4f8797a6da1,cc906535de60fb94224234d9a7b6c7989c76591bdfb0dc9b274b73ba20f79bb9,291,291,hanging_mug,Place,Wrong Target
e47585472c54_hanging_mug_demo_clean_seed100013_ep12_step285_20260712_084809,robotwin/train/e47585472c54_hanging_mug_demo_clean_seed100013_ep12_step285_20260712_084809.json,ddbd84296a774e0dca318d767b6907149c54c298f463e86ba9e1b2745963478c,6b753aa0dc4b013de6711dcf75b7817e74b920ce1e4e72675782f5c92ffa2729,286,286,hanging_mug,Place,Wrong Target
8e2b11acb772_hanging_mug_demo_clean_seed100028_ep23_step280_20260710_143422,robotwin/train/8e2b11acb772_hanging_mug_demo_clean_seed100028_ep23_step280_20260710_143422.json,fd7fcd9dfb9d8aac08f83998ad27f7305e75817e875f37cc5942c80fbb6ee996,9986bf70cca1ee578c7e1c65d757f985094cd44ddaba4a11b96e0acaf9516923,281,281,hanging_mug,Place,Wrong Target
1350fddc6a2f_hanging_mug_demo_clean_seed100015_ep14_step290_20260712_084834,robotwin/train/1350fddc6a2f_hanging_mug_demo_clean_seed100015_ep14_step290_20260712_084834.json,a8baa1bb2b8eebdccebcbcdf6d88dfbf63ee44c17d9c2391df05d89f2ac129ec,7de0b203160d818db774b8053ee9d05fd109d34de30955ccb3c9adfa8797e5a1,291,291,hanging_mug,Place,Wrong Target
005795e14fea_hanging_mug_demo_clean_seed100019_ep17_step265_20260710_135212,robotwin/train/005795e14fea_hanging_mug_demo_clean_seed100019_ep17_step265_20260710_135212.json,c96bd572d1b5b387f1c90e0c739508ae6a8822512f663bee149b83a02b3789f0,7587a0f32a96d07af3506700a0980ca2aef9ae4eeebdfd28793974506e08255f,266,266,hanging_mug,Place,Wrong Target
fe9542db381a_hanging_mug_demo_clean_seed100021_ep19_step290_20260710_135657,robotwin/train/fe9542db381a_hanging_mug_demo_clean_seed100021_ep19_step290_20260710_135657.json,d9a1e6c322e4b167a0d125c153921f0fd7818f030bc392b87e81b9e2b0a8e91a,5fc08e005d72a937ac5c2444beea1062f4ff61e9cfc319adb605279d7d52c1cc,291,291,hanging_mug,Place,Wrong Target
d35a4f1c6d79_move_stapler_pad_demo_clean_seed100000_ep0_step125_20260710_153629,robotwin/train/d35a4f1c6d79_move_stapler_pad_demo_clean_seed100000_ep0_step125_20260710_153629.json,f7cad18accd9bb77d3c882529ca12a547b0d9dc356fc2ef91fb6da1c4337edcf,b6292d3bae38e7340af2772168bf64fc526a87826ee313b57e2316e686abc867,126,126,move_stapler_pad,Place,Wrong Target
81574aaf8331_move_stapler_pad_demo_clean_seed100014_ep13_step90_20260712_090448,robotwin/train/81574aaf8331_move_stapler_pad_demo_clean_seed100014_ep13_step90_20260712_090448.json,4f5a1ae5ffcb1646f9b479c50cd2cc7558930163cff8fc023b4da36eeadf0b94,4c9637eee763fbe3be4abab8cff7f816f154f3dda17bea046ba21e6b47a7b06d,91,91,move_stapler_pad,Place,Wrong Target
5da07173163d_move_stapler_pad_demo_clean_seed100000_ep0_step95_20260712_090235,robotwin/train/5da07173163d_move_stapler_pad_demo_clean_seed100000_ep0_step95_20260712_090235.json,633e1852a5e886cf5e2d0e34eb88dd4f41595458cf54299e0708ef3871dd8150,0e52dc9633df7935ad0a8858eab4aaf6e40924720086099dd2f522cd5eced99d,96,96,move_stapler_pad,Place,Wrong Target
51026b1b4cac_move_stapler_pad_demo_clean_seed100018_ep17_step95_20260712_090527,robotwin/train/51026b1b4cac_move_stapler_pad_demo_clean_seed100018_ep17_step95_20260712_090527.json,64d0bec96108207f1c29a7aa216a4e1d22b39350113414ff8bdd804976a08556,a026f1e1cc2f381d856e59676a5d7e5178f9557bf66c06fc2b64119f44bec8a3,96,96,move_stapler_pad,Place,Wrong Target
9d33d6d3eb5b_stack_blocks_three_demo_clean_seed35_ep34_step275_20260708_015205,robotwin/train/9d33d6d3eb5b_stack_blocks_three_demo_clean_seed35_ep34_step275_20260708_015205.json,482c55b2c88fdaf51518a8ff2cb4cfc5a74925b5b1cfcc4669dfeacb5a1af07a,00e003c154f92576cd743b573cb41b980d56b21b8f1c720590b9c06ac8441dc0,276,276,stack_blocks_three,Place,Wrong Target
52b57fb317b0_stack_blocks_three_demo_clean_seed38_ep37_step263_20260706_151237,robotwin/train/52b57fb317b0_stack_blocks_three_demo_clean_seed38_ep37_step263_20260706_151237.json,5627f7c873479acc4d1b9fced30dd9e0ee3d3a1276f1f84237989cfd260234f4,e6a0dbe240c88560861cc9b759e3b23bc978b1b5c5d8557be421ac66c2c1c24a,264,264,stack_blocks_three,Place,Wrong Target
a20f5e30b6a2_stack_blocks_three_demo_clean_seed11_ep11_step109_20260706_113918,robotwin/train/a20f5e30b6a2_stack_blocks_three_demo_clean_seed11_ep11_step109_20260706_113918.json,d49383fde5fead22637cff836b550fe7531f97f9de3b775f931ceb70756e9d01,deb51cad0880ffb771a4c407e0e7e52835437f3cde3569062198268d091a0406,110,110,stack_blocks_three,Place,Wrong Target
7e39f7e012b9_stack_blocks_three_demo_clean_seed18_ep18_step95_20260706_195741,robotwin/train/7e39f7e012b9_stack_blocks_three_demo_clean_seed18_ep18_step95_20260706_195741.json,fbf1e93bb28ed6e4da3da8ba5d2705d5fb320994be386d6213c7c40a80d00f8d,3cac1992ec50419a525efb0ec64116d62b14d122aeb6f44feab359db6023e3ff,96,96,stack_blocks_three,Place,Wrong Target
551cf59d0e79_place_can_basket_demo_clean_seed28_ep22_step125_20260708_153626,robotwin/train/551cf59d0e79_place_can_basket_demo_clean_seed28_ep22_step125_20260708_153626.json,4f2fec2011c8728bc799fb453ad3a30694d18b83a8e508ffc6dda6e09e6c2350,c840654e065ea199ce9c2795df103e70f0f5edb2ead6f9ed504fe2ff8034ad70,126,126,place_can_basket,Place,Wrong Target
c48637588076_place_can_basket_demo_clean_seed43_ep30_step110_20260708_014814,robotwin/train/c48637588076_place_can_basket_demo_clean_seed43_ep30_step110_20260708_014814.json,a48415e7cd68c9b3871ca6336761c91e34befdb4ec284c391285abd3489e5198,dae45a66e38c528d24c017b5b6c07e2af6c1667c6d33b0ef9c770c00dcb2b1ff,111,111,place_can_basket,Place,Wrong Target
f9f9f3dea224_place_can_basket_demo_clean_seed24_ep20_step109_20260706_171936,robotwin/train/f9f9f3dea224_place_can_basket_demo_clean_seed24_ep20_step109_20260706_171936.json,f2500ea7fe0756c6a7c54e3f84c89efede4c21ec30ca838a84cce40531b8cdc5,64eb4ec96bb997abca27cdb008db56c39f75507aa9d0fadc17e6c107c12ffcd0,110,110,place_can_basket,Place,Wrong Target
849d45e2d966_rotate_qrcode_demo_clean_seed100016_ep14_step120_20260711_135848,robotwin/train/849d45e2d966_rotate_qrcode_demo_clean_seed100016_ep14_step120_20260711_135848.json,74ad738f5b0292fa8849430f623b21b0cf078a5537671e169f39f5d659a85adc,074c06c7d7551f2556de6dab6f3aa3ef4b35c25982d8d7607107a3507162b608,121,121,rotate_qrcode,Place,Wrong Target
fe0e1ec20fd8_rotate_qrcode_demo_clean_seed100015_ep13_step140_20260711_135839,robotwin/train/fe0e1ec20fd8_rotate_qrcode_demo_clean_seed100015_ep13_step140_20260711_135839.json,3a6dc5548649354d42dd95880b9b5aa889cb6ae5927c5e14cd7f3a605dc675f1,e09e7d558d5e576ad909a541dcb59be99601701a06e865438aa525b5296b5882,141,141,rotate_qrcode,Place,Wrong Target
b08b5768a935_rotate_qrcode_demo_clean_seed100017_ep16_step130_20260711_120008,robotwin/train/b08b5768a935_rotate_qrcode_demo_clean_seed100017_ep16_step130_20260711_120008.json,3c90080cb9df600a162fbbea1602c0c2df8e525551daeb1796d60bcebebcec39,3f8703e872b8dc1e485badb9acfbfe2d5623b890b4d15a0063d4a2b8e5887651,131,131,rotate_qrcode,Place,Wrong Target
da45a37f88b5_place_dual_shoes_demo_clean_seed100026_ep14_step105_20260710_161613,robotwin/train/da45a37f88b5_place_dual_shoes_demo_clean_seed100026_ep14_step105_20260710_161613.json,b7d700d35c1af8ac290053313dd40aaf096c64f442c4cc2ef0dbda7e16693fdb,20fdb51162468c2a8166fa28ea2817fd3a887c95e18799ded7aaf8f1d68dbae0,106,106,place_dual_shoes,Place,Wrong Target
f6e64f03badf_stack_blocks_two_demo_clean_seed34_ep33_step265_20260706_021125,robotwin/train/f6e64f03badf_stack_blocks_two_demo_clean_seed34_ep33_step265_20260706_021125.json,c400cb84ee4b82eed1e86b18ab8825920cabb5eff11e4cce2e7851eb91af4980,62db900580533e6be9ad5988c0012dc3f399e5fc45749b3500370e9e670151b3,266,266,stack_blocks_two,Place,Wrong Target
533cc8b888ee_stack_blocks_two_demo_clean_seed33_ep32_step265_20260706_015852,robotwin/train/533cc8b888ee_stack_blocks_two_demo_clean_seed33_ep32_step265_20260706_015852.json,baf767aa9f3f5553293b4a49910ec2f796929c9572fe6e257d9e4a483f8c3267,bb0a869396a038ab58a2d4592f1b060bd5d0699fefa20bb454bc589d0d635348,266,266,stack_blocks_two,Place,Wrong Target
dcfc8e134aa6_stack_blocks_two_demo_clean_seed2044_ep44_step299_20260706_020556,robotwin/train/dcfc8e134aa6_stack_blocks_two_demo_clean_seed2044_ep44_step299_20260706_020556.json,5a82ba022fff116a906ff8275589f32c4f429552ffbbaf1d0ec4543463b85e8f,1efd9171d318486e4033981ec48a4228a99d6d1e6fb2770b67976c0c44552c4f,300,300,stack_blocks_two,Place,Wrong Target
3012293f0af0_put_bottles_dustbin_demo_clean_seed100013_ep9_step405_20260711_113406,robotwin/train/3012293f0af0_put_bottles_dustbin_demo_clean_seed100013_ep9_step405_20260711_113406.json,26b052d2ee2311a764d58bd917297ec35c48bdd4425818b2c186c40c56f67273,fe7b256bfef85a784a4090deab000809ec2b1542529165dc0994bc4595bfeee6,406,406,put_bottles_dustbin,Place,Wrong Target
63803f3422c4_put_bottles_dustbin_demo_clean_seed100035_ep23_step580_20260712_122717,robotwin/train/63803f3422c4_put_bottles_dustbin_demo_clean_seed100035_ep23_step580_20260712_122717.json,96bbd16244fef30ccbf2959201914f7352ab714a05abeddb0ac336c7211bb176,a7befd3fb3de2a64158945bf7327a530986b4f1fd8f9d17e57e647c22cdcd754,581,581,put_bottles_dustbin,Place,Wrong Target
45dbb368204a_put_bottles_dustbin_demo_clean_seed100005_ep2_step440_20260712_115321,robotwin/train/45dbb368204a_put_bottles_dustbin_demo_clean_seed100005_ep2_step440_20260712_115321.json,cf8ee9561beecf6d9d4445eab19f61936a98740e96151a94bb5ce415d742ead8,83536a3418e953cfee79337bb39f53490c7a89a95fc74f715864ac071b5717ae,441,441,put_bottles_dustbin,Place,Wrong Target
6d9d8e47f496_place_mouse_pad_demo_clean_seed100012_ep12_step110_20260710_163028,robotwin/train/6d9d8e47f496_place_mouse_pad_demo_clean_seed100012_ep12_step110_20260710_163028.json,b6f6f188fcea06a838ec8e9c6f6746430a7fe73832650b5f0fafcc8fe7eaabf8,0fc0308df32a79c16aae33ac2e83d615e87da5a59dd89d84d527470f009fa376,111,111,place_mouse_pad,Place,Wrong Target
51f96bda08b4_place_mouse_pad_demo_clean_seed100012_ep12_step80_20260712_095058,robotwin/train/51f96bda08b4_place_mouse_pad_demo_clean_seed100012_ep12_step80_20260712_095058.json,8b48a6ec98a48e18b49cdb74a5406ec08c8601dc6d14518fd8ef662d3bce26dd,b5903280c585c40fb2260562bcae696e87e141d3796bb590beecf41462c5acce,81,81,place_mouse_pad,Place,Wrong Target
87ca47c9997f_place_mouse_pad_demo_clean_seed100008_ep8_step120_20260710_162948,robotwin/train/87ca47c9997f_place_mouse_pad_demo_clean_seed100008_ep8_step120_20260710_162948.json,0981acccc08d40b33cdd5a52beb4d4d6ff39f3a64d1bfb0c504b4384b2cf66bf,e21442c47f466c0b207c406424eadc676e4f0dec8fc34b250b66fca98ea1b1d9,121,121,place_mouse_pad,Place,Wrong Target
5863210ad433_place_mouse_pad_demo_clean_seed100005_ep5_step145_20260710_162920,robotwin/train/5863210ad433_place_mouse_pad_demo_clean_seed100005_ep5_step145_20260710_162920.json,db9149ade5255f59c9d274b16ef671a5cbf79baf2fa9ae601cd5308453a29028,6f588b39c548e5206f2d0cf1c8f582ac136dfc2489d561f4beca03fbb3d7479f,146,146,place_mouse_pad,Place,Wrong Target
eceb7e2a2bb8_blocks_ranking_size_demo_clean_seed25_ep21_step475_20260708_192426,robotwin/train/eceb7e2a2bb8_blocks_ranking_size_demo_clean_seed25_ep21_step475_20260708_192426.json,da9fbad23fb1f99238c99dcad0a03c4afbd550a2bc3a06aa512e798ca5f031ec,dba2111119455fd21424012f237acf59aaeee43fd480550481852343789fb4cd,476,476,blocks_ranking_size,Place,Wrong Target
45b63597acc7_blocks_ranking_size_demo_clean_seed49_ep43_step410_20260708_193944,robotwin/train/45b63597acc7_blocks_ranking_size_demo_clean_seed49_ep43_step410_20260708_193944.json,9d2d031ee080954b38faa0b0639533c43032d182ce76347a35440281bc4b247c,03f2b35b0450d7da2edc6f2badbf6abc7f24cedc7c8d06662722e78bad512ca0,411,411,blocks_ranking_size,Place,Wrong Target
86331d95f6bb_blocks_ranking_size_demo_clean_seed39_ep35_step245_20260708_193815,robotwin/train/86331d95f6bb_blocks_ranking_size_demo_clean_seed39_ep35_step245_20260708_193815.json,4eaaa00039142e97ece8b0f2990e4d636497dccaa5adcbf6645e1827844d3b2e,e13cc4d477fc11ff280e03495308be17a4bc32be3db028b130876ce8064ab2aa,246,246,blocks_ranking_size,Place,Wrong Target
a364389225e3_handover_block_demo_clean_seed100024_ep20_step140_20260711_121811,robotwin/train/a364389225e3_handover_block_demo_clean_seed100024_ep20_step140_20260711_121811.json,ca06a512451584e4f77727fad4d20833d52758fe1e90d78128b4b183b0d1f38a,108b76a911a02fc094e676ee6e4d98fc3403f4387d14e012ee9cec4c664b0e45,141,141,handover_block,Place,Wrong Target
2230b78e0413_handover_block_demo_clean_seed100010_ep8_step155_20260709_123754,robotwin/train/2230b78e0413_handover_block_demo_clean_seed100010_ep8_step155_20260709_123754.json,e5d77a5dfdc76365fbf19c6d4552ad3c6112b484f52c209e35f69d7af4ee2f44,f6475f4e3ce02e86cc1dae05d245f4dcf4d3bf8ce3974c000e81722dd27222ce,156,156,handover_block,Place,Wrong Target
5064f26aee49_handover_block_demo_clean_seed100013_ep11_step150_20260711_121640,robotwin/train/5064f26aee49_handover_block_demo_clean_seed100013_ep11_step150_20260711_121640.json,86c2ff18c586637505c76003adf60556e8c01279857bd809ede6521415f10d78,ea0dee5d6b079cb291a91f36524bfa5c55679777a4b3640caefefe8428268956,151,151,handover_block,Place,Wrong Target
09158f022871_place_shoe_demo_clean_seed100024_ep21_step95_20260711_112719,robotwin/train/09158f022871_place_shoe_demo_clean_seed100024_ep21_step95_20260711_112719.json,46767cac7cd3bd3f0cef309b8872d3907092dd8ceb15b998a293d2c85157ee3a,1443d0cd6b75e25bce630c2814cb128a16a3a28b5489e5712fc55327e93477c3,96,96,place_shoe,Place,Wrong Target
8306290a79c3_place_fan_demo_clean_seed100002_ep0_step105_20260710_161842,robotwin/train/8306290a79c3_place_fan_demo_clean_seed100002_ep0_step105_20260710_161842.json,a126009d0c9a735ce9332f4cfb88fc4840f93e64ac59a6a08a8b6335535e4723,ab6767ff49826f0359bbdea0c3beb70550b25895977a0675e3756f1c2c8df8bb,106,106,place_fan,Place,Wrong Target
ba13784455bb_place_fan_demo_clean_seed100020_ep16_step90_20260712_093227,robotwin/train/ba13784455bb_place_fan_demo_clean_seed100020_ep16_step90_20260712_093227.json,f9dabd0796994a990ab5cc96df3b422b226233cbe0cffd100fac597b26bea6b3,eb3d9c00b43a81e291d41e3d29c657c18a06a40be10887733526e2fc4a4f5c15,91,91,place_fan,Place,Wrong Target
adb731d7c7fb_place_fan_demo_clean_seed100013_ep11_step145_20260710_162252,robotwin/train/adb731d7c7fb_place_fan_demo_clean_seed100013_ep11_step145_20260710_162252.json,12c53614fbbdb4b07a1529f238bd156b8fe4366b3ba3ffa0279f5f0a5623ee94,5de8107c24ad71f735e21aa544f5d580aa9e6cb350cf79e8e3e0208d24fd143f,146,146,place_fan,Place,Wrong Target
aa8525e35f80_place_bread_skillet_demo_clean_seed59_ep21_step150_20260708_014100,robotwin/train/aa8525e35f80_place_bread_skillet_demo_clean_seed59_ep21_step150_20260708_014100.json,2efc35b518d92b8a28b54e9fb1aa888b3d1ae51561bd5f9ac99f3a2e33102046,d876d76f290a3953ad009bb5fcc789bc8f13a5482bdcc8e6eb1a67bdb6a17d41,151,151,place_bread_skillet,Place,Wrong Target
69cf79c462e8_stack_bowls_three_demo_clean_seed100004_ep3_step415_20260711_132755,robotwin/train/69cf79c462e8_stack_bowls_three_demo_clean_seed100004_ep3_step415_20260711_132755.json,31eab41f2148cc3b809a2559e917dffae7c59d9ba7a33f5067d39f38d8fbca08,76f4e2d2303ad7143022209cfb887326ce329bc4d64ad12df58dee507c797379,416,416,stack_bowls_three,Place,Wrong Target
5eb7e7e25c94_stack_bowls_three_demo_clean_seed100006_ep4_step270_20260711_130935,robotwin/train/5eb7e7e25c94_stack_bowls_three_demo_clean_seed100006_ep4_step270_20260711_130935.json,a64437db6219b3c78a63c95072e9317a4b4352382d785118fc3300c55645947e,6f559e254c4e996e4c4b65bf8e0f820bf2efc5068ae358340eb308d13b45d7a7,271,271,stack_bowls_three,Place,Wrong Target
11fcda9da023_stack_bowls_three_demo_clean_seed100023_ep11_step395_20260711_132835,robotwin/train/11fcda9da023_stack_bowls_three_demo_clean_seed100023_ep11_step395_20260711_132835.json,13678af83a2842ddd37c942d74d7acaa386812485b6c5d73edce7b133fc3861d,19ef2298e25cdbadedb005453a8a497bb671b54100f1453e4bf6e914535d8a60,396,396,stack_bowls_three,Place,Wrong Target
a59606c00f09_stack_bowls_three_demo_clean_seed100034_ep20_step450_20260711_133050,robotwin/train/a59606c00f09_stack_bowls_three_demo_clean_seed100034_ep20_step450_20260711_133050.json,2a5b75749a14ce6ff33d213c15700146fc700c72180ee2db45b4ac5a97e460c6,17151761532306f71c136cb0a589f692189f9d19af55e112f7f50466911820ac,451,451,stack_bowls_three,Place,Wrong Target
83d5e2c98d33_scan_object_demo_clean_seed100072_ep22_step140_20260711_135111,robotwin/train/83d5e2c98d33_scan_object_demo_clean_seed100072_ep22_step140_20260711_135111.json,cfb68a66c8e4bf0e456de73796faf5805aca29b24fe7345e2826b8ae6695c05b,95e248b8ac0af4b55d7b146ef4b25f2d672c0a9bd3f2a2558f31d913f50ddf83,141,141,scan_object,Place,Wrong Target
ab7b3095db79_scan_object_demo_clean_seed100043_ep9_step145_20260711_134811,robotwin/train/ab7b3095db79_scan_object_demo_clean_seed100043_ep9_step145_20260711_134811.json,f183b5ac442cf1e1baa1987960c82c4ffb062d8474ac80f785f4894c53fb8fc3,790132c8bed6073945bda3ff08b9b589cd690475e815afb0276ad3c7478a8eab,146,146,scan_object,Place,Wrong Target
155643cf7a54_press_stapler_demo_clean_seed100037_ep33_step50_20260708_020224,robotwin/train/155643cf7a54_press_stapler_demo_clean_seed100037_ep33_step50_20260708_020224.json,5bbf649304a7e4bd90b9a9e6bc4624ffc675e5117972149d404de40e240bc097,50061b51987744ae2687f3e6b2e39d826004ea85dc21b1ea8f0d1da52924085e,51,51,press_stapler,Place,Wrong Target
159b21178431_press_stapler_demo_clean_seed8_ep7_step100_20260708_020342,robotwin/train/159b21178431_press_stapler_demo_clean_seed8_ep7_step100_20260708_020342.json,37b806e8e4aa89075cc73067d30f272a084618213ca3195c4135da6f662e35b5,0a9ab1b8c3bb313661bacb2585d6e4dc57a22b971685d0b188cc82a6f3585e57,101,101,press_stapler,Place,Wrong Target
34dae1481620_stack_bowls_two_demo_clean_seed38_ep29_step230_20260708_020410,robotwin/train/34dae1481620_stack_bowls_two_demo_clean_seed38_ep29_step230_20260708_020410.json,264e1209c66b7ad1e7799dcdeadc46895d65c3ec9e63691f0626296ef8c1ca88,a083a212280eaf9f650ec3044684a707bdb7249fde66cc3b8c7e973274ee1c70,231,231,stack_bowls_two,Place,Wrong Target
e1c4e49b9b93_handover_mic_demo_clean_seed100030_ep20_step165_20260712_084203,robotwin/train/e1c4e49b9b93_handover_mic_demo_clean_seed100030_ep20_step165_20260712_084203.json,c4497106cc03882a5acfd199c76e376a4cb33ba044bf9e8555e789b148814740,48026fcb4f3ad5f8b2722b9b828179e62018b7bcd1d0c188175ac076eba694a4,166,166,handover_mic,Place,Wrong Target
a8382202e18c_handover_mic_demo_clean_seed100031_ep21_step160_20260712_084212,robotwin/train/a8382202e18c_handover_mic_demo_clean_seed100031_ep21_step160_20260712_084212.json,7df00ef61bdee4fb4c2d3286aef4b94b20c077cc777a0844dddcbbfbf5f0739c,8a63a5aa926208de8633ec6ddfaa0d1b79fc669104cb36bd5d2bbadf2dab19d4,161,161,handover_mic,Place,Wrong Target
ca24c8317af6_handover_mic_demo_clean_seed100030_ep22_step170_20260709_135304,robotwin/train/ca24c8317af6_handover_mic_demo_clean_seed100030_ep22_step170_20260709_135304.json,3c240a6ad9e682c094caa1eaa709c96ec7649fe10ec1fe0522a3508389619a0c,7c3dfdcddd48d1b5ea4868be850b10f7edbba8d15360e583a9ca340c989930b1,171,171,handover_mic,Place,Wrong Target
97bf2999b07b_handover_mic_demo_clean_seed100012_ep10_step145_20260712_084048,robotwin/train/97bf2999b07b_handover_mic_demo_clean_seed100012_ep10_step145_20260712_084048.json,86217f7bdcb04773cc80cb3619650f34c997b1c19ad464a3b8413c5a45abeacb,3979755d23c6962a69c11140717ee9a991a5a3bdd7c5719d6c2c6c7c8984dc84,146,146,handover_mic,Place,Wrong Target
dfecaa4c2a63_handover_mic_demo_clean_seed100034_ep23_step140_20260712_084232,robotwin/train/dfecaa4c2a63_handover_mic_demo_clean_seed100034_ep23_step140_20260712_084232.json,1d83037f31a43e0ad87526b37439aecfe6973647444cfe7195444b591934af7c,40d5811ec873323d7fa770988205071094bffc21ef6cf226a7d429b0aec0ee66,141,141,handover_mic,Place,Wrong Target
0c400aa9ce67_handover_mic_demo_clean_seed100015_ep14_step150_20260709_135123,robotwin/train/0c400aa9ce67_handover_mic_demo_clean_seed100015_ep14_step150_20260709_135123.json,c3f3cd375253a557f1857a12cd0c14586dd5ea4113374c6f87fdc7d7b23d2761,d6b5c8bcf30962629af79f1de87224e55030e45bfba65b455d871d9fdabefa72,151,151,handover_mic,Place,Wrong Target
2dc224a72f65_handover_mic_demo_clean_seed100009_ep7_step150_20260712_084037,robotwin/train/2dc224a72f65_handover_mic_demo_clean_seed100009_ep7_step150_20260712_084037.json,2f65e2ba0cca94edd053f600e583f143e132502d3543421abad3a6ce778b75c5,8da4a68c3c3a6c5301261b1888a37d882a3d193cdfa0edf134073a8ec90f5181,151,151,handover_mic,Place,Wrong Target
63b844d07e3c_handover_mic_demo_clean_seed100004_ep3_step150_20260709_134545,robotwin/train/63b844d07e3c_handover_mic_demo_clean_seed100004_ep3_step150_20260709_134545.json,4b49cabece03329866c478abc1608bbd646ea8f4aca6d31d688a246bf1c02824,97856cc7db7ce4bbf6e76349eb0f1d7771800cabcfee8e7e8d2ca2413b01142a,151,151,handover_mic,Place,Wrong Target
4914662b8878_handover_mic_demo_clean_seed100018_ep15_step160_20260712_084145,robotwin/train/4914662b8878_handover_mic_demo_clean_seed100018_ep15_step160_20260712_084145.json,006b975693594ecf282bfe973bb783515f6a5d3204aadba9df0f9bc78d2cf0ee,9caf185d4ce4be1b36a78625e9fdf0d7c7e38d04a4085bf74aa53bda71d1906b,161,161,handover_mic,Place,Wrong Target
a78a7ae0214c_handover_mic_demo_clean_seed100008_ep7_step150_20260709_134641,robotwin/train/a78a7ae0214c_handover_mic_demo_clean_seed100008_ep7_step150_20260709_134641.json,91aedfd2c816abcf294258dd256ea01a1746f512a8f08a60e3004f9994d7897e,99f6fe1d7c69aad3b9f08c617a432fcbafb59e1d99bd3bc0c9a3d26bd82bd767,151,151,handover_mic,Place,Wrong Target
8268147c856a_handover_mic_demo_clean_seed100008_ep6_step150_20260712_084027,robotwin/train/8268147c856a_handover_mic_demo_clean_seed100008_ep6_step150_20260712_084027.json,9f97ea6ffd04d5c2a0c145748e291c5e91314b369b77526ebef23c725993d966,96dcec5815ed2298ffeb026911dd94bfd77da6175452521a32cd43626b734c7d,151,151,handover_mic,Place,Wrong Target
1c3ecf39fe81_handover_mic_demo_clean_seed100005_ep4_step155_20260709_134554,robotwin/train/1c3ecf39fe81_handover_mic_demo_clean_seed100005_ep4_step155_20260709_134554.json,d87181dda53a6b82f326ec6697c641a27ef6f35ad178bff4aa9824c715de1128,9de5ce4fa15a81b85455d8d52c74e1ad30dfa4c8cdcacb4c508ed3f8f24f67d3,156,156,handover_mic,Place,Wrong Target
16617a85fd72_handover_mic_demo_clean_seed100035_ep24_step155_20260712_084241,robotwin/train/16617a85fd72_handover_mic_demo_clean_seed100035_ep24_step155_20260712_084241.json,60b9d82c999e08c034fc8525c2e3183bbef17167b9dc4fb7482ae54c0cf2c1d8,95cd647f0181b53b49e1cb28b93fdc3db73c5b5436878a0f8f3b1479d0689fdc,156,156,handover_mic,Place,Wrong Target
a33d9311e50f_handover_mic_demo_clean_seed100031_ep23_step155_20260709_135926,robotwin/train/a33d9311e50f_handover_mic_demo_clean_seed100031_ep23_step155_20260709_135926.json,5dbe51f42bd1b7d62e34923f51f2b7b973a96bb1fd7cb084c4c73885ef555ded,eab623468bba36cc5a8bc47579e9e373c8fb70683df303905b79079f47bfdd0b,156,156,handover_mic,Place,Wrong Target
4010acbebda2_handover_mic_demo_clean_seed100012_ep11_step140_20260709_134806,robotwin/train/4010acbebda2_handover_mic_demo_clean_seed100012_ep11_step140_20260709_134806.json,d4b70da27384f4e246b37263ed28a495a98bd08334bac0202b38afd69974bc46,4250ab31de479351f4444cf378723fe766b5bd68ee3fc800880d9c8a604deb78,141,141,handover_mic,Place,Wrong Target
4cc97ac8a560_place_a2b_left_demo_clean_seed2013_ep10_step110_20260708_013548,robotwin/train/4cc97ac8a560_place_a2b_left_demo_clean_seed2013_ep10_step110_20260708_013548.json,6b6b3bc668a098cc8e7ef265b350cce1fb301496cff784e33af1887390adeffc,29ff4e00e6e02825c8217fb6eca8de25a1327d5cd5115cb782f09140549ffc27,111,111,place_a2b_left,Place,Wrong Target
232712593211_place_a2b_left_demo_clean_seed100003_ep3_step100_20260630_163433,robotwin/train/232712593211_place_a2b_left_demo_clean_seed100003_ep3_step100_20260630_163433.json,cae917d59be092e38350f6ec3f90eb8d84a9ff57cd2bc69d0917d54a39ff2285,d34b82a45cea4e8ed27b369202a8643a8f09092c93368edb9029519e6269d8c5,101,101,place_a2b_left,Place,Wrong Target
edb2650f2550_place_phone_stand_demo_clean_seed11_ep8_step105_20260708_015708,robotwin/train/edb2650f2550_place_phone_stand_demo_clean_seed11_ep8_step105_20260708_015708.json,89e58d40571d08d29e955c33946d57bc383498126c86b374ca6123efb9791e15,8f2da0f56358e3ea3a0c1a358a4f163120711e115b8e2432097113c577bf69a8,106,106,place_phone_stand,Place,Wrong Target
a6ccb7fb6bb8_place_phone_stand_demo_clean_seed100043_ep28_step110_20260708_014526,robotwin/train/a6ccb7fb6bb8_place_phone_stand_demo_clean_seed100043_ep28_step110_20260708_014526.json,6a000a2e611c911ddd0ff896968ebbd8d24f1f7bd8a1cf1a8dd3527588b4ed80,9b9fcf2ba0f0a38811d2b4b494df93153bf0e86a9c5a7bb513fe51f80c871b2f,111,111,place_phone_stand,Place,Wrong Target
8e1642e93c88_place_object_basket_demo_clean_seed68_ep45_step140_20260708_025221,robotwin/train/8e1642e93c88_place_object_basket_demo_clean_seed68_ep45_step140_20260708_025221.json,507f6acadc0d083f569a596e175adc4bb62b03453e08f0db2163f8fb0fb86942,591a8bd185c775a211a14e4d2ffd5b7ba505f6a358ece4689e3703bbd78517a8,141,141,place_object_basket,Place,Wrong Target
2b8fd597baf9_stamp_seal_demo_clean_seed100033_ep22_step110_20260711_130701,robotwin/train/2b8fd597baf9_stamp_seal_demo_clean_seed100033_ep22_step110_20260711_130701.json,7b31d060e823c13af31dc2d9c9f97999f9aa78c29e9b0ba448cff0e4020afe69,f5d68eaeee3e2caf70802021d45a4ec8ea651ce55dcb1ca40923c34e4d544f8b,111,111,stamp_seal,Place,Wrong Target
9d9c8acc7d65_place_object_basket_demo_clean_seed100074_ep44_step120_20260708_025113,robotwin/train/9d9c8acc7d65_place_object_basket_demo_clean_seed100074_ep44_step120_20260708_025113.json,eb9416e769be11607373ebb983d3d82b2297d2101bf1fb9cec589c388cd53952,787dae6b7d23e350d20306627b4fed5d5aa550a3ca96656742568ce22a13b02c,121,121,place_object_basket,Place,Scene Change
32e1ee2c4870_place_object_basket_demo_clean_seed100074_ep44_step122_20260706_170442,robotwin/train/32e1ee2c4870_place_object_basket_demo_clean_seed100074_ep44_step122_20260706_170442.json,9b0001a7479babf264d236784cad8547d5ad823a0a1c74c38fcfb03528e30f0a,1006cce4d8f9b5086f59a6acb7d4810c3b02668dee9cdfbdcbe809efec6c056c,123,123,place_object_basket,Place,Scene Change
2e44326c2b91_place_object_stand_demo_clean_seed2027_ep26_step90_20260708_024020,robotwin/train/2e44326c2b91_place_object_stand_demo_clean_seed2027_ep26_step90_20260708_024020.json,e1b23226e3f82b9c9088f4b70e163a83c1ae42c8c9624d701fb4cdd67e32d5c9,21e1ba2d252a3f3d34a58a7587770f082f648a14d3e5b67aa7275ccee69ab1c9,91,91,place_object_stand,Place,Scene Change
b1a34ca3086c_place_object_stand_demo_clean_seed2027_ep26_step93_20260706_174357,robotwin/train/b1a34ca3086c_place_object_stand_demo_clean_seed2027_ep26_step93_20260706_174357.json,bc30ddc1025e22e48b88f9b0ed6c3f2201ac77dc609ddb066ef8ea5075353ed3,9be9df749ad5b6cca59a9c8add8e2f60b8c6d2e10468571805c162085f639eb4,94,94,place_object_stand,Place,Scene Change
50ee662c4a55_stack_bowls_two_demo_clean_seed2045_ep32_step183_20260706_013012,robotwin/train/50ee662c4a55_stack_bowls_two_demo_clean_seed2045_ep32_step183_20260706_013012.json,c31ca1cfe0c1601143e9ca58295e590acbcc0aa2c7e93dd43439af6f24d38d35,e99f2402bb6799affdeac092057330df17d96eea41e8f465e0affc1b584b1bdf,184,184,stack_bowls_two,Place,Scene Change
f85196b225d2_blocks_ranking_rgb_demo_clean_seed48_ep48_step404_20260706_165721,robotwin/train/f85196b225d2_blocks_ranking_rgb_demo_clean_seed48_ep48_step404_20260706_165721.json,7cf91c9c0926b9ba920077a21ef146542a04ea1e125bbc9cad3f6c3514e69c13,1d8e7d7f06a507e951ca6981f2aca98dd6e714f46033cb9237dfc581bba7c4a8,405,405,blocks_ranking_rgb,Approach,Scene Change
7b20b09c46e1_blocks_ranking_rgb_demo_clean_seed100023_ep23_step441_20260703_181808,robotwin/train/7b20b09c46e1_blocks_ranking_rgb_demo_clean_seed100023_ep23_step441_20260703_181808.json,9da6be10173b9250d6cae03182301755942ecd0175022087ae7c67c90a2b76ae,919fe5e3286cd775376d241393f065852a0ecea19aa6bea23a0c0a4538f26af2,442,442,blocks_ranking_rgb,Approach,Scene Change
7ebf99c24e7a_blocks_ranking_rgb_demo_clean_seed15_ep15_step444_20260706_003811,robotwin/train/7ebf99c24e7a_blocks_ranking_rgb_demo_clean_seed15_ep15_step444_20260706_003811.json,61a4bf57a51a03acd441476c49a9f8a95883fb39955747b90eb77d11c0e7325d,e3d997bab1d25cf5e468147a52ba3601f5ce0efa21dd50b89c22119d55fa0709,445,445,blocks_ranking_rgb,Approach,Scene Change
829239e07dfe_blocks_ranking_rgb_demo_clean_seed100041_ep41_step291_20260703_182004,robotwin/train/829239e07dfe_blocks_ranking_rgb_demo_clean_seed100041_ep41_step291_20260703_182004.json,924ab0d232ea9c9ac891894d6a3735a87c2228854374607ce2d8021a11acbd14,b60083797dba23fee3095a836797473b3c9042a2615503303524076776d99794,292,292,blocks_ranking_rgb,Approach,Scene Change
4c2409237bcb_blocks_ranking_rgb_demo_clean_seed12_ep12_step398_20260706_002008,robotwin/train/4c2409237bcb_blocks_ranking_rgb_demo_clean_seed12_ep12_step398_20260706_002008.json,f918b8e093e2362e2b71a79ff883970195a9c7834aafb14984deb0ae9dc88d8f,ccbe8a1c8aa315c1c8a2d73beded5be53ff931a823ae5e8f22fc3afe55def899,399,399,blocks_ranking_rgb,Approach,Scene Change
ebbd8908b5be_blocks_ranking_rgb_demo_clean_seed48_ep48_step410_20260708_171341,robotwin/train/ebbd8908b5be_blocks_ranking_rgb_demo_clean_seed48_ep48_step410_20260708_171341.json,e336aa6765cfa0d9655b104e716d99c7a7328f648166fd49aedac0fdff5ac8dd,e5c10c1e314d956568d54f9437e4a5dda09abd9b6659eef8ab6889f8abbaecc9,411,411,blocks_ranking_rgb,Approach,Scene Change
33ac4fc9fb74_blocks_ranking_rgb_demo_clean_seed18_ep18_step401_20260706_003910,robotwin/train/33ac4fc9fb74_blocks_ranking_rgb_demo_clean_seed18_ep18_step401_20260706_003910.json,731568a408df2bd6d37a2797245a0deac0844344d24bdd6e3c34d82b6ac2c1f5,ac2cddabc489571e25eb2f5da2e1091ff5f021f5309d13277fb671fd4566e7a6,402,402,blocks_ranking_rgb,Approach,Scene Change
965ff69be0da_blocks_ranking_size_demo_clean_seed37_ep33_step260_20260708_193759,robotwin/train/965ff69be0da_blocks_ranking_size_demo_clean_seed37_ep33_step260_20260708_193759.json,0afb91a26b784f846276298fad02502d7e26a226bb3d7394dfbee3fc5f7d9776,615c798e3aaa2676cbca09d317d15bee45f67bc29da51d8d66983daff8ca818e,261,261,blocks_ranking_size,Approach,Scene Change
89d454147ab7_blocks_ranking_size_demo_clean_seed34_ep30_step225_20260707_182128,robotwin/train/89d454147ab7_blocks_ranking_size_demo_clean_seed34_ep30_step225_20260707_182128.json,bd802d7f611c27e64d4e47d6bf43ff7cb094daf08537992df8f0970bc5b5e3aa,ce29f838fd150b793fc7cd35c15fea9c4da45d3f5f84167441da0b01386bcc5e,226,226,blocks_ranking_size,Approach,Scene Change
ea0e53438965_blocks_ranking_size_demo_clean_seed100049_ep44_step215_20260706_204225,robotwin/train/ea0e53438965_blocks_ranking_size_demo_clean_seed100049_ep44_step215_20260706_204225.json,1595967076cbc0cf87905927272665eeaa75945079965aec8d5e73f1a27c1eae,f40f52eaf99f0e7caf93456dfe2b2e34b62d1ce0abf57478b56fdedba6bdf0a5,216,216,blocks_ranking_size,Approach,Scene Change
3de63128544f_blocks_ranking_size_demo_clean_seed16_ep13_step258_20260706_173316,robotwin/train/3de63128544f_blocks_ranking_size_demo_clean_seed16_ep13_step258_20260706_173316.json,85282db91ee82b309c9bb86d1013246233ff8e5907ea5a6b52f2d57b5ded229b,a03cab20dab12126e41f031ed24e3a435cdbea269273b063d97735d83c906903,259,259,blocks_ranking_size,Approach,Scene Change
f6f21dc81268_put_bottles_dustbin_demo_clean_seed100031_ep19_step205_20260711_114108,robotwin/train/f6f21dc81268_put_bottles_dustbin_demo_clean_seed100031_ep19_step205_20260711_114108.json,f0a13225356430cc78e0f155923353a61bc8bfc621ce33850d696b56d4cdb3a6,04e65a6ee1656eb4832a616ca5c7c7d97220c694b9f827fa192bad93f810860f,206,206,put_bottles_dustbin,Approach,Scene Change
e4dde75d7ff7_put_bottles_dustbin_demo_clean_seed100028_ep17_step65_20260711_113752,robotwin/train/e4dde75d7ff7_put_bottles_dustbin_demo_clean_seed100028_ep17_step65_20260711_113752.json,190da217410c2285488e79f9ed3cc6de93e95d82939ab923e6f88252bff52adb,c16c39d59194fb4e9017e486b656d3adafd689b82875a6a67ece12d3bcd3058a,66,66,put_bottles_dustbin,Approach,Scene Change
f0d262ca9f7f_put_bottles_dustbin_demo_clean_seed100005_ep3_step130_20260711_112855,robotwin/train/f0d262ca9f7f_put_bottles_dustbin_demo_clean_seed100005_ep3_step130_20260711_112855.json,7e0bf948c53d5ed884cc0661d30e18c5dcd772a130ba98ae3ea8efbc6cd1abd0,cced11d770e796dd3bb6ba0b925ec75c353f21f221137f9568434f599bd0cb04,131,131,put_bottles_dustbin,Approach,Scene Change
9446cf9e65ee_place_bread_basket_demo_clean_seed30_ep30_step404_20260706_210049,robotwin/train/9446cf9e65ee_place_bread_basket_demo_clean_seed30_ep30_step404_20260706_210049.json,a7f547a74e7b96c2c5dd1b9d414c676d2a564405b445e0e9d24273ce39c0bdb8,d798946c5823494decb4b9e3a35eaa016db601e4b4758a796149ecb21e36749d,405,405,place_bread_basket,Approach,Scene Change
f32537033243_stack_blocks_three_demo_clean_seed44_ep43_step525_20260706_151742,robotwin/train/f32537033243_stack_blocks_three_demo_clean_seed44_ep43_step525_20260706_151742.json,be3d140521eae2caff399b52edce01df0879364a77c5837ef6330ac8407f763e,cbd1239f89fb86658cb8e2ca105c820e134bc5212667e496b8a040124850756f,526,526,stack_blocks_three,Approach,Scene Change
a8db3d370576_place_object_basket_demo_clean_seed3_ep2_step105_20260706_172852,robotwin/train/a8db3d370576_place_object_basket_demo_clean_seed3_ep2_step105_20260706_172852.json,c8b2594618ba8869daf4ef74a86d6dfe78bbddab5f72c00e63c0429ea1121959,37cf5fa52435440be5f7c1fc2fe78370a8a55db1f70aa3246f4ed55065bdfdee,106,106,place_object_basket,Approach,Scene Change
4f87891c688a_move_can_pot_demo_clean_seed2047_ep43_step100_20260706_204430,robotwin/train/4f87891c688a_move_can_pot_demo_clean_seed2047_ep43_step100_20260706_204430.json,719b93fea67342e1721442d35c4e6f511ad34f9bfe028fa29f76e30721d143a6,587a39e3611892331269f2909ce77ca8dfb88c2c2cfa372b2fe7bce8b883b0aa,101,101,move_can_pot,Approach,Scene Change
fd1380d92fb6_stack_bowls_three_demo_clean_seed100027_ep15_step80_20260711_132327,robotwin/train/fd1380d92fb6_stack_bowls_three_demo_clean_seed100027_ep15_step80_20260711_132327.json,eea9a6bb5ab68b7c60f5abd96a4c78712fd55e350389a395c90470e105ed562c,c250b623689068345d219c15acfa46ba2c4316880b1a872a33bd21e6d9ce3b2c,81,81,stack_bowls_three,Approach,Scene Change
